[17jul.2025 17:30:40.715] [main/INFO] [cpw.mods.modlauncher.Launcher/MODLAUNCHER]: ModLauncher running: args [--launchTarget, forgeclientuserdev, --version, MOD_DEV, --assetIndex, 5, --assetsDir, C:\Users\marma\.gradle\caches\forge_gradle\assets, --gameDir, ., --fml.forgeVersion, 47.3.0, --fml.mcVersion, 1.20.1, --fml.forgeGroup, net.minecraftforge, --fml.mcpVersion, 20230612.114412]
[17jul.2025 17:30:40.724] [main/INFO] [cpw.mods.modlauncher.Launcher/MODLAUNCHER]: ModLauncher 10.0.9+10.0.9+main.dcd20f30 starting: java version 17.0.15 by Eclipse Adoptium; OS Windows 11 arch amd64 version 10.0
[17jul.2025 17:30:40.770] [main/DEBUG] [cpw.mods.modlauncher.LaunchServiceHandler/MODLAUNCHER]: Found launch services [fmlclientdev,forgeclient,minecraft,forgegametestserverdev,fmlserveruserdev,fmlclient,fmldatauserdev,forgeserverdev,forgeserveruserdev,forgeclientdev,forgeclientuserdev,forgeserver,forgedatadev,fmlserver,fmlclientuserdev,fmlserverdev,forgedatauserdev,testharness,forgegametestserveruserdev]
[17jul.2025 17:30:40.791] [main/DEBUG] [cpw.mods.modlauncher.NameMappingServiceHandler/MODLAUNCHER]: Found naming services : [srgtomcp]
[17jul.2025 17:30:40.816] [main/DEBUG] [cpw.mods.modlauncher.LaunchPluginHandler/MODLAUNCHER]: Found launch plugins: [mixin,eventbus,slf4jfixer,object_holder_definalize,runtime_enum_extender,capability_token_subclass,accesstransformer,runtimedistcleaner]
[17jul.2025 17:30:40.836] [main/DEBUG] [cpw.mods.modlauncher.TransformationServicesHandler/MODLAUNCHER]: Discovering transformation services
[17jul.2025 17:30:40.846] [main/DEBUG] [net.minecraftforge.fml.loading.FMLPaths/CORE]: Path GAMEDIR is D:\Repositorios GitHub\Enhanced_Playtrough_Mod\Enhanched_Minecraft_Mod\run
[17jul.2025 17:30:40.847] [main/DEBUG] [net.minecraftforge.fml.loading.FMLPaths/CORE]: Path MODSDIR is D:\Repositorios GitHub\Enhanced_Playtrough_Mod\Enhanched_Minecraft_Mod\run\mods
[17jul.2025 17:30:40.848] [main/DEBUG] [net.minecraftforge.fml.loading.FMLPaths/CORE]: Path CONFIGDIR is D:\Repositorios GitHub\Enhanced_Playtrough_Mod\Enhanched_Minecraft_Mod\run\config
[17jul.2025 17:30:40.849] [main/DEBUG] [net.minecraftforge.fml.loading.FMLPaths/CORE]: Path FMLCONFIG is D:\Repositorios GitHub\Enhanced_Playtrough_Mod\Enhanched_Minecraft_Mod\run\config\fml.toml
[17jul.2025 17:30:40.919] [main/DEBUG] [cpw.mods.modlauncher.TransformationServicesHandler/MODLAUNCHER]: Found additional transformation services from discovery services: 
[17jul.2025 17:30:40.928] [main/INFO] [net.minecraftforge.fml.loading.ImmediateWindowHandler/]: Loading ImmediateWindowProvider fmlearlywindow
[17jul.2025 17:30:41.069] [main/INFO] [EARLYDISPLAY/]: Trying GL version 4.6
[17jul.2025 17:30:41.357] [main/INFO] [EARLYDISPLAY/]: Requested GL version 4.6 got version 4.6
[17jul.2025 17:30:41.514] [main/DEBUG] [cpw.mods.modlauncher.TransformationServicesHandler/MODLAUNCHER]: Found transformer services : [mixin,fml]
[17jul.2025 17:30:41.515] [main/DEBUG] [cpw.mods.modlauncher.TransformationServicesHandler/MODLAUNCHER]: Transformation services loading
[17jul.2025 17:30:41.517] [main/DEBUG] [cpw.mods.modlauncher.TransformationServiceDecorator/MODLAUNCHER]: Loading service mixin
[17jul.2025 17:30:41.518] [main/DEBUG] [cpw.mods.modlauncher.TransformationServiceDecorator/MODLAUNCHER]: Loaded service mixin
[17jul.2025 17:30:41.518] [main/DEBUG] [cpw.mods.modlauncher.TransformationServiceDecorator/MODLAUNCHER]: Loading service fml
[17jul.2025 17:30:41.521] [main/DEBUG] [net.minecraftforge.fml.loading.LauncherVersion/CORE]: Found FMLLauncher version 1.0
[17jul.2025 17:30:41.521] [main/DEBUG] [net.minecraftforge.fml.loading.FMLLoader/CORE]: FML 1.0 loading
[17jul.2025 17:30:41.522] [main/DEBUG] [net.minecraftforge.fml.loading.FMLLoader/CORE]: FML found ModLauncher version : 10.0.9+10.0.9+main.dcd20f30
[17jul.2025 17:30:41.523] [main/DEBUG] [net.minecraftforge.fml.loading.FMLLoader/CORE]: FML found AccessTransformer version : 8.0.4+66+master.c09db6d7
[17jul.2025 17:30:41.524] [main/DEBUG] [net.minecraftforge.fml.loading.FMLLoader/CORE]: FML found EventBus version : 6.0.5+6.0.5+master.eb8e549b
[17jul.2025 17:30:41.525] [main/DEBUG] [net.minecraftforge.fml.loading.FMLLoader/CORE]: Found Runtime Dist Cleaner
[17jul.2025 17:30:41.528] [main/DEBUG] [net.minecraftforge.fml.loading.FMLLoader/CORE]: FML found CoreMod version : 5.1.6
[17jul.2025 17:30:41.529] [main/DEBUG] [net.minecraftforge.fml.loading.FMLLoader/CORE]: Found ForgeSPI package implementation version 7.0.1+7.0.1+master.d2b38bf6
[17jul.2025 17:30:41.529] [main/DEBUG] [net.minecraftforge.fml.loading.FMLLoader/CORE]: Found ForgeSPI package specification 5
[17jul.2025 17:30:41.530] [main/DEBUG] [cpw.mods.modlauncher.TransformationServiceDecorator/MODLAUNCHER]: Loaded service fml
[17jul.2025 17:30:41.539] [main/DEBUG] [cpw.mods.modlauncher.TransformationServicesHandler/MODLAUNCHER]: Configuring option handling for services
[17jul.2025 17:30:41.563] [main/DEBUG] [cpw.mods.modlauncher.TransformationServicesHandler/MODLAUNCHER]: Transformation services initializing
[17jul.2025 17:30:41.564] [main/DEBUG] [cpw.mods.modlauncher.TransformationServiceDecorator/MODLAUNCHER]: Initializing transformation service mixin
[17jul.2025 17:30:41.610] [main/DEBUG] [mixin/]: MixinService [ModLauncher] was successfully booted in cpw.mods.cl.ModuleClassLoader@703580bf
[17jul.2025 17:30:41.663] [main/INFO] [mixin/]: SpongePowered MIXIN Subsystem Version=0.8.5 Source=union:/C:/Users/marma/.gradle/caches/modules-2/files-2.1/org.spongepowered/mixin/0.8.5/9d1c0c3a304ae6697ecd477218fa61b850bf57fc/mixin-0.8.5.jar%23128!/ Service=ModLauncher Env=CLIENT
[17jul.2025 17:30:41.671] [main/DEBUG] [mixin/]: Initialising Mixin Platform Manager
[17jul.2025 17:30:41.672] [main/DEBUG] [mixin/]: Adding mixin platform agents for container ModLauncher Root Container(ModLauncher:4f56a0a2)
[17jul.2025 17:30:41.673] [main/DEBUG] [mixin/]: Instancing new MixinPlatformAgentMinecraftForge for ModLauncher Root Container(ModLauncher:4f56a0a2)
[17jul.2025 17:30:41.675] [main/DEBUG] [mixin/]: MixinPlatformAgentMinecraftForge rejected container ModLauncher Root Container(ModLauncher:4f56a0a2)
[17jul.2025 17:30:41.677] [main/DEBUG] [mixin/]: Instancing new MixinPlatformAgentDefault for ModLauncher Root Container(ModLauncher:4f56a0a2)
[17jul.2025 17:30:41.677] [main/DEBUG] [mixin/]: MixinPlatformAgentDefault accepted container ModLauncher Root Container(ModLauncher:4f56a0a2)
[17jul.2025 17:30:41.687] [main/DEBUG] [cpw.mods.modlauncher.TransformationServiceDecorator/MODLAUNCHER]: Initialized transformation service mixin
[17jul.2025 17:30:41.689] [main/DEBUG] [cpw.mods.modlauncher.TransformationServiceDecorator/MODLAUNCHER]: Initializing transformation service fml
[17jul.2025 17:30:41.690] [main/DEBUG] [net.minecraftforge.fml.loading.FMLServiceProvider/CORE]: Setting up basic FML game directories
[17jul.2025 17:30:41.691] [main/DEBUG] [net.minecraftforge.fml.loading.FMLPaths/CORE]: Path GAMEDIR is D:\Repositorios GitHub\Enhanced_Playtrough_Mod\Enhanched_Minecraft_Mod\run
[17jul.2025 17:30:41.692] [main/DEBUG] [net.minecraftforge.fml.loading.FMLPaths/CORE]: Path MODSDIR is D:\Repositorios GitHub\Enhanced_Playtrough_Mod\Enhanched_Minecraft_Mod\run\mods
[17jul.2025 17:30:41.693] [main/DEBUG] [net.minecraftforge.fml.loading.FMLPaths/CORE]: Path CONFIGDIR is D:\Repositorios GitHub\Enhanced_Playtrough_Mod\Enhanched_Minecraft_Mod\run\config
[17jul.2025 17:30:41.694] [main/DEBUG] [net.minecraftforge.fml.loading.FMLPaths/CORE]: Path FMLCONFIG is D:\Repositorios GitHub\Enhanced_Playtrough_Mod\Enhanched_Minecraft_Mod\run\config\fml.toml
[17jul.2025 17:30:41.694] [main/DEBUG] [net.minecraftforge.fml.loading.FMLServiceProvider/CORE]: Loading configuration
[17jul.2025 17:30:41.738] [main/DEBUG] [net.minecraftforge.fml.loading.FMLServiceProvider/CORE]: Preparing ModFile
[17jul.2025 17:30:41.746] [main/DEBUG] [net.minecraftforge.fml.loading.FMLServiceProvider/CORE]: Preparing launch handler
[17jul.2025 17:30:41.747] [main/DEBUG] [net.minecraftforge.fml.loading.FMLLoader/CORE]: Using forgeclientuserdev as launch service
[17jul.2025 17:30:41.763] [pool-2-thread-1/INFO] [EARLYDISPLAY/]: GL info: AMD Radeon(TM) Vega 3 Graphics GL version 4.6.0 Core Profile Context 25.5.1.250226, ATI Technologies Inc.
[17jul.2025 17:30:41.784] [main/DEBUG] [net.minecraftforge.fml.loading.FMLLoader/CORE]: Received command line version data  : VersionInfo[forgeVersion=47.3.0, mcVersion=1.20.1, mcpVersion=20230612.114412, forgeGroup=net.minecraftforge]
[17jul.2025 17:30:41.786] [main/DEBUG] [cpw.mods.modlauncher.TransformationServiceDecorator/MODLAUNCHER]: Initialized transformation service fml
[17jul.2025 17:30:41.787] [main/DEBUG] [cpw.mods.modlauncher.NameMappingServiceHandler/MODLAUNCHER]: Current naming domain is 'mcp'
[17jul.2025 17:30:41.789] [main/DEBUG] [cpw.mods.modlauncher.NameMappingServiceHandler/MODLAUNCHER]: Identified name mapping providers {srg=srgtomcp:1234}
[17jul.2025 17:30:41.790] [main/DEBUG] [cpw.mods.modlauncher.TransformationServicesHandler/MODLAUNCHER]: Transformation services begin scanning
[17jul.2025 17:30:41.791] [main/DEBUG] [cpw.mods.modlauncher.TransformationServiceDecorator/MODLAUNCHER]: Beginning scan trigger - transformation service mixin
[17jul.2025 17:30:41.792] [main/DEBUG] [cpw.mods.modlauncher.TransformationServiceDecorator/MODLAUNCHER]: End scan trigger - transformation service mixin
[17jul.2025 17:30:41.793] [main/DEBUG] [cpw.mods.modlauncher.TransformationServiceDecorator/MODLAUNCHER]: Beginning scan trigger - transformation service fml
[17jul.2025 17:30:41.793] [main/DEBUG] [net.minecraftforge.fml.loading.FMLServiceProvider/CORE]: Initiating mod scan
[17jul.2025 17:30:41.815] [main/DEBUG] [net.minecraftforge.fml.loading.moddiscovery.ModListHandler/CORE]: Found mod coordinates from lists: []
[17jul.2025 17:30:41.823] [main/DEBUG] [net.minecraftforge.fml.loading.moddiscovery.ModDiscoverer/CORE]: Found Mod Locators : (mods folder:null),(maven libs:null),(exploded directory:null),(minecraft:null),(userdev classpath:null)
[17jul.2025 17:30:41.824] [main/DEBUG] [net.minecraftforge.fml.loading.moddiscovery.ModDiscoverer/CORE]: Found Dependency Locators : (JarInJar:null)
[17jul.2025 17:30:41.834] [main/DEBUG] [net.minecraftforge.fml.loading.targets.CommonLaunchHandler/CORE]: Got mod coordinates enhanced_playthrough%%D:\Repositorios GitHub\Enhanced_Playtrough_Mod\Enhanched_Minecraft_Mod\build\resources\main;enhanced_playthrough%%D:\Repositorios GitHub\Enhanced_Playtrough_Mod\Enhanched_Minecraft_Mod\build\classes\java\main from env
[17jul.2025 17:30:41.837] [main/DEBUG] [net.minecraftforge.fml.loading.targets.CommonLaunchHandler/CORE]: Found supplied mod coordinates [{enhanced_playthrough=[D:\Repositorios GitHub\Enhanced_Playtrough_Mod\Enhanched_Minecraft_Mod\build\resources\main, D:\Repositorios GitHub\Enhanced_Playtrough_Mod\Enhanched_Minecraft_Mod\build\classes\java\main]}]
[17jul.2025 17:30:42.567] [main/DEBUG] [net.minecraftforge.fml.loading.moddiscovery.ModFileInfo/LOADING]: Found valid mod file forge-1.20.1-47.3.0_mapped_parchment_2023.09.03-1.20.1-recomp.jar with {minecraft} mods - versions {1.20.1}
[17jul.2025 17:30:42.595] [main/DEBUG] [net.minecraftforge.fml.loading.moddiscovery.ModFileParser/LOADING]: Considering mod file candidate C:\Users\marma\.gradle\caches\modules-2\files-2.1\net.minecraftforge\javafmllanguage\1.20.1-47.3.0\d7ebc62120f202109e300e084ca1a31a7b946a62\javafmllanguage-1.20.1-47.3.0.jar
[17jul.2025 17:30:42.596] [main/WARN] [net.minecraftforge.fml.loading.moddiscovery.ModFileParser/LOADING]: Mod file C:\Users\marma\.gradle\caches\modules-2\files-2.1\net.minecraftforge\javafmllanguage\1.20.1-47.3.0\d7ebc62120f202109e300e084ca1a31a7b946a62\javafmllanguage-1.20.1-47.3.0.jar is missing mods.toml file
[17jul.2025 17:30:42.609] [main/DEBUG] [net.minecraftforge.fml.loading.moddiscovery.ModFileParser/LOADING]: Considering mod file candidate C:\Users\marma\.gradle\caches\modules-2\files-2.1\net.minecraftforge\lowcodelanguage\1.20.1-47.3.0\1bf3e845ea0ce750096da8c71c8364b188ab74d4\lowcodelanguage-1.20.1-47.3.0.jar
[17jul.2025 17:30:42.610] [main/WARN] [net.minecraftforge.fml.loading.moddiscovery.ModFileParser/LOADING]: Mod file C:\Users\marma\.gradle\caches\modules-2\files-2.1\net.minecraftforge\lowcodelanguage\1.20.1-47.3.0\1bf3e845ea0ce750096da8c71c8364b188ab74d4\lowcodelanguage-1.20.1-47.3.0.jar is missing mods.toml file
[17jul.2025 17:30:42.626] [main/DEBUG] [net.minecraftforge.fml.loading.moddiscovery.ModFileParser/LOADING]: Considering mod file candidate C:\Users\marma\.gradle\caches\modules-2\files-2.1\net.minecraftforge\mclanguage\1.20.1-47.3.0\6093682e943ddccbabf70539319d7f2fe64db2e7\mclanguage-1.20.1-47.3.0.jar
[17jul.2025 17:30:42.626] [main/WARN] [net.minecraftforge.fml.loading.moddiscovery.ModFileParser/LOADING]: Mod file C:\Users\marma\.gradle\caches\modules-2\files-2.1\net.minecraftforge\mclanguage\1.20.1-47.3.0\6093682e943ddccbabf70539319d7f2fe64db2e7\mclanguage-1.20.1-47.3.0.jar is missing mods.toml file
[17jul.2025 17:30:42.642] [main/DEBUG] [net.minecraftforge.fml.loading.moddiscovery.ModFileParser/LOADING]: Considering mod file candidate C:\Users\marma\.gradle\caches\modules-2\files-2.1\net.minecraftforge\fmlcore\1.20.1-47.3.0\3b6be96aba3e323f3c918e8ef6a96312d82d76ad\fmlcore-1.20.1-47.3.0.jar
[17jul.2025 17:30:42.642] [main/WARN] [net.minecraftforge.fml.loading.moddiscovery.ModFileParser/LOADING]: Mod file C:\Users\marma\.gradle\caches\modules-2\files-2.1\net.minecraftforge\fmlcore\1.20.1-47.3.0\3b6be96aba3e323f3c918e8ef6a96312d82d76ad\fmlcore-1.20.1-47.3.0.jar is missing mods.toml file
[17jul.2025 17:30:42.653] [main/DEBUG] [net.minecraftforge.fml.loading.moddiscovery.ModFileParser/LOADING]: Considering mod file candidate D:\Repositorios GitHub\Enhanced_Playtrough_Mod\Enhanched_Minecraft_Mod\build\resources\main
[17jul.2025 17:30:42.664] [main/DEBUG] [net.minecraftforge.fml.loading.moddiscovery.ModFileInfo/LOADING]: Found valid mod file main with {enhanced_playthrough} mods - versions {1.20.1-beta-0.21.1}
[17jul.2025 17:30:42.673] [main/DEBUG] [net.minecraftforge.fml.loading.moddiscovery.ModFileParser/LOADING]: Considering mod file candidate /
[17jul.2025 17:30:42.679] [main/DEBUG] [net.minecraftforge.fml.loading.moddiscovery.ModFileInfo/LOADING]: Found valid mod file  with {forge} mods - versions {47.3.0}
[17jul.2025 17:30:42.734] [main/DEBUG] [net.minecraftforge.fml.loading.moddiscovery.ModFileParser/LOADING]: Considering mod file candidate C:\Users\marma\.gradle\caches\forge_gradle\deobf_dependencies\curse\maven\jade-324717\6271651_mapped_parchment_2023.09.03-1.20.1\jade-324717-6271651_mapped_parchment_2023.09.03-1.20.1.jar
[17jul.2025 17:30:42.748] [main/DEBUG] [net.minecraftforge.fml.loading.moddiscovery.ModFileInfo/LOADING]: Found valid mod file jade-324717-6271651_mapped_parchment_2023.09.03-1.20.1.jar with {jade} mods - versions {11.13.1+forge}
[17jul.2025 17:30:42.768] [main/DEBUG] [net.minecraftforge.fml.loading.moddiscovery.ModFileParser/LOADING]: Considering mod file candidate C:\Users\marma\.gradle\caches\forge_gradle\deobf_dependencies\mezz\jei\jei-1.20.1-forge\15.8.0.16_mapped_parchment_2023.09.03-1.20.1\jei-1.20.1-forge-15.8.0.16_mapped_parchment_2023.09.03-1.20.1.jar
[17jul.2025 17:30:42.771] [main/DEBUG] [net.minecraftforge.fml.loading.moddiscovery.ModFileInfo/LOADING]: Found valid mod file jei-1.20.1-forge-15.8.0.16_mapped_parchment_2023.09.03-1.20.1.jar with {jei} mods - versions {15.8.0.16}
[17jul.2025 17:30:42.785] [main/DEBUG] [net.minecraftforge.fml.loading.moddiscovery.ModFileParser/LOADING]: Considering mod file candidate C:\Users\marma\.gradle\caches\forge_gradle\deobf_dependencies\curse\maven\jade-324717\6271651_mapped_parchment_2023.09.03-1.20.1\jade-324717-6271651_mapped_parchment_2023.09.03-1.20.1.jar
[17jul.2025 17:30:42.786] [main/DEBUG] [net.minecraftforge.fml.loading.moddiscovery.ModFileInfo/LOADING]: Found valid mod file jade-324717-6271651_mapped_parchment_2023.09.03-1.20.1.jar with {jade} mods - versions {11.13.1+forge}
[17jul.2025 17:30:42.802] [main/DEBUG] [net.minecraftforge.fml.loading.moddiscovery.ModFileParser/LOADING]: Considering mod file candidate C:\Users\marma\.gradle\caches\forge_gradle\deobf_dependencies\mezz\jei\jei-1.20.1-forge\15.8.0.16_mapped_parchment_2023.09.03-1.20.1\jei-1.20.1-forge-15.8.0.16_mapped_parchment_2023.09.03-1.20.1.jar
[17jul.2025 17:30:42.806] [main/DEBUG] [net.minecraftforge.fml.loading.moddiscovery.ModFileInfo/LOADING]: Found valid mod file jei-1.20.1-forge-15.8.0.16_mapped_parchment_2023.09.03-1.20.1.jar with {jei} mods - versions {15.8.0.16}
[17jul.2025 17:30:42.816] [main/DEBUG] [net.minecraftforge.fml.loading.UniqueModListBuilder/]: Found 2 mods for first modid jade, selecting most recent based on version data
[17jul.2025 17:30:42.817] [main/DEBUG] [net.minecraftforge.fml.loading.UniqueModListBuilder/]: Selected file jade-324717-6271651_mapped_parchment_2023.09.03-1.20.1.jar for modid jade with version 11.13.1+forge
[17jul.2025 17:30:42.818] [main/DEBUG] [net.minecraftforge.fml.loading.UniqueModListBuilder/]: Found 2 mods for first modid jei, selecting most recent based on version data
[17jul.2025 17:30:42.818] [main/DEBUG] [net.minecraftforge.fml.loading.UniqueModListBuilder/]: Selected file jei-1.20.1-forge-15.8.0.16_mapped_parchment_2023.09.03-1.20.1.jar for modid jei with version 15.8.0.16
[17jul.2025 17:30:42.832] [main/DEBUG] [net.minecraftforge.fml.loading.moddiscovery.AbstractJarFileDependencyLocator/]: Failed to load resource META-INF\jarjar\metadata.json from forge-1.20.1-47.3.0_mapped_parchment_2023.09.03-1.20.1-recomp.jar, it does not contain dependency information.
[17jul.2025 17:30:42.833] [main/DEBUG] [net.minecraftforge.fml.loading.moddiscovery.AbstractJarFileDependencyLocator/]: Failed to load resource META-INF\jarjar\metadata.json from , it does not contain dependency information.
[17jul.2025 17:30:42.834] [main/DEBUG] [net.minecraftforge.fml.loading.moddiscovery.AbstractJarFileDependencyLocator/]: Failed to load resource META-INF\jarjar\metadata.json from main, it does not contain dependency information.
[17jul.2025 17:30:42.834] [main/DEBUG] [net.minecraftforge.fml.loading.moddiscovery.AbstractJarFileDependencyLocator/]: Failed to load resource META-INF\jarjar\metadata.json from jade-324717-6271651_mapped_parchment_2023.09.03-1.20.1.jar, it does not contain dependency information.
[17jul.2025 17:30:42.834] [main/DEBUG] [net.minecraftforge.fml.loading.moddiscovery.AbstractJarFileDependencyLocator/]: Failed to load resource META-INF\jarjar\metadata.json from jei-1.20.1-forge-15.8.0.16_mapped_parchment_2023.09.03-1.20.1.jar, it does not contain dependency information.
[17jul.2025 17:30:42.834] [main/DEBUG] [net.minecraftforge.fml.loading.moddiscovery.AbstractJarFileDependencyLocator/]: Failed to load resource META-INF\jarjar\metadata.json from mclanguage-1.20.1-47.3.0.jar, it does not contain dependency information.
[17jul.2025 17:30:42.835] [main/DEBUG] [net.minecraftforge.fml.loading.moddiscovery.AbstractJarFileDependencyLocator/]: Failed to load resource META-INF\jarjar\metadata.json from javafmllanguage-1.20.1-47.3.0.jar, it does not contain dependency information.
[17jul.2025 17:30:42.835] [main/DEBUG] [net.minecraftforge.fml.loading.moddiscovery.AbstractJarFileDependencyLocator/]: Failed to load resource META-INF\jarjar\metadata.json from fmlcore-1.20.1-47.3.0.jar, it does not contain dependency information.
[17jul.2025 17:30:42.835] [main/DEBUG] [net.minecraftforge.fml.loading.moddiscovery.AbstractJarFileDependencyLocator/]: Failed to load resource META-INF\jarjar\metadata.json from lowcodelanguage-1.20.1-47.3.0.jar, it does not contain dependency information.
[17jul.2025 17:30:42.904] [main/INFO] [net.minecraftforge.fml.loading.moddiscovery.JarInJarDependencyLocator/]: No dependencies to load found. Skipping!
[17jul.2025 17:30:42.910] [main/DEBUG] [net.minecraftforge.fml.loading.moddiscovery.ModFileInfo/LOADING]: Found valid mod file forge-1.20.1-47.3.0_mapped_parchment_2023.09.03-1.20.1-recomp.jar with {minecraft} mods - versions {1.20.1}
[17jul.2025 17:30:42.917] [main/DEBUG] [net.minecraftforge.fml.loading.moddiscovery.ModFile/LOADING]: Loading mod file C:\Users\marma\.gradle\caches\forge_gradle\minecraft_user_repo\net\minecraftforge\forge\1.20.1-47.3.0_mapped_parchment_2023.09.03-1.20.1\forge-1.20.1-47.3.0_mapped_parchment_2023.09.03-1.20.1-recomp.jar with languages [LanguageSpec[languageName=minecraft, acceptedVersions=1]]
[17jul.2025 17:30:42.919] [main/DEBUG] [net.minecraftforge.fml.loading.moddiscovery.ModFileParser/LOADING]: Considering mod file candidate /
[17jul.2025 17:30:42.925] [main/DEBUG] [net.minecraftforge.fml.loading.moddiscovery.ModFileInfo/LOADING]: Found valid mod file  with {forge} mods - versions {47.3.0}
[17jul.2025 17:30:42.926] [main/DEBUG] [net.minecraftforge.fml.loading.moddiscovery.ModFile/LOADING]: Loading mod file / with languages [LanguageSpec[languageName=javafml, acceptedVersions=[24,]]]
[17jul.2025 17:30:43.034] [main/DEBUG] [net.minecraftforge.fml.loading.moddiscovery.ModFileParser/LOADING]: Found coremod field_to_method with Javascript path coremods/field_to_method.js
[17jul.2025 17:30:43.042] [main/DEBUG] [net.minecraftforge.fml.loading.moddiscovery.ModFileParser/LOADING]: Found coremod field_to_instanceof with Javascript path coremods/field_to_instanceof.js
[17jul.2025 17:30:43.044] [main/DEBUG] [net.minecraftforge.fml.loading.moddiscovery.ModFileParser/LOADING]: Found coremod add_bouncer_method with Javascript path coremods/add_bouncer_method.js
[17jul.2025 17:30:43.044] [main/DEBUG] [net.minecraftforge.fml.loading.moddiscovery.ModFileParser/LOADING]: Found coremod method_redirector with Javascript path coremods/method_redirector.js
[17jul.2025 17:30:43.044] [main/DEBUG] [net.minecraftforge.fml.loading.moddiscovery.ModFile/LOADING]: Found coremod coremods/field_to_method.js
[17jul.2025 17:30:43.044] [main/DEBUG] [net.minecraftforge.fml.loading.moddiscovery.ModFile/LOADING]: Found coremod coremods/field_to_instanceof.js
[17jul.2025 17:30:43.046] [main/DEBUG] [net.minecraftforge.fml.loading.moddiscovery.ModFile/LOADING]: Found coremod coremods/add_bouncer_method.js
[17jul.2025 17:30:43.048] [main/DEBUG] [net.minecraftforge.fml.loading.moddiscovery.ModFile/LOADING]: Found coremod coremods/method_redirector.js
[17jul.2025 17:30:43.048] [main/DEBUG] [net.minecraftforge.fml.loading.moddiscovery.ModFileParser/LOADING]: Considering mod file candidate D:\Repositorios GitHub\Enhanced_Playtrough_Mod\Enhanched_Minecraft_Mod\build\resources\main
[17jul.2025 17:30:43.058] [main/DEBUG] [net.minecraftforge.fml.loading.moddiscovery.ModFileInfo/LOADING]: Found valid mod file main with {enhanced_playthrough} mods - versions {1.20.1-beta-0.21.1}
[17jul.2025 17:30:43.064] [main/DEBUG] [net.minecraftforge.fml.loading.moddiscovery.ModFile/LOADING]: Loading mod file D:\Repositorios GitHub\Enhanced_Playtrough_Mod\Enhanched_Minecraft_Mod\build\resources\main with languages [LanguageSpec[languageName=javafml, acceptedVersions=1.20.1]]
[17jul.2025 17:30:43.068] [main/DEBUG] [net.minecraftforge.fml.loading.moddiscovery.ModFileParser/LOADING]: Considering mod file candidate C:\Users\marma\.gradle\caches\forge_gradle\deobf_dependencies\curse\maven\jade-324717\6271651_mapped_parchment_2023.09.03-1.20.1\jade-324717-6271651_mapped_parchment_2023.09.03-1.20.1.jar
[17jul.2025 17:30:43.068] [main/DEBUG] [net.minecraftforge.fml.loading.moddiscovery.ModFileInfo/LOADING]: Found valid mod file jade-324717-6271651_mapped_parchment_2023.09.03-1.20.1.jar with {jade} mods - versions {11.13.1+forge}
[17jul.2025 17:30:43.070] [main/DEBUG] [net.minecraftforge.fml.loading.moddiscovery.ModFile/LOADING]: Loading mod file C:\Users\marma\.gradle\caches\forge_gradle\deobf_dependencies\curse\maven\jade-324717\6271651_mapped_parchment_2023.09.03-1.20.1\jade-324717-6271651_mapped_parchment_2023.09.03-1.20.1.jar with languages [LanguageSpec[languageName=javafml, acceptedVersions=[46,)]]
[17jul.2025 17:30:43.070] [main/DEBUG] [net.minecraftforge.fml.loading.moddiscovery.ModFileParser/LOADING]: Considering mod file candidate C:\Users\marma\.gradle\caches\forge_gradle\deobf_dependencies\mezz\jei\jei-1.20.1-forge\15.8.0.16_mapped_parchment_2023.09.03-1.20.1\jei-1.20.1-forge-15.8.0.16_mapped_parchment_2023.09.03-1.20.1.jar
[17jul.2025 17:30:43.076] [main/DEBUG] [net.minecraftforge.fml.loading.moddiscovery.ModFileInfo/LOADING]: Found valid mod file jei-1.20.1-forge-15.8.0.16_mapped_parchment_2023.09.03-1.20.1.jar with {jei} mods - versions {15.8.0.16}
[17jul.2025 17:30:43.077] [main/DEBUG] [net.minecraftforge.fml.loading.moddiscovery.ModFile/LOADING]: Loading mod file C:\Users\marma\.gradle\caches\forge_gradle\deobf_dependencies\mezz\jei\jei-1.20.1-forge\15.8.0.16_mapped_parchment_2023.09.03-1.20.1\jei-1.20.1-forge-15.8.0.16_mapped_parchment_2023.09.03-1.20.1.jar with languages [LanguageSpec[languageName=javafml, acceptedVersions=[47,)]]
[17jul.2025 17:30:43.079] [main/DEBUG] [cpw.mods.modlauncher.TransformationServiceDecorator/MODLAUNCHER]: End scan trigger - transformation service fml
[17jul.2025 17:30:43.102] [main/DEBUG] [net.minecraftforge.fml.loading.LanguageLoadingProvider/CORE]: Found 3 language providers
[17jul.2025 17:30:43.102] [main/DEBUG] [net.minecraftforge.fml.loading.LanguageLoadingProvider/CORE]: Found language provider minecraft, version 1.0
[17jul.2025 17:30:43.104] [main/DEBUG] [net.minecraftforge.fml.loading.LanguageLoadingProvider/CORE]: Found language provider lowcodefml, version 47
[17jul.2025 17:30:43.104] [main/DEBUG] [net.minecraftforge.fml.loading.LanguageLoadingProvider/CORE]: Found language provider javafml, version 47
[17jul.2025 17:30:43.114] [main/DEBUG] [net.minecraftforge.fml.loading.ModSorter/]: Configured system mods: [minecraft, forge]
[17jul.2025 17:30:43.114] [main/DEBUG] [net.minecraftforge.fml.loading.ModSorter/]: Found system mod: minecraft
[17jul.2025 17:30:43.116] [main/DEBUG] [net.minecraftforge.fml.loading.ModSorter/]: Found system mod: forge
[17jul.2025 17:30:43.122] [main/DEBUG] [net.minecraftforge.fml.loading.ModSorter/LOADING]: Found 3 mod requirements (3 mandatory, 0 optional)
[17jul.2025 17:30:43.122] [main/DEBUG] [net.minecraftforge.fml.loading.ModSorter/LOADING]: Found 0 mod requirements missing (0 mandatory, 0 optional)
[17jul.2025 17:30:43.917] [main/DEBUG] [net.minecraftforge.fml.loading.MCPNamingService/CORE]: Loaded 34318 method mappings from methods.csv
[17jul.2025 17:30:43.968] [main/DEBUG] [net.minecraftforge.fml.loading.MCPNamingService/CORE]: Loaded 31014 field mappings from fields.csv
[17jul.2025 17:30:44.081] [main/DEBUG] [cpw.mods.modlauncher.TransformationServicesHandler/MODLAUNCHER]: Transformation services loading transformers
[17jul.2025 17:30:44.083] [main/DEBUG] [cpw.mods.modlauncher.TransformationServiceDecorator/MODLAUNCHER]: Initializing transformers for transformation service mixin
[17jul.2025 17:30:44.085] [main/DEBUG] [cpw.mods.modlauncher.TransformationServiceDecorator/MODLAUNCHER]: Initialized transformers for transformation service mixin
[17jul.2025 17:30:44.085] [main/DEBUG] [cpw.mods.modlauncher.TransformationServiceDecorator/MODLAUNCHER]: Initializing transformers for transformation service fml
[17jul.2025 17:30:44.085] [main/DEBUG] [net.minecraftforge.fml.loading.FMLServiceProvider/CORE]: Loading coremod transformers
[17jul.2025 17:30:44.087] [main/DEBUG] [net.minecraftforge.coremod.CoreModEngine/COREMOD]: Loading CoreMod from coremods/field_to_method.js
[17jul.2025 17:30:44.813] [main/DEBUG] [net.minecraftforge.coremod.CoreModEngine/COREMOD]: CoreMod loaded successfully
[17jul.2025 17:30:44.813] [main/DEBUG] [net.minecraftforge.coremod.CoreModEngine/COREMOD]: Loading CoreMod from coremods/field_to_instanceof.js
[17jul.2025 17:30:44.957] [main/DEBUG] [net.minecraftforge.coremod.CoreModEngine/COREMOD]: CoreMod loaded successfully
[17jul.2025 17:30:44.959] [main/DEBUG] [net.minecraftforge.coremod.CoreModEngine/COREMOD]: Loading CoreMod from coremods/add_bouncer_method.js
[17jul.2025 17:30:45.063] [main/DEBUG] [net.minecraftforge.coremod.CoreModEngine/COREMOD]: CoreMod loaded successfully
[17jul.2025 17:30:45.063] [main/DEBUG] [net.minecraftforge.coremod.CoreModEngine/COREMOD]: Loading CoreMod from coremods/method_redirector.js
[17jul.2025 17:30:45.202] [main/DEBUG] [net.minecraftforge.coremod.CoreModEngine/COREMOD]: CoreMod loaded successfully
[17jul.2025 17:30:45.231] [main/DEBUG] [cpw.mods.modlauncher.TransformStore/MODLAUNCHER]: Adding transformer net.minecraftforge.coremod.transformer.CoreModClassTransformer@1945113f to Target : CLASS {Lnet/minecraft/world/level/biome/Biome;} {} {V}
[17jul.2025 17:30:45.233] [main/DEBUG] [cpw.mods.modlauncher.TransformStore/MODLAUNCHER]: Adding transformer net.minecraftforge.coremod.transformer.CoreModClassTransformer@15f35bc3 to Target : CLASS {Lnet/minecraft/world/level/levelgen/structure/Structure;} {} {V}
[17jul.2025 17:30:45.234] [main/DEBUG] [cpw.mods.modlauncher.TransformStore/MODLAUNCHER]: Adding transformer net.minecraftforge.coremod.transformer.CoreModClassTransformer@167381c7 to Target : CLASS {Lnet/minecraft/world/effect/MobEffectInstance;} {} {V}
[17jul.2025 17:30:45.234] [main/DEBUG] [cpw.mods.modlauncher.TransformStore/MODLAUNCHER]: Adding transformer net.minecraftforge.coremod.transformer.CoreModClassTransformer@608b1fd2 to Target : CLASS {Lnet/minecraft/world/level/block/LiquidBlock;} {} {V}
[17jul.2025 17:30:45.234] [main/DEBUG] [cpw.mods.modlauncher.TransformStore/MODLAUNCHER]: Adding transformer net.minecraftforge.coremod.transformer.CoreModClassTransformer@56382bc9 to Target : CLASS {Lnet/minecraft/world/item/BucketItem;} {} {V}
[17jul.2025 17:30:45.234] [main/DEBUG] [cpw.mods.modlauncher.TransformStore/MODLAUNCHER]: Adding transformer net.minecraftforge.coremod.transformer.CoreModClassTransformer@591a4f8e to Target : CLASS {Lnet/minecraft/world/level/block/StairBlock;} {} {V}
[17jul.2025 17:30:45.235] [main/DEBUG] [cpw.mods.modlauncher.TransformStore/MODLAUNCHER]: Adding transformer net.minecraftforge.coremod.transformer.CoreModClassTransformer@53ed80d3 to Target : CLASS {Lnet/minecraft/world/level/block/FlowerPotBlock;} {} {V}
[17jul.2025 17:30:45.235] [main/DEBUG] [cpw.mods.modlauncher.TransformStore/MODLAUNCHER]: Adding transformer net.minecraftforge.coremod.transformer.CoreModClassTransformer@6ba060f3 to Target : CLASS {Lnet/minecraft/world/item/ItemStack;} {} {V}
[17jul.2025 17:30:45.236] [main/DEBUG] [cpw.mods.modlauncher.TransformStore/MODLAUNCHER]: Adding transformer net.minecraftforge.coremod.transformer.CoreModClassTransformer@7c51782d to Target : CLASS {Lnet/minecraft/network/play/client/CClientSettingsPacket;} {} {V}
[17jul.2025 17:30:45.236] [main/DEBUG] [cpw.mods.modlauncher.TransformStore/MODLAUNCHER]: Adding transformer net.minecraftforge.coremod.transformer.CoreModClassTransformer@77bc2e16 to Target : CLASS {Lnet/minecraft/world/entity/monster/Spider;} {} {V}
[17jul.2025 17:30:45.236] [main/DEBUG] [cpw.mods.modlauncher.TransformStore/MODLAUNCHER]: Adding transformer net.minecraftforge.coremod.transformer.CoreModClassTransformer@77bc2e16 to Target : CLASS {Lnet/minecraft/world/entity/monster/Strider;} {} {V}
[17jul.2025 17:30:45.237] [main/DEBUG] [cpw.mods.modlauncher.TransformStore/MODLAUNCHER]: Adding transformer net.minecraftforge.coremod.transformer.CoreModClassTransformer@77bc2e16 to Target : CLASS {Lnet/minecraft/world/level/levelgen/PatrolSpawner;} {} {V}
[17jul.2025 17:30:45.237] [main/DEBUG] [cpw.mods.modlauncher.TransformStore/MODLAUNCHER]: Adding transformer net.minecraftforge.coremod.transformer.CoreModClassTransformer@77bc2e16 to Target : CLASS {Lnet/minecraft/world/level/levelgen/structure/structures/OceanMonumentPieces$OceanMonumentPiece;} {} {V}
[17jul.2025 17:30:45.237] [main/DEBUG] [cpw.mods.modlauncher.TransformStore/MODLAUNCHER]: Adding transformer net.minecraftforge.coremod.transformer.CoreModClassTransformer@77bc2e16 to Target : CLASS {Lnet/minecraft/world/entity/animal/horse/SkeletonTrapGoal;} {} {V}
[17jul.2025 17:30:45.237] [main/DEBUG] [cpw.mods.modlauncher.TransformStore/MODLAUNCHER]: Adding transformer net.minecraftforge.coremod.transformer.CoreModClassTransformer@77bc2e16 to Target : CLASS {Lnet/minecraft/world/entity/ai/village/VillageSiege;} {} {V}
[17jul.2025 17:30:45.237] [main/DEBUG] [cpw.mods.modlauncher.TransformStore/MODLAUNCHER]: Adding transformer net.minecraftforge.coremod.transformer.CoreModClassTransformer@77bc2e16 to Target : CLASS {Lnet/minecraft/world/level/levelgen/structure/templatesystem/StructureTemplate;} {} {V}
[17jul.2025 17:30:45.237] [main/DEBUG] [cpw.mods.modlauncher.TransformStore/MODLAUNCHER]: Adding transformer net.minecraftforge.coremod.transformer.CoreModClassTransformer@77bc2e16 to Target : CLASS {Lnet/minecraft/world/entity/monster/Evoker$EvokerSummonSpellGoal;} {} {V}
[17jul.2025 17:30:45.238] [main/DEBUG] [cpw.mods.modlauncher.TransformStore/MODLAUNCHER]: Adding transformer net.minecraftforge.coremod.transformer.CoreModClassTransformer@77bc2e16 to Target : CLASS {Lnet/minecraft/world/level/levelgen/PhantomSpawner;} {} {V}
[17jul.2025 17:30:45.238] [main/DEBUG] [cpw.mods.modlauncher.TransformStore/MODLAUNCHER]: Adding transformer net.minecraftforge.coremod.transformer.CoreModClassTransformer@77bc2e16 to Target : CLASS {Lnet/minecraft/world/level/levelgen/structure/structures/OceanRuinPieces$OceanRuinPiece;} {} {V}
[17jul.2025 17:30:45.238] [main/DEBUG] [cpw.mods.modlauncher.TransformStore/MODLAUNCHER]: Adding transformer net.minecraftforge.coremod.transformer.CoreModClassTransformer@77bc2e16 to Target : CLASS {Lnet/minecraft/server/commands/RaidCommand;} {} {V}
[17jul.2025 17:30:45.238] [main/DEBUG] [cpw.mods.modlauncher.TransformStore/MODLAUNCHER]: Adding transformer net.minecraftforge.coremod.transformer.CoreModClassTransformer@77bc2e16 to Target : CLASS {Lnet/minecraft/world/entity/EntityType;} {} {V}
[17jul.2025 17:30:45.239] [main/DEBUG] [cpw.mods.modlauncher.TransformStore/MODLAUNCHER]: Adding transformer net.minecraftforge.coremod.transformer.CoreModClassTransformer@77bc2e16 to Target : CLASS {Lnet/minecraft/world/level/levelgen/structure/structures/SwampHutPiece;} {} {V}
[17jul.2025 17:30:45.239] [main/DEBUG] [cpw.mods.modlauncher.TransformStore/MODLAUNCHER]: Adding transformer net.minecraftforge.coremod.transformer.CoreModClassTransformer@77bc2e16 to Target : CLASS {Lnet/minecraft/world/level/NaturalSpawner;} {} {V}
[17jul.2025 17:30:45.239] [main/DEBUG] [cpw.mods.modlauncher.TransformStore/MODLAUNCHER]: Adding transformer net.minecraftforge.coremod.transformer.CoreModClassTransformer@77bc2e16 to Target : CLASS {Lnet/minecraft/server/commands/SummonCommand;} {} {V}
[17jul.2025 17:30:45.240] [main/DEBUG] [cpw.mods.modlauncher.TransformStore/MODLAUNCHER]: Adding transformer net.minecraftforge.coremod.transformer.CoreModClassTransformer@77bc2e16 to Target : CLASS {Lnet/minecraft/world/entity/npc/Villager;} {} {V}
[17jul.2025 17:30:45.240] [main/DEBUG] [cpw.mods.modlauncher.TransformStore/MODLAUNCHER]: Adding transformer net.minecraftforge.coremod.transformer.CoreModClassTransformer@77bc2e16 to Target : CLASS {Lnet/minecraft/world/entity/animal/frog/Tadpole;} {} {V}
[17jul.2025 17:30:45.240] [main/DEBUG] [cpw.mods.modlauncher.TransformStore/MODLAUNCHER]: Adding transformer net.minecraftforge.coremod.transformer.CoreModClassTransformer@77bc2e16 to Target : CLASS {Lnet/minecraft/world/entity/monster/Zombie;} {} {V}
[17jul.2025 17:30:45.244] [main/DEBUG] [cpw.mods.modlauncher.TransformStore/MODLAUNCHER]: Adding transformer net.minecraftforge.coremod.transformer.CoreModClassTransformer@77bc2e16 to Target : CLASS {Lnet/minecraft/world/entity/monster/ZombieVillager;} {} {V}
[17jul.2025 17:30:45.244] [main/DEBUG] [cpw.mods.modlauncher.TransformStore/MODLAUNCHER]: Adding transformer net.minecraftforge.coremod.transformer.CoreModClassTransformer@77bc2e16 to Target : CLASS {Lnet/minecraft/world/entity/npc/CatSpawner;} {} {V}
[17jul.2025 17:30:45.244] [main/DEBUG] [cpw.mods.modlauncher.TransformStore/MODLAUNCHER]: Adding transformer net.minecraftforge.coremod.transformer.CoreModClassTransformer@77bc2e16 to Target : CLASS {Lnet/minecraft/world/level/levelgen/structure/structures/WoodlandMansionPieces$WoodlandMansionPiece;} {} {V}
[17jul.2025 17:30:45.244] [main/DEBUG] [cpw.mods.modlauncher.TransformStore/MODLAUNCHER]: Adding transformer net.minecraftforge.coremod.transformer.CoreModClassTransformer@77bc2e16 to Target : CLASS {Lnet/minecraft/world/entity/raid/Raid;} {} {V}
[17jul.2025 17:30:45.244] [main/DEBUG] [cpw.mods.modlauncher.TransformationServiceDecorator/MODLAUNCHER]: Initialized transformers for transformation service fml
[17jul.2025 17:30:52.399] [main/DEBUG] [mixin/]: Processing prepare() for PlatformAgent[MixinPlatformAgentDefault:ModLauncher Root Container(ModLauncher:4f56a0a2)]
[17jul.2025 17:30:52.400] [main/DEBUG] [mixin/]: Processing launch tasks for PlatformAgent[MixinPlatformAgentDefault:ModLauncher Root Container(ModLauncher:4f56a0a2)]
[17jul.2025 17:30:52.400] [main/DEBUG] [mixin/]: Adding mixin platform agents for container SecureJarResource(minecraft)
[17jul.2025 17:30:52.400] [main/DEBUG] [mixin/]: Instancing new MixinPlatformAgentMinecraftForge for SecureJarResource(minecraft)
[17jul.2025 17:30:52.400] [main/DEBUG] [mixin/]: MixinPlatformAgentMinecraftForge rejected container SecureJarResource(minecraft)
[17jul.2025 17:30:52.401] [main/DEBUG] [mixin/]: Instancing new MixinPlatformAgentDefault for SecureJarResource(minecraft)
[17jul.2025 17:30:52.401] [main/DEBUG] [mixin/]: MixinPlatformAgentDefault accepted container SecureJarResource(minecraft)
[17jul.2025 17:30:52.401] [main/DEBUG] [mixin/]: Processing prepare() for PlatformAgent[MixinPlatformAgentDefault:SecureJarResource(minecraft)]
[17jul.2025 17:30:52.402] [main/DEBUG] [mixin/]: Adding mixin platform agents for container SecureJarResource(forge)
[17jul.2025 17:30:52.402] [main/DEBUG] [mixin/]: Instancing new MixinPlatformAgentMinecraftForge for SecureJarResource(forge)
[17jul.2025 17:30:52.403] [main/DEBUG] [mixin/]: MixinPlatformAgentMinecraftForge rejected container SecureJarResource(forge)
[17jul.2025 17:30:52.403] [main/DEBUG] [mixin/]: Instancing new MixinPlatformAgentDefault for SecureJarResource(forge)
[17jul.2025 17:30:52.403] [main/DEBUG] [mixin/]: MixinPlatformAgentDefault accepted container SecureJarResource(forge)
[17jul.2025 17:30:52.404] [main/DEBUG] [mixin/]: Processing prepare() for PlatformAgent[MixinPlatformAgentDefault:SecureJarResource(forge)]
[17jul.2025 17:30:52.404] [main/DEBUG] [mixin/]: Adding mixin platform agents for container SecureJarResource(enhanced_playthrough)
[17jul.2025 17:30:52.404] [main/DEBUG] [mixin/]: Instancing new MixinPlatformAgentMinecraftForge for SecureJarResource(enhanced_playthrough)
[17jul.2025 17:30:52.404] [main/DEBUG] [mixin/]: MixinPlatformAgentMinecraftForge rejected container SecureJarResource(enhanced_playthrough)
[17jul.2025 17:30:52.405] [main/DEBUG] [mixin/]: Instancing new MixinPlatformAgentDefault for SecureJarResource(enhanced_playthrough)
[17jul.2025 17:30:52.405] [main/DEBUG] [mixin/]: MixinPlatformAgentDefault accepted container SecureJarResource(enhanced_playthrough)
[17jul.2025 17:30:52.405] [main/DEBUG] [mixin/]: Processing prepare() for PlatformAgent[MixinPlatformAgentDefault:SecureJarResource(enhanced_playthrough)]
[17jul.2025 17:30:52.406] [main/DEBUG] [mixin/]: Adding mixin platform agents for container SecureJarResource(jade)
[17jul.2025 17:30:52.407] [main/DEBUG] [mixin/]: Instancing new MixinPlatformAgentMinecraftForge for SecureJarResource(jade)
[17jul.2025 17:30:52.408] [main/DEBUG] [mixin/]: MixinPlatformAgentMinecraftForge rejected container SecureJarResource(jade)
[17jul.2025 17:30:52.408] [main/DEBUG] [mixin/]: Instancing new MixinPlatformAgentDefault for SecureJarResource(jade)
[17jul.2025 17:30:52.408] [main/DEBUG] [mixin/]: MixinPlatformAgentDefault accepted container SecureJarResource(jade)
[17jul.2025 17:30:52.408] [main/DEBUG] [mixin/]: Processing prepare() for PlatformAgent[MixinPlatformAgentDefault:SecureJarResource(jade)]
[17jul.2025 17:30:52.409] [main/DEBUG] [mixin/]: Registering mixin config: jade.mixins.json
[17jul.2025 17:30:52.455] [main/DEBUG] [mixin/]: Adding mixin platform agents for container SecureJarResource(jei)
[17jul.2025 17:30:52.455] [main/DEBUG] [mixin/]: Instancing new MixinPlatformAgentMinecraftForge for SecureJarResource(jei)
[17jul.2025 17:30:52.455] [main/DEBUG] [mixin/]: MixinPlatformAgentMinecraftForge rejected container SecureJarResource(jei)
[17jul.2025 17:30:52.455] [main/DEBUG] [mixin/]: Instancing new MixinPlatformAgentDefault for SecureJarResource(jei)
[17jul.2025 17:30:52.455] [main/DEBUG] [mixin/]: MixinPlatformAgentDefault accepted container SecureJarResource(jei)
[17jul.2025 17:30:52.456] [main/DEBUG] [mixin/]: Processing prepare() for PlatformAgent[MixinPlatformAgentDefault:SecureJarResource(jei)]
[17jul.2025 17:30:52.458] [main/DEBUG] [mixin/]: inject() running with 6 agents
[17jul.2025 17:30:52.458] [main/DEBUG] [mixin/]: Processing inject() for PlatformAgent[MixinPlatformAgentDefault:ModLauncher Root Container(ModLauncher:4f56a0a2)]
[17jul.2025 17:30:52.459] [main/DEBUG] [mixin/]: Processing inject() for PlatformAgent[MixinPlatformAgentDefault:SecureJarResource(minecraft)]
[17jul.2025 17:30:52.459] [main/DEBUG] [mixin/]: Processing inject() for PlatformAgent[MixinPlatformAgentDefault:SecureJarResource(forge)]
[17jul.2025 17:30:52.460] [main/DEBUG] [mixin/]: Processing inject() for PlatformAgent[MixinPlatformAgentDefault:SecureJarResource(enhanced_playthrough)]
[17jul.2025 17:30:52.460] [main/DEBUG] [mixin/]: Processing inject() for PlatformAgent[MixinPlatformAgentDefault:SecureJarResource(jade)]
[17jul.2025 17:30:52.460] [main/DEBUG] [mixin/]: Processing inject() for PlatformAgent[MixinPlatformAgentDefault:SecureJarResource(jei)]
[17jul.2025 17:30:52.460] [main/INFO] [cpw.mods.modlauncher.LaunchServiceHandler/MODLAUNCHER]: Launching target 'forgeclientuserdev' with arguments [--version, MOD_DEV, --gameDir, ., --assetsDir, C:\Users\marma\.gradle\caches\forge_gradle\assets, --assetIndex, 5]
[17jul.2025 17:30:53.077] [main/DEBUG] [mixin/]: Error cleaning class output directory: .mixin.out
[17jul.2025 17:30:53.079] [main/DEBUG] [mixin/]: Preparing mixins for MixinEnvironment[DEFAULT]
[17jul.2025 17:30:53.079] [main/DEBUG] [mixin/]: Selecting config jade.mixins.json
[17jul.2025 17:30:53.654] [main/INFO] [mixin/]: Remapping refMap jade.refmap.json using D:\Repositorios GitHub\Enhanced_Playtrough_Mod\Enhanched_Minecraft_Mod/build/createSrgToMcp/output.srg
[17jul.2025 17:30:53.654] [main/DEBUG] [mixin/]: Preparing jade.mixins.json (2)
[17jul.2025 17:30:53.785] [main/DEBUG] [mixin/]: Registering new injector for @Inject with org.spongepowered.asm.mixin.injection.struct.CallbackInjectionInfo
[17jul.2025 17:30:53.793] [main/DEBUG] [mixin/]: Registering new injector for @ModifyArg with org.spongepowered.asm.mixin.injection.struct.ModifyArgInjectionInfo
[17jul.2025 17:30:53.797] [main/DEBUG] [mixin/]: Registering new injector for @ModifyArgs with org.spongepowered.asm.mixin.injection.struct.ModifyArgsInjectionInfo
[17jul.2025 17:30:53.801] [main/DEBUG] [mixin/]: Registering new injector for @Redirect with org.spongepowered.asm.mixin.injection.struct.RedirectInjectionInfo
[17jul.2025 17:30:53.805] [main/DEBUG] [mixin/]: Registering new injector for @ModifyVariable with org.spongepowered.asm.mixin.injection.struct.ModifyVariableInjectionInfo
[17jul.2025 17:30:53.813] [main/DEBUG] [mixin/]: Registering new injector for @ModifyConstant with org.spongepowered.asm.mixin.injection.struct.ModifyConstantInjectionInfo
[17jul.2025 17:30:53.832] [main/DEBUG] [mixin/]: Prepared 2 mixins in 0,751 sec (375,5ms avg) (0ms load, 0ms transform, 0ms plugin)
[17jul.2025 17:30:54.575] [main/DEBUG] [io.netty.util.internal.logging.InternalLoggerFactory/]: Using SLF4J as the default logging framework
[17jul.2025 17:30:54.579] [main/DEBUG] [io.netty.util.ResourceLeakDetector/]: -Dio.netty.leakDetection.level: simple
[17jul.2025 17:30:54.579] [main/DEBUG] [io.netty.util.ResourceLeakDetector/]: -Dio.netty.leakDetection.targetRecords: 4
[17jul.2025 17:30:54.829] [main/DEBUG] [oshi.util.FileUtil/]: No oshi.properties file found from ClassLoader cpw.mods.modlauncher.TransformingClassLoader@221a2068
[17jul.2025 17:30:56.151] [main/DEBUG] [oshi.util.FileUtil/]: No oshi.architecture.properties file found from ClassLoader cpw.mods.modlauncher.TransformingClassLoader@221a2068
[17jul.2025 17:31:00.315] [pool-4-thread-1/DEBUG] [net.minecraftforge.coremod.transformer.CoreModBaseTransformer/COREMOD]: Transforming net/minecraft/world/entity/EntityType
[17jul.2025 17:31:01.394] [pool-4-thread-1/DEBUG] [net.minecraftforge.coremod.transformer.CoreModBaseTransformer/COREMOD]: Transforming net/minecraft/world/level/block/LiquidBlock
[17jul.2025 17:31:01.523] [pool-4-thread-1/DEBUG] [net.minecraftforge.coremod.transformer.CoreModBaseTransformer/COREMOD]: Transforming net/minecraft/world/level/block/StairBlock
[17jul.2025 17:31:01.681] [pool-4-thread-1/DEBUG] [net.minecraftforge.coremod.transformer.CoreModBaseTransformer/COREMOD]: Transforming net/minecraft/world/level/block/FlowerPotBlock
[17jul.2025 17:31:03.247] [pool-4-thread-1/DEBUG] [net.minecraftforge.coremod.transformer.CoreModBaseTransformer/COREMOD]: Transforming net/minecraft/world/item/ItemStack
[17jul.2025 17:31:04.732] [pool-4-thread-1/DEBUG] [net.minecraftforge.coremod.transformer.CoreModBaseTransformer/COREMOD]: Transforming net/minecraft/world/entity/animal/frog/Tadpole
[17jul.2025 17:31:05.051] [pool-4-thread-1/DEBUG] [net.minecraftforge.coremod.transformer.CoreModBaseTransformer/COREMOD]: Transforming net/minecraft/world/item/BucketItem
[17jul.2025 17:31:06.806] [pool-4-thread-1/DEBUG] [net.minecraftforge.coremod.transformer.CoreModBaseTransformer/COREMOD]: Transforming net/minecraft/world/entity/monster/Spider
[17jul.2025 17:31:06.901] [pool-4-thread-1/DEBUG] [net.minecraftforge.coremod.transformer.CoreModBaseTransformer/COREMOD]: Transforming net/minecraft/world/entity/monster/Zombie
[17jul.2025 17:31:07.036] [pool-4-thread-1/DEBUG] [net.minecraftforge.coremod.transformer.CoreModBaseTransformer/COREMOD]: Transforming net/minecraft/world/entity/monster/ZombieVillager
[17jul.2025 17:31:07.161] [pool-4-thread-1/DEBUG] [net.minecraftforge.coremod.transformer.CoreModBaseTransformer/COREMOD]: Transforming net/minecraft/world/entity/monster/Evoker$EvokerSummonSpellGoal
[17jul.2025 17:31:07.461] [pool-4-thread-1/DEBUG] [net.minecraftforge.coremod.transformer.CoreModBaseTransformer/COREMOD]: Transforming net/minecraft/world/entity/animal/horse/SkeletonTrapGoal
[17jul.2025 17:31:07.503] [pool-4-thread-1/DEBUG] [net.minecraftforge.coremod.transformer.CoreModBaseTransformer/COREMOD]: Transforming net/minecraft/world/entity/monster/Strider
[17jul.2025 17:31:07.721] [pool-4-thread-1/DEBUG] [net.minecraftforge.coremod.transformer.CoreModBaseTransformer/COREMOD]: Transforming net/minecraft/world/entity/npc/Villager
[17jul.2025 17:31:07.915] [pool-4-thread-1/DEBUG] [net.minecraftforge.coremod.transformer.CoreModBaseTransformer/COREMOD]: Transforming net/minecraft/world/effect/MobEffectInstance
[17jul.2025 17:31:09.155] [pool-4-thread-1/DEBUG] [net.minecraftforge.coremod.transformer.CoreModBaseTransformer/COREMOD]: Transforming net/minecraft/world/level/levelgen/structure/Structure
[17jul.2025 17:31:09.246] [pool-4-thread-1/DEBUG] [net.minecraftforge.coremod.transformer.CoreModBaseTransformer/COREMOD]: Transforming net/minecraft/world/level/levelgen/structure/structures/OceanRuinPieces$OceanRuinPiece
[17jul.2025 17:31:09.285] [pool-4-thread-1/DEBUG] [net.minecraftforge.coremod.transformer.CoreModBaseTransformer/COREMOD]: Transforming net/minecraft/world/level/levelgen/structure/structures/SwampHutPiece
[17jul.2025 17:31:09.304] [pool-4-thread-1/DEBUG] [net.minecraftforge.coremod.transformer.CoreModBaseTransformer/COREMOD]: Transforming net/minecraft/world/level/levelgen/structure/structures/OceanMonumentPieces$OceanMonumentPiece
[17jul.2025 17:31:09.342] [pool-4-thread-1/DEBUG] [net.minecraftforge.coremod.transformer.CoreModBaseTransformer/COREMOD]: Transforming net/minecraft/world/level/levelgen/structure/structures/WoodlandMansionPieces$WoodlandMansionPiece
[17jul.2025 17:31:09.583] [pool-4-thread-1/DEBUG] [net.minecraftforge.coremod.transformer.CoreModBaseTransformer/COREMOD]: Transforming net/minecraft/world/level/biome/Biome
[17jul.2025 17:31:09.994] [pool-4-thread-1/DEBUG] [net.minecraftforge.registries.GameData/REGISTRIES]: Creating vanilla freeze snapshot
[17jul.2025 17:31:09.998] [pool-4-thread-1/DEBUG] [net.minecraftforge.registries.ForgeRegistry/REGISTRIES]: Registry minecraft:block Sync: VANILLA -> ACTIVE
[17jul.2025 17:31:10.043] [pool-4-thread-1/DEBUG] [net.minecraftforge.registries.ForgeRegistry/REGISTRIES]: Registry minecraft:fluid Sync: VANILLA -> ACTIVE
[17jul.2025 17:31:10.043] [pool-4-thread-1/DEBUG] [net.minecraftforge.registries.ForgeRegistry/REGISTRIES]: Registry minecraft:item Sync: VANILLA -> ACTIVE
[17jul.2025 17:31:10.067] [pool-4-thread-1/DEBUG] [net.minecraftforge.registries.ForgeRegistry/REGISTRIES]: Registry minecraft:mob_effect Sync: VANILLA -> ACTIVE
[17jul.2025 17:31:10.067] [pool-4-thread-1/DEBUG] [net.minecraftforge.registries.ForgeRegistry/REGISTRIES]: Registry minecraft:sound_event Sync: VANILLA -> ACTIVE
[17jul.2025 17:31:10.090] [pool-4-thread-1/DEBUG] [net.minecraftforge.registries.ForgeRegistry/REGISTRIES]: Registry minecraft:potion Sync: VANILLA -> ACTIVE
[17jul.2025 17:31:10.090] [pool-4-thread-1/DEBUG] [net.minecraftforge.registries.ForgeRegistry/REGISTRIES]: Registry minecraft:enchantment Sync: VANILLA -> ACTIVE
[17jul.2025 17:31:10.092] [pool-4-thread-1/DEBUG] [net.minecraftforge.registries.ForgeRegistry/REGISTRIES]: Registry minecraft:entity_type Sync: VANILLA -> ACTIVE
[17jul.2025 17:31:10.092] [pool-4-thread-1/DEBUG] [net.minecraftforge.registries.ForgeRegistry/REGISTRIES]: Registry minecraft:block_entity_type Sync: VANILLA -> ACTIVE
[17jul.2025 17:31:10.094] [pool-4-thread-1/DEBUG] [net.minecraftforge.registries.ForgeRegistry/REGISTRIES]: Registry minecraft:particle_type Sync: VANILLA -> ACTIVE
[17jul.2025 17:31:10.096] [pool-4-thread-1/DEBUG] [net.minecraftforge.registries.ForgeRegistry/REGISTRIES]: Registry minecraft:menu Sync: VANILLA -> ACTIVE
[17jul.2025 17:31:10.096] [pool-4-thread-1/DEBUG] [net.minecraftforge.registries.ForgeRegistry/REGISTRIES]: Registry minecraft:painting_variant Sync: VANILLA -> ACTIVE
[17jul.2025 17:31:10.096] [pool-4-thread-1/DEBUG] [net.minecraftforge.registries.ForgeRegistry/REGISTRIES]: Registry minecraft:recipe_type Sync: VANILLA -> ACTIVE
[17jul.2025 17:31:10.099] [pool-4-thread-1/DEBUG] [net.minecraftforge.registries.ForgeRegistry/REGISTRIES]: Registry minecraft:recipe_serializer Sync: VANILLA -> ACTIVE
[17jul.2025 17:31:10.099] [pool-4-thread-1/DEBUG] [net.minecraftforge.registries.ForgeRegistry/REGISTRIES]: Registry minecraft:attribute Sync: VANILLA -> ACTIVE
[17jul.2025 17:31:10.099] [pool-4-thread-1/DEBUG] [net.minecraftforge.registries.ForgeRegistry/REGISTRIES]: Registry minecraft:stat_type Sync: VANILLA -> ACTIVE
[17jul.2025 17:31:10.099] [pool-4-thread-1/DEBUG] [net.minecraftforge.registries.ForgeRegistry/REGISTRIES]: Registry minecraft:command_argument_type Sync: VANILLA -> ACTIVE
[17jul.2025 17:31:10.099] [pool-4-thread-1/DEBUG] [net.minecraftforge.registries.ForgeRegistry/REGISTRIES]: Registry minecraft:villager_profession Sync: VANILLA -> ACTIVE
[17jul.2025 17:31:10.101] [pool-4-thread-1/DEBUG] [net.minecraftforge.registries.ForgeRegistry/REGISTRIES]: Registry minecraft:point_of_interest_type Sync: VANILLA -> ACTIVE
[17jul.2025 17:31:10.107] [pool-4-thread-1/DEBUG] [net.minecraftforge.registries.ForgeRegistry/REGISTRIES]: Registry minecraft:memory_module_type Sync: VANILLA -> ACTIVE
[17jul.2025 17:31:10.107] [pool-4-thread-1/DEBUG] [net.minecraftforge.registries.ForgeRegistry/REGISTRIES]: Registry minecraft:sensor_type Sync: VANILLA -> ACTIVE
[17jul.2025 17:31:10.109] [pool-4-thread-1/DEBUG] [net.minecraftforge.registries.ForgeRegistry/REGISTRIES]: Registry minecraft:schedule Sync: VANILLA -> ACTIVE
[17jul.2025 17:31:10.109] [pool-4-thread-1/DEBUG] [net.minecraftforge.registries.ForgeRegistry/REGISTRIES]: Registry minecraft:activity Sync: VANILLA -> ACTIVE
[17jul.2025 17:31:10.109] [pool-4-thread-1/DEBUG] [net.minecraftforge.registries.ForgeRegistry/REGISTRIES]: Registry minecraft:worldgen/carver Sync: VANILLA -> ACTIVE
[17jul.2025 17:31:10.109] [pool-4-thread-1/DEBUG] [net.minecraftforge.registries.ForgeRegistry/REGISTRIES]: Registry minecraft:worldgen/feature Sync: VANILLA -> ACTIVE
[17jul.2025 17:31:10.111] [pool-4-thread-1/DEBUG] [net.minecraftforge.registries.ForgeRegistry/REGISTRIES]: Registry minecraft:chunk_status Sync: VANILLA -> ACTIVE
[17jul.2025 17:31:10.111] [pool-4-thread-1/DEBUG] [net.minecraftforge.registries.ForgeRegistry/REGISTRIES]: Registry minecraft:worldgen/block_state_provider_type Sync: VANILLA -> ACTIVE
[17jul.2025 17:31:10.111] [pool-4-thread-1/DEBUG] [net.minecraftforge.registries.ForgeRegistry/REGISTRIES]: Registry minecraft:worldgen/foliage_placer_type Sync: VANILLA -> ACTIVE
[17jul.2025 17:31:10.111] [pool-4-thread-1/DEBUG] [net.minecraftforge.registries.ForgeRegistry/REGISTRIES]: Registry minecraft:worldgen/tree_decorator_type Sync: VANILLA -> ACTIVE
[17jul.2025 17:31:10.111] [pool-4-thread-1/DEBUG] [net.minecraftforge.registries.ForgeRegistry/REGISTRIES]: Registry minecraft:worldgen/biome Sync: VANILLA -> ACTIVE
[17jul.2025 17:31:10.122] [pool-4-thread-1/DEBUG] [net.minecraftforge.registries.GameData/REGISTRIES]: Vanilla freeze snapshot created
[17jul.2025 17:31:10.472] [Datafixer Bootstrap/INFO] [com.mojang.datafixers.DataFixerBuilder/]: 188 Datafixer optimizations took 3802 milliseconds
[17jul.2025 17:31:10.645] [Render thread/WARN] [net.minecraft.server.packs.VanillaPackResourcesBuilder/]: Assets URL 'union:/C:/Users/marma/.gradle/caches/forge_gradle/minecraft_user_repo/net/minecraftforge/forge/1.20.1-47.3.0_mapped_parchment_2023.09.03-1.20.1/forge-1.20.1-47.3.0_mapped_parchment_2023.09.03-1.20.1-recomp.jar%23191!/assets/.mcassetsroot' uses unexpected schema
[17jul.2025 17:31:10.645] [Render thread/WARN] [net.minecraft.server.packs.VanillaPackResourcesBuilder/]: Assets URL 'union:/C:/Users/marma/.gradle/caches/forge_gradle/minecraft_user_repo/net/minecraftforge/forge/1.20.1-47.3.0_mapped_parchment_2023.09.03-1.20.1/forge-1.20.1-47.3.0_mapped_parchment_2023.09.03-1.20.1-recomp.jar%23191!/data/.mcassetsroot' uses unexpected schema
[17jul.2025 17:31:10.678] [Render thread/INFO] [com.mojang.authlib.yggdrasil.YggdrasilAuthenticationService/]: Environment: authHost='https://authserver.mojang.com', accountsHost='https://api.mojang.com', sessionHost='https://sessionserver.mojang.com', servicesHost='https://api.minecraftservices.com', name='PROD'
[17jul.2025 17:31:10.687] [Render thread/INFO] [net.minecraft.client.Minecraft/]: Setting user: Dev
[17jul.2025 17:31:10.898] [Render thread/INFO] [net.minecraft.client.Minecraft/]: Backend library: LWJGL version 3.3.1 build 7
[17jul.2025 17:31:11.388] [Render thread/DEBUG] [net.minecraftforge.common.ForgeI18n/CORE]: Loading I18N data entries: 6430
[17jul.2025 17:31:11.433] [Render thread/DEBUG] [net.minecraftforge.fml.ModWorkManager/LOADING]: Using 4 threads for parallel mod-loading
[17jul.2025 17:31:11.459] [Render thread/DEBUG] [net.minecraftforge.fml.javafmlmod.FMLJavaModLanguageProvider/LOADING]: Loading FMLModContainer from classloader cpw.mods.modlauncher.TransformingClassLoader@221a2068 - got cpw.mods.cl.ModuleClassLoader@2dbd803f
[17jul.2025 17:31:11.459] [Render thread/DEBUG] [net.minecraftforge.fml.javafmlmod.FMLModContainer/LOADING]: Creating FMLModContainer instance for net.minecraftforge.common.ForgeMod
[17jul.2025 17:31:11.484] [Render thread/DEBUG] [net.minecraftforge.fml.javafmlmod.FMLJavaModLanguageProvider/LOADING]: Loading FMLModContainer from classloader cpw.mods.modlauncher.TransformingClassLoader@221a2068 - got cpw.mods.cl.ModuleClassLoader@2dbd803f
[17jul.2025 17:31:11.484] [Render thread/DEBUG] [net.minecraftforge.fml.javafmlmod.FMLModContainer/LOADING]: Creating FMLModContainer instance for net.marmar.enhanced_playthrough.EnhancedPlaythrough
[17jul.2025 17:31:11.511] [Render thread/DEBUG] [net.minecraftforge.fml.javafmlmod.FMLJavaModLanguageProvider/LOADING]: Loading FMLModContainer from classloader cpw.mods.modlauncher.TransformingClassLoader@221a2068 - got cpw.mods.cl.ModuleClassLoader@2dbd803f
[17jul.2025 17:31:11.511] [Render thread/DEBUG] [net.minecraftforge.fml.javafmlmod.FMLModContainer/LOADING]: Creating FMLModContainer instance for snownee.jade.util.CommonProxy
[17jul.2025 17:31:11.515] [Render thread/DEBUG] [net.minecraftforge.fml.javafmlmod.FMLJavaModLanguageProvider/LOADING]: Loading FMLModContainer from classloader cpw.mods.modlauncher.TransformingClassLoader@221a2068 - got cpw.mods.cl.ModuleClassLoader@2dbd803f
[17jul.2025 17:31:11.515] [Render thread/DEBUG] [net.minecraftforge.fml.javafmlmod.FMLModContainer/LOADING]: Creating FMLModContainer instance for mezz.jei.forge.JustEnoughItems
[17jul.2025 17:31:11.630] [modloading-worker-0/DEBUG] [net.minecraftforge.versions.forge.ForgeVersion/CORE]: Forge Version package package net.minecraftforge.versions.forge, Forge, version 47.3 from cpw.mods.modlauncher.TransformingClassLoader@221a2068
[17jul.2025 17:31:11.631] [modloading-worker-0/DEBUG] [net.minecraftforge.versions.forge.ForgeVersion/CORE]: Found Forge version 47.3.0
[17jul.2025 17:31:11.631] [modloading-worker-0/DEBUG] [net.minecraftforge.versions.forge.ForgeVersion/CORE]: Found Forge spec 47.3
[17jul.2025 17:31:11.631] [modloading-worker-0/DEBUG] [net.minecraftforge.versions.forge.ForgeVersion/CORE]: Found Forge group net.minecraftforge
[17jul.2025 17:31:11.635] [modloading-worker-0/DEBUG] [net.minecraftforge.versions.mcp.MCPVersion/CORE]: MCP Version package package net.minecraftforge.versions.mcp, Minecraft, version 1.20.1 from cpw.mods.modlauncher.TransformingClassLoader@221a2068
[17jul.2025 17:31:11.635] [modloading-worker-0/DEBUG] [net.minecraftforge.versions.mcp.MCPVersion/CORE]: Found MC version information 1.20.1
[17jul.2025 17:31:11.635] [modloading-worker-0/DEBUG] [net.minecraftforge.versions.mcp.MCPVersion/CORE]: Found MCP version information 20230612.114412
[17jul.2025 17:31:11.635] [modloading-worker-0/INFO] [net.minecraftforge.common.ForgeMod/FORGEMOD]: Forge mod loading, version 47.3.0, for MC 1.20.1 with MCP 20230612.114412
[17jul.2025 17:31:11.636] [modloading-worker-0/INFO] [net.minecraftforge.common.MinecraftForge/FORGE]: MinecraftForge v47.3.0 Initialized
[17jul.2025 17:31:11.654] [modloading-worker-0/DEBUG] [net.minecraftforge.fml.config.ConfigTracker/CONFIG]: Config file jei-server.toml for jei tracking
[17jul.2025 17:31:11.796] [modloading-worker-0/DEBUG] [mezz.jei.common.platform.Services/]: Loaded mezz.jei.forge.platform.PlatformHelper@11964aa8 for service interface mezz.jei.common.platform.IPlatformHelper
[17jul.2025 17:31:11.939] [modloading-worker-0/DEBUG] [net.minecraftforge.fml.javafmlmod.AutomaticEventSubscriber/LOADING]: Attempting to inject @EventBusSubscriber classes into the eventbus for jade
[17jul.2025 17:31:12.119] [modloading-worker-0/DEBUG] [io.netty.util.internal.PlatformDependent0/]: -Dio.netty.noUnsafe: false
[17jul.2025 17:31:12.120] [modloading-worker-0/DEBUG] [io.netty.util.internal.PlatformDependent0/]: Java version: 17
[17jul.2025 17:31:12.125] [modloading-worker-0/DEBUG] [io.netty.util.internal.PlatformDependent0/]: sun.misc.Unsafe.theUnsafe: available
[17jul.2025 17:31:12.128] [modloading-worker-0/DEBUG] [io.netty.util.internal.PlatformDependent0/]: sun.misc.Unsafe.copyMemory: available
[17jul.2025 17:31:12.129] [modloading-worker-0/DEBUG] [io.netty.util.internal.PlatformDependent0/]: sun.misc.Unsafe.storeFence: available
[17jul.2025 17:31:12.130] [modloading-worker-0/DEBUG] [io.netty.util.internal.PlatformDependent0/]: java.nio.Buffer.address: available
[17jul.2025 17:31:12.132] [modloading-worker-0/DEBUG] [io.netty.util.internal.PlatformDependent0/]: direct buffer constructor: unavailable
java.lang.UnsupportedOperationException: Reflective setAccessible(true) disabled
	at io.netty.util.internal.ReflectionUtil.trySetAccessible(ReflectionUtil.java:31) ~[netty-common-4.1.82.Final.jar%23151!/:4.1.82.Final]
	at io.netty.util.internal.PlatformDependent0$5.run(PlatformDependent0.java:288) ~[netty-common-4.1.82.Final.jar%23151!/:4.1.82.Final]
	at java.security.AccessController.doPrivileged(AccessController.java:318) ~[?:?]
	at io.netty.util.internal.PlatformDependent0.<clinit>(PlatformDependent0.java:282) ~[netty-common-4.1.82.Final.jar%23151!/:4.1.82.Final]
	at io.netty.util.internal.PlatformDependent.isAndroid(PlatformDependent.java:333) ~[netty-common-4.1.82.Final.jar%23151!/:4.1.82.Final]
	at io.netty.util.internal.PlatformDependent.<clinit>(PlatformDependent.java:88) ~[netty-common-4.1.82.Final.jar%23151!/:4.1.82.Final]
	at io.netty.util.ConstantPool.<init>(ConstantPool.java:34) ~[netty-common-4.1.82.Final.jar%23151!/:4.1.82.Final]
	at io.netty.util.AttributeKey$1.<init>(AttributeKey.java:27) ~[netty-common-4.1.82.Final.jar%23151!/:4.1.82.Final]
	at io.netty.util.AttributeKey.<clinit>(AttributeKey.java:27) ~[netty-common-4.1.82.Final.jar%23151!/:4.1.82.Final]
	at net.minecraftforge.network.NetworkConstants.<clinit>(NetworkConstants.java:34) ~[forge-1.20.1-47.3.0_mapped_parchment_2023.09.03-1.20.1-recomp.jar%23190%23197!/:?]
	at net.minecraftforge.common.ForgeMod.<init>(ForgeMod.java:429) ~[forge-1.20.1-47.3.0_mapped_parchment_2023.09.03-1.20.1-recomp.jar%23190%23197!/:?]
	at jdk.internal.reflect.NativeConstructorAccessorImpl.newInstance0(Native Method) ~[?:?]
	at jdk.internal.reflect.NativeConstructorAccessorImpl.newInstance(NativeConstructorAccessorImpl.java:77) ~[?:?]
	at jdk.internal.reflect.DelegatingConstructorAccessorImpl.newInstance(DelegatingConstructorAccessorImpl.java:45) ~[?:?]
	at java.lang.reflect.Constructor.newInstanceWithCaller(Constructor.java:500) ~[?:?]
	at java.lang.reflect.Constructor.newInstance(Constructor.java:481) ~[?:?]
	at net.minecraftforge.fml.javafmlmod.FMLModContainer.constructMod(FMLModContainer.java:70) ~[javafmllanguage-1.20.1-47.3.0.jar%23192!/:?]
	at net.minecraftforge.fml.ModContainer.lambda$buildTransitionHandler$4(ModContainer.java:124) ~[fmlcore-1.20.1-47.3.0.jar%23195!/:?]
	at java.util.concurrent.CompletableFuture$AsyncRun.run(CompletableFuture.java:1804) ~[?:?]
	at java.util.concurrent.CompletableFuture$AsyncRun.exec(CompletableFuture.java:1796) ~[?:?]
	at java.util.concurrent.ForkJoinTask.doExec(ForkJoinTask.java:373) ~[?:?]
	at java.util.concurrent.ForkJoinPool$WorkQueue.topLevelExec(ForkJoinPool.java:1182) ~[?:?]
	at java.util.concurrent.ForkJoinPool.scan(ForkJoinPool.java:1655) ~[?:?]
	at java.util.concurrent.ForkJoinPool.runWorker(ForkJoinPool.java:1622) ~[?:?]
	at java.util.concurrent.ForkJoinWorkerThread.run(ForkJoinWorkerThread.java:165) ~[?:?]
[17jul.2025 17:31:12.138] [modloading-worker-0/DEBUG] [io.netty.util.internal.PlatformDependent0/]: java.nio.Bits.unaligned: available, true
[17jul.2025 17:31:12.140] [modloading-worker-0/DEBUG] [io.netty.util.internal.PlatformDependent0/]: jdk.internal.misc.Unsafe.allocateUninitializedArray(int): unavailable
java.lang.IllegalAccessException: class io.netty.util.internal.PlatformDependent0$7 (in module io.netty.common) cannot access class jdk.internal.misc.Unsafe (in module java.base) because module java.base does not export jdk.internal.misc to module io.netty.common
	at jdk.internal.reflect.Reflection.newIllegalAccessException(Reflection.java:392) ~[?:?]
	at java.lang.reflect.AccessibleObject.checkAccess(AccessibleObject.java:674) ~[?:?]
	at java.lang.reflect.Method.invoke(Method.java:561) ~[?:?]
	at io.netty.util.internal.PlatformDependent0$7.run(PlatformDependent0.java:410) ~[netty-common-4.1.82.Final.jar%23151!/:4.1.82.Final]
	at java.security.AccessController.doPrivileged(AccessController.java:318) ~[?:?]
	at io.netty.util.internal.PlatformDependent0.<clinit>(PlatformDependent0.java:401) ~[netty-common-4.1.82.Final.jar%23151!/:4.1.82.Final]
	at io.netty.util.internal.PlatformDependent.isAndroid(PlatformDependent.java:333) ~[netty-common-4.1.82.Final.jar%23151!/:4.1.82.Final]
	at io.netty.util.internal.PlatformDependent.<clinit>(PlatformDependent.java:88) ~[netty-common-4.1.82.Final.jar%23151!/:4.1.82.Final]
	at io.netty.util.ConstantPool.<init>(ConstantPool.java:34) ~[netty-common-4.1.82.Final.jar%23151!/:4.1.82.Final]
	at io.netty.util.AttributeKey$1.<init>(AttributeKey.java:27) ~[netty-common-4.1.82.Final.jar%23151!/:4.1.82.Final]
	at io.netty.util.AttributeKey.<clinit>(AttributeKey.java:27) ~[netty-common-4.1.82.Final.jar%23151!/:4.1.82.Final]
	at net.minecraftforge.network.NetworkConstants.<clinit>(NetworkConstants.java:34) ~[forge-1.20.1-47.3.0_mapped_parchment_2023.09.03-1.20.1-recomp.jar%23190%23197!/:?]
	at net.minecraftforge.common.ForgeMod.<init>(ForgeMod.java:429) ~[forge-1.20.1-47.3.0_mapped_parchment_2023.09.03-1.20.1-recomp.jar%23190%23197!/:?]
	at jdk.internal.reflect.NativeConstructorAccessorImpl.newInstance0(Native Method) ~[?:?]
	at jdk.internal.reflect.NativeConstructorAccessorImpl.newInstance(NativeConstructorAccessorImpl.java:77) ~[?:?]
	at jdk.internal.reflect.DelegatingConstructorAccessorImpl.newInstance(DelegatingConstructorAccessorImpl.java:45) ~[?:?]
	at java.lang.reflect.Constructor.newInstanceWithCaller(Constructor.java:500) ~[?:?]
	at java.lang.reflect.Constructor.newInstance(Constructor.java:481) ~[?:?]
	at net.minecraftforge.fml.javafmlmod.FMLModContainer.constructMod(FMLModContainer.java:70) ~[javafmllanguage-1.20.1-47.3.0.jar%23192!/:?]
	at net.minecraftforge.fml.ModContainer.lambda$buildTransitionHandler$4(ModContainer.java:124) ~[fmlcore-1.20.1-47.3.0.jar%23195!/:?]
	at java.util.concurrent.CompletableFuture$AsyncRun.run(CompletableFuture.java:1804) ~[?:?]
	at java.util.concurrent.CompletableFuture$AsyncRun.exec(CompletableFuture.java:1796) ~[?:?]
	at java.util.concurrent.ForkJoinTask.doExec(ForkJoinTask.java:373) ~[?:?]
	at java.util.concurrent.ForkJoinPool$WorkQueue.topLevelExec(ForkJoinPool.java:1182) ~[?:?]
	at java.util.concurrent.ForkJoinPool.scan(ForkJoinPool.java:1655) ~[?:?]
	at java.util.concurrent.ForkJoinPool.runWorker(ForkJoinPool.java:1622) ~[?:?]
	at java.util.concurrent.ForkJoinWorkerThread.run(ForkJoinWorkerThread.java:165) ~[?:?]
[17jul.2025 17:31:12.147] [modloading-worker-0/DEBUG] [io.netty.util.internal.PlatformDependent0/]: java.nio.DirectByteBuffer.<init>(long, int): unavailable
[17jul.2025 17:31:12.148] [modloading-worker-0/DEBUG] [io.netty.util.internal.PlatformDependent/]: sun.misc.Unsafe: available
[17jul.2025 17:31:12.149] [modloading-worker-0/DEBUG] [io.netty.util.internal.PlatformDependent/]: maxDirectMemory: 1598029824 bytes (maybe)
[17jul.2025 17:31:12.150] [modloading-worker-0/DEBUG] [io.netty.util.internal.PlatformDependent/]: -Dio.netty.tmpdir: C:\Users\marma\AppData\Local\Temp (java.io.tmpdir)
[17jul.2025 17:31:12.150] [modloading-worker-0/DEBUG] [io.netty.util.internal.PlatformDependent/]: -Dio.netty.bitMode: 64 (sun.arch.data.model)
[17jul.2025 17:31:12.150] [modloading-worker-0/DEBUG] [io.netty.util.internal.PlatformDependent/]: Platform: Windows
[17jul.2025 17:31:12.151] [modloading-worker-0/DEBUG] [io.netty.util.internal.PlatformDependent/]: -Dio.netty.maxDirectMemory: -1 bytes
[17jul.2025 17:31:12.151] [modloading-worker-0/DEBUG] [io.netty.util.internal.PlatformDependent/]: -Dio.netty.uninitializedArrayAllocationThreshold: -1
[17jul.2025 17:31:12.159] [modloading-worker-0/DEBUG] [io.netty.util.internal.CleanerJava9/]: java.nio.ByteBuffer.cleaner(): available
[17jul.2025 17:31:12.160] [modloading-worker-0/DEBUG] [io.netty.util.internal.PlatformDependent/]: -Dio.netty.noPreferDirect: false
[17jul.2025 17:31:12.184] [modloading-worker-0/DEBUG] [mezz.jei.common.config.file.ConfigSerializer/]: Loading config file: D:\Repositorios GitHub\Enhanced_Playtrough_Mod\Enhanched_Minecraft_Mod\run\config\jei\jei-debug.ini
[17jul.2025 17:31:12.209] [modloading-worker-0/DEBUG] [net.minecraftforge.common.ForgeMod/FORGEMOD]: Loading Network data for FML net version: FML3
[17jul.2025 17:31:12.271] [modloading-worker-0/DEBUG] [net.minecraftforge.fml.config.ConfigTracker/CONFIG]: Config file forge-client.toml for forge tracking
[17jul.2025 17:31:12.271] [modloading-worker-0/DEBUG] [net.minecraftforge.fml.config.ConfigTracker/CONFIG]: Config file forge-server.toml for forge tracking
[17jul.2025 17:31:12.271] [modloading-worker-0/DEBUG] [net.minecraftforge.fml.ModLoadingContext/]: Attempted to register an empty config for type COMMON on mod forge
[17jul.2025 17:31:12.332] [modloading-worker-0/DEBUG] [net.minecraftforge.fml.javafmlmod.AutomaticEventSubscriber/LOADING]: Attempting to inject @EventBusSubscriber classes into the eventbus for forge
[17jul.2025 17:31:12.337] [modloading-worker-0/DEBUG] [net.minecraftforge.fml.javafmlmod.AutomaticEventSubscriber/LOADING]: Auto-subscribing net.minecraftforge.common.ForgeSpawnEggItem$CommonHandler to MOD
[17jul.2025 17:31:12.342] [modloading-worker-0/DEBUG] [net.minecraftforge.fml.javafmlmod.AutomaticEventSubscriber/LOADING]: Auto-subscribing net.minecraftforge.common.ForgeSpawnEggItem$ColorRegisterHandler to MOD
[17jul.2025 17:31:12.353] [modloading-worker-0/DEBUG] [net.minecraftforge.fml.javafmlmod.AutomaticEventSubscriber/LOADING]: Auto-subscribing net.minecraftforge.client.model.data.ModelDataManager to FORGE
[17jul.2025 17:31:12.356] [modloading-worker-0/DEBUG] [net.minecraftforge.fml.javafmlmod.AutomaticEventSubscriber/LOADING]: Auto-subscribing net.minecraftforge.client.ForgeHooksClient$ClientEvents to MOD
[17jul.2025 17:31:12.370] [modloading-worker-0/DEBUG] [net.minecraftforge.fml.javafmlmod.AutomaticEventSubscriber/LOADING]: Auto-subscribing net.minecraftforge.client.ClientForgeMod to MOD
[17jul.2025 17:31:12.401] [modloading-worker-0/DEBUG] [mezz.jei.common.config.file.ConfigSerializer/]: Saving config file: D:\Repositorios GitHub\Enhanced_Playtrough_Mod\Enhanched_Minecraft_Mod\run\config\jei\jei-debug.ini
[17jul.2025 17:31:12.421] [modloading-worker-0/DEBUG] [mezz.jei.common.config.file.ConfigSerializer/]: Loading config file: D:\Repositorios GitHub\Enhanced_Playtrough_Mod\Enhanched_Minecraft_Mod\run\config\jei\jei-mod-id-format.ini
[17jul.2025 17:31:12.446] [modloading-worker-0/DEBUG] [mezz.jei.common.config.file.ConfigSerializer/]: Saving config file: D:\Repositorios GitHub\Enhanced_Playtrough_Mod\Enhanched_Minecraft_Mod\run\config\jei\jei-mod-id-format.ini
[17jul.2025 17:31:12.462] [modloading-worker-0/DEBUG] [mezz.jei.common.config.file.ConfigSerializer/]: Loading config file: D:\Repositorios GitHub\Enhanced_Playtrough_Mod\Enhanched_Minecraft_Mod\run\config\jei\jei-colors.ini
[17jul.2025 17:31:12.529] [modloading-worker-0/DEBUG] [mezz.jei.common.config.file.ConfigSerializer/]: Saving config file: D:\Repositorios GitHub\Enhanced_Playtrough_Mod\Enhanched_Minecraft_Mod\run\config\jei\jei-colors.ini
[17jul.2025 17:31:12.557] [modloading-worker-0/DEBUG] [mezz.jei.common.config.file.ConfigSerializer/]: Loading config file: D:\Repositorios GitHub\Enhanced_Playtrough_Mod\Enhanched_Minecraft_Mod\run\config\jei\jei-client.ini
[17jul.2025 17:31:12.609] [modloading-worker-0/DEBUG] [mezz.jei.common.config.file.ConfigSerializer/]: Saving config file: D:\Repositorios GitHub\Enhanced_Playtrough_Mod\Enhanched_Minecraft_Mod\run\config\jei\jei-client.ini
[17jul.2025 17:31:12.628] [modloading-worker-0/INFO] [mezz.jei.library.load.PluginCaller/]: Sending ConfigManager...
[17jul.2025 17:31:12.633] [modloading-worker-0/DEBUG] [mezz.jei.library.load.PluginCallerTimerRunnable/]: Sending ConfigManager: jei:minecraft...
[17jul.2025 17:31:12.633] [modloading-worker-0/DEBUG] [mezz.jei.library.load.PluginCallerTimerRunnable/]: Sending ConfigManager: enhanced_playthrough:jei_plugin...
[17jul.2025 17:31:12.633] [modloading-worker-0/DEBUG] [mezz.jei.library.load.PluginCallerTimerRunnable/]: Sending ConfigManager: jade:main...
[17jul.2025 17:31:12.633] [modloading-worker-0/DEBUG] [mezz.jei.library.load.PluginCallerTimerRunnable/]: Sending ConfigManager: jei:debug...
[17jul.2025 17:31:12.633] [modloading-worker-0/DEBUG] [mezz.jei.library.load.PluginCallerTimerRunnable/]: Sending ConfigManager: jei:gui...
[17jul.2025 17:31:12.633] [modloading-worker-0/DEBUG] [mezz.jei.library.load.PluginCallerTimerRunnable/]: Sending ConfigManager: jei:forge_gui...
[17jul.2025 17:31:12.633] [modloading-worker-0/DEBUG] [mezz.jei.library.load.PluginCallerTimerRunnable/]: Sending ConfigManager: jei:internal...
[17jul.2025 17:31:12.634] [modloading-worker-0/INFO] [mezz.jei.library.load.PluginCaller/]: Sending ConfigManager took 4.251 ms
[17jul.2025 17:31:12.665] [modloading-worker-0/DEBUG] [net.minecraftforge.fml.javafmlmod.AutomaticEventSubscriber/LOADING]: Attempting to inject @EventBusSubscriber classes into the eventbus for jei
[17jul.2025 17:31:13.598] [modloading-worker-0/DEBUG] [net.minecraftforge.fml.javafmlmod.AutomaticEventSubscriber/LOADING]: Attempting to inject @EventBusSubscriber classes into the eventbus for enhanced_playthrough
[17jul.2025 17:31:13.598] [modloading-worker-0/DEBUG] [net.minecraftforge.fml.javafmlmod.AutomaticEventSubscriber/LOADING]: Auto-subscribing net.marmar.enhanced_playthrough.data.DataGenerators to MOD
[17jul.2025 17:31:13.606] [modloading-worker-0/DEBUG] [net.minecraftforge.fml.javafmlmod.AutomaticEventSubscriber/LOADING]: Auto-subscribing net.marmar.enhanced_playthrough.event.EPClientEventBusEvents to MOD
[17jul.2025 17:31:13.628] [modloading-worker-0/DEBUG] [net.minecraftforge.fml.javafmlmod.AutomaticEventSubscriber/LOADING]: Auto-subscribing net.marmar.enhanced_playthrough.event.EPEventBusEvents to MOD
[17jul.2025 17:31:13.642] [modloading-worker-0/DEBUG] [net.minecraftforge.fml.javafmlmod.AutomaticEventSubscriber/LOADING]: Auto-subscribing net.marmar.enhanced_playthrough.event.EPTradeEvents to FORGE
[17jul.2025 17:31:13.661] [modloading-worker-0/DEBUG] [net.minecraftforge.fml.javafmlmod.AutomaticEventSubscriber/LOADING]: Auto-subscribing net.marmar.enhanced_playthrough.util.tab.VanillaTabs to MOD
[17jul.2025 17:31:13.714] [Render thread/DEBUG] [net.minecraftforge.registries.ObjectHolderRegistry/REGISTRIES]: Processing ObjectHolder annotations
[17jul.2025 17:31:13.771] [Render thread/DEBUG] [net.minecraftforge.registries.ObjectHolderRegistry/REGISTRIES]: Found 4554 ObjectHolder annotations
[17jul.2025 17:31:13.787] [Render thread/DEBUG] [net.minecraftforge.common.capabilities.CapabilityManager/CAPABILITIES]: Attempting to automatically register: Lnet/minecraftforge/energy/IEnergyStorage;
[17jul.2025 17:31:13.793] [Render thread/DEBUG] [net.minecraftforge.common.capabilities.CapabilityManager/CAPABILITIES]: Attempting to automatically register: Lnet/minecraftforge/fluids/capability/IFluidHandler;
[17jul.2025 17:31:13.793] [Render thread/DEBUG] [net.minecraftforge.common.capabilities.CapabilityManager/CAPABILITIES]: Attempting to automatically register: Lnet/minecraftforge/fluids/capability/IFluidHandlerItem;
[17jul.2025 17:31:13.793] [Render thread/DEBUG] [net.minecraftforge.common.capabilities.CapabilityManager/CAPABILITIES]: Attempting to automatically register: Lnet/minecraftforge/items/IItemHandler;
[17jul.2025 17:31:13.795] [Render thread/DEBUG] [net.minecraftforge.registries.GameData/REGISTRIES]: Unfreezing vanilla registries
[17jul.2025 17:31:13.802] [Render thread/DEBUG] [net.minecraftforge.registries.GameData/REGISTRIES]: Applying holder lookups: minecraft:sound_event
[17jul.2025 17:31:13.811] [Render thread/DEBUG] [net.minecraftforge.registries.GameData/REGISTRIES]: Holder lookups applied: minecraft:sound_event
[17jul.2025 17:31:13.812] [Render thread/DEBUG] [net.minecraftforge.registries.GameData/REGISTRIES]: Applying holder lookups: minecraft:fluid
[17jul.2025 17:31:13.813] [Render thread/DEBUG] [net.minecraftforge.registries.GameData/REGISTRIES]: Holder lookups applied: minecraft:fluid
[17jul.2025 17:31:14.227] [Render thread/DEBUG] [net.minecraftforge.registries.GameData/REGISTRIES]: Applying holder lookups: minecraft:block
[17jul.2025 17:31:14.230] [Render thread/DEBUG] [net.minecraftforge.registries.GameData/REGISTRIES]: Holder lookups applied: minecraft:block
[17jul.2025 17:31:14.231] [Render thread/DEBUG] [net.minecraftforge.registries.GameData/REGISTRIES]: Applying holder lookups: minecraft:attribute
[17jul.2025 17:31:14.232] [Render thread/DEBUG] [net.minecraftforge.registries.GameData/REGISTRIES]: Holder lookups applied: minecraft:attribute
[17jul.2025 17:31:14.233] [Render thread/DEBUG] [net.minecraftforge.registries.GameData/REGISTRIES]: Applying holder lookups: minecraft:mob_effect
[17jul.2025 17:31:14.234] [Render thread/DEBUG] [net.minecraftforge.registries.GameData/REGISTRIES]: Holder lookups applied: minecraft:mob_effect
[17jul.2025 17:31:14.235] [Render thread/DEBUG] [net.minecraftforge.registries.GameData/REGISTRIES]: Applying holder lookups: minecraft:particle_type
[17jul.2025 17:31:14.237] [Render thread/DEBUG] [net.minecraftforge.registries.GameData/REGISTRIES]: Holder lookups applied: minecraft:particle_type
[17jul.2025 17:31:14.278] [Render thread/DEBUG] [io.netty.util.internal.InternalThreadLocalMap/]: -Dio.netty.threadLocalMap.stringBuilder.initialSize: 1024
[17jul.2025 17:31:14.278] [Render thread/DEBUG] [io.netty.util.internal.InternalThreadLocalMap/]: -Dio.netty.threadLocalMap.stringBuilder.maxSize: 4096
[17jul.2025 17:31:14.279] [Render thread/DEBUG] [io.netty.util.internal.ThreadLocalRandom/]: -Dio.netty.initialSeedUniquifier: 0x9bfa37cbcf7a6d3f
[17jul.2025 17:31:14.329] [Render thread/DEBUG] [net.minecraftforge.registries.GameData/REGISTRIES]: Applying holder lookups: minecraft:item
[17jul.2025 17:31:14.333] [Render thread/DEBUG] [net.minecraftforge.registries.GameData/REGISTRIES]: Holder lookups applied: minecraft:item
[17jul.2025 17:31:14.352] [Render thread/DEBUG] [net.minecraftforge.registries.GameData/REGISTRIES]: Applying holder lookups: minecraft:entity_type
[17jul.2025 17:31:14.353] [Render thread/DEBUG] [net.minecraftforge.registries.GameData/REGISTRIES]: Holder lookups applied: minecraft:entity_type
[17jul.2025 17:31:14.354] [Render thread/DEBUG] [net.minecraftforge.registries.GameData/REGISTRIES]: Applying holder lookups: minecraft:sensor_type
[17jul.2025 17:31:14.355] [Render thread/DEBUG] [net.minecraftforge.registries.GameData/REGISTRIES]: Holder lookups applied: minecraft:sensor_type
[17jul.2025 17:31:14.356] [Render thread/DEBUG] [net.minecraftforge.registries.GameData/REGISTRIES]: Applying holder lookups: minecraft:memory_module_type
[17jul.2025 17:31:14.357] [Render thread/DEBUG] [net.minecraftforge.registries.GameData/REGISTRIES]: Holder lookups applied: minecraft:memory_module_type
[17jul.2025 17:31:14.358] [Render thread/DEBUG] [net.minecraftforge.registries.GameData/REGISTRIES]: Applying holder lookups: minecraft:potion
[17jul.2025 17:31:14.359] [Render thread/DEBUG] [net.minecraftforge.registries.GameData/REGISTRIES]: Holder lookups applied: minecraft:potion
[17jul.2025 17:31:14.360] [Render thread/DEBUG] [net.minecraftforge.registries.GameData/REGISTRIES]: Applying holder lookups: minecraft:game_event
[17jul.2025 17:31:14.361] [Render thread/DEBUG] [net.minecraftforge.registries.GameData/REGISTRIES]: Holder lookups applied: minecraft:game_event
[17jul.2025 17:31:14.362] [Render thread/DEBUG] [net.minecraftforge.registries.GameData/REGISTRIES]: Applying holder lookups: minecraft:enchantment
[17jul.2025 17:31:14.364] [Render thread/DEBUG] [net.minecraftforge.registries.GameData/REGISTRIES]: Holder lookups applied: minecraft:enchantment
[17jul.2025 17:31:14.471] [Render thread/DEBUG] [net.minecraftforge.registries.GameData/REGISTRIES]: Applying holder lookups: minecraft:block_entity_type
[17jul.2025 17:31:14.473] [Render thread/DEBUG] [net.minecraftforge.registries.GameData/REGISTRIES]: Holder lookups applied: minecraft:block_entity_type
[17jul.2025 17:31:14.473] [Render thread/DEBUG] [net.minecraftforge.registries.GameData/REGISTRIES]: Applying holder lookups: minecraft:painting_variant
[17jul.2025 17:31:14.475] [Render thread/DEBUG] [net.minecraftforge.registries.GameData/REGISTRIES]: Holder lookups applied: minecraft:painting_variant
[17jul.2025 17:31:14.478] [Render thread/DEBUG] [net.minecraftforge.registries.GameData/REGISTRIES]: Applying holder lookups: minecraft:stat_type
[17jul.2025 17:31:14.479] [Render thread/DEBUG] [net.minecraftforge.registries.GameData/REGISTRIES]: Holder lookups applied: minecraft:stat_type
[17jul.2025 17:31:14.480] [Render thread/DEBUG] [net.minecraftforge.registries.GameData/REGISTRIES]: Applying holder lookups: minecraft:custom_stat
[17jul.2025 17:31:14.481] [Render thread/DEBUG] [net.minecraftforge.registries.GameData/REGISTRIES]: Holder lookups applied: minecraft:custom_stat
[17jul.2025 17:31:14.481] [Render thread/DEBUG] [net.minecraftforge.registries.GameData/REGISTRIES]: Applying holder lookups: minecraft:chunk_status
[17jul.2025 17:31:14.482] [Render thread/DEBUG] [net.minecraftforge.registries.GameData/REGISTRIES]: Holder lookups applied: minecraft:chunk_status
[17jul.2025 17:31:14.483] [Render thread/DEBUG] [net.minecraftforge.registries.GameData/REGISTRIES]: Applying holder lookups: minecraft:rule_test
[17jul.2025 17:31:14.484] [Render thread/DEBUG] [net.minecraftforge.registries.GameData/REGISTRIES]: Holder lookups applied: minecraft:rule_test
[17jul.2025 17:31:14.484] [Render thread/DEBUG] [net.minecraftforge.registries.GameData/REGISTRIES]: Applying holder lookups: minecraft:rule_block_entity_modifier
[17jul.2025 17:31:14.486] [Render thread/DEBUG] [net.minecraftforge.registries.GameData/REGISTRIES]: Holder lookups applied: minecraft:rule_block_entity_modifier
[17jul.2025 17:31:14.486] [Render thread/DEBUG] [net.minecraftforge.registries.GameData/REGISTRIES]: Applying holder lookups: minecraft:pos_rule_test
[17jul.2025 17:31:14.487] [Render thread/DEBUG] [net.minecraftforge.registries.GameData/REGISTRIES]: Holder lookups applied: minecraft:pos_rule_test
[17jul.2025 17:31:14.489] [Render thread/DEBUG] [net.minecraftforge.registries.GameData/REGISTRIES]: Applying holder lookups: minecraft:menu
[17jul.2025 17:31:14.491] [Render thread/DEBUG] [net.minecraftforge.registries.GameData/REGISTRIES]: Holder lookups applied: minecraft:menu
[17jul.2025 17:31:14.542] [Render thread/DEBUG] [net.minecraftforge.registries.GameData/REGISTRIES]: Applying holder lookups: minecraft:recipe_type
[17jul.2025 17:31:14.544] [Render thread/DEBUG] [net.minecraftforge.registries.GameData/REGISTRIES]: Holder lookups applied: minecraft:recipe_type
[17jul.2025 17:31:14.655] [Render thread/DEBUG] [net.minecraftforge.registries.GameData/REGISTRIES]: Applying holder lookups: minecraft:recipe_serializer
[17jul.2025 17:31:14.657] [Render thread/DEBUG] [net.minecraftforge.registries.GameData/REGISTRIES]: Holder lookups applied: minecraft:recipe_serializer
[17jul.2025 17:31:14.658] [Render thread/DEBUG] [net.minecraftforge.registries.GameData/REGISTRIES]: Applying holder lookups: minecraft:position_source_type
[17jul.2025 17:31:14.659] [Render thread/DEBUG] [net.minecraftforge.registries.GameData/REGISTRIES]: Holder lookups applied: minecraft:position_source_type
[17jul.2025 17:31:14.662] [Render thread/DEBUG] [net.minecraftforge.registries.GameData/REGISTRIES]: Applying holder lookups: minecraft:command_argument_type
[17jul.2025 17:31:14.663] [Render thread/DEBUG] [net.minecraftforge.registries.GameData/REGISTRIES]: Holder lookups applied: minecraft:command_argument_type
[17jul.2025 17:31:14.663] [Render thread/DEBUG] [net.minecraftforge.registries.GameData/REGISTRIES]: Applying holder lookups: minecraft:villager_type
[17jul.2025 17:31:14.664] [Render thread/DEBUG] [net.minecraftforge.registries.GameData/REGISTRIES]: Holder lookups applied: minecraft:villager_type
[17jul.2025 17:31:14.666] [Render thread/DEBUG] [net.minecraftforge.registries.GameData/REGISTRIES]: Applying holder lookups: minecraft:villager_profession
[17jul.2025 17:31:14.667] [Render thread/DEBUG] [net.minecraftforge.registries.GameData/REGISTRIES]: Holder lookups applied: minecraft:villager_profession
[17jul.2025 17:31:14.668] [Render thread/DEBUG] [net.minecraftforge.registries.GameData/REGISTRIES]: Applying holder lookups: minecraft:point_of_interest_type
[17jul.2025 17:31:14.670] [Render thread/DEBUG] [net.minecraftforge.registries.GameData/REGISTRIES]: Holder lookups applied: minecraft:point_of_interest_type
[17jul.2025 17:31:14.670] [Render thread/DEBUG] [net.minecraftforge.registries.GameData/REGISTRIES]: Applying holder lookups: minecraft:schedule
[17jul.2025 17:31:14.671] [Render thread/DEBUG] [net.minecraftforge.registries.GameData/REGISTRIES]: Holder lookups applied: minecraft:schedule
[17jul.2025 17:31:14.672] [Render thread/DEBUG] [net.minecraftforge.registries.GameData/REGISTRIES]: Applying holder lookups: minecraft:activity
[17jul.2025 17:31:14.673] [Render thread/DEBUG] [net.minecraftforge.registries.GameData/REGISTRIES]: Holder lookups applied: minecraft:activity
[17jul.2025 17:31:14.673] [Render thread/DEBUG] [net.minecraftforge.registries.GameData/REGISTRIES]: Applying holder lookups: minecraft:loot_pool_entry_type
[17jul.2025 17:31:14.675] [Render thread/DEBUG] [net.minecraftforge.registries.GameData/REGISTRIES]: Holder lookups applied: minecraft:loot_pool_entry_type
[17jul.2025 17:31:14.675] [Render thread/DEBUG] [net.minecraftforge.registries.GameData/REGISTRIES]: Applying holder lookups: minecraft:loot_function_type
[17jul.2025 17:31:14.676] [Render thread/DEBUG] [net.minecraftforge.registries.GameData/REGISTRIES]: Holder lookups applied: minecraft:loot_function_type
[17jul.2025 17:31:14.681] [Render thread/DEBUG] [net.minecraftforge.registries.GameData/REGISTRIES]: Applying holder lookups: minecraft:loot_condition_type
[17jul.2025 17:31:14.682] [Render thread/DEBUG] [net.minecraftforge.registries.GameData/REGISTRIES]: Holder lookups applied: minecraft:loot_condition_type
[17jul.2025 17:31:14.682] [Render thread/DEBUG] [net.minecraftforge.registries.GameData/REGISTRIES]: Applying holder lookups: minecraft:loot_number_provider_type
[17jul.2025 17:31:14.683] [Render thread/DEBUG] [net.minecraftforge.registries.GameData/REGISTRIES]: Holder lookups applied: minecraft:loot_number_provider_type
[17jul.2025 17:31:14.684] [Render thread/DEBUG] [net.minecraftforge.registries.GameData/REGISTRIES]: Applying holder lookups: minecraft:loot_nbt_provider_type
[17jul.2025 17:31:14.685] [Render thread/DEBUG] [net.minecraftforge.registries.GameData/REGISTRIES]: Holder lookups applied: minecraft:loot_nbt_provider_type
[17jul.2025 17:31:14.685] [Render thread/DEBUG] [net.minecraftforge.registries.GameData/REGISTRIES]: Applying holder lookups: minecraft:loot_score_provider_type
[17jul.2025 17:31:14.686] [Render thread/DEBUG] [net.minecraftforge.registries.GameData/REGISTRIES]: Holder lookups applied: minecraft:loot_score_provider_type
[17jul.2025 17:31:14.687] [Render thread/DEBUG] [net.minecraftforge.registries.GameData/REGISTRIES]: Applying holder lookups: minecraft:float_provider_type
[17jul.2025 17:31:14.688] [Render thread/DEBUG] [net.minecraftforge.registries.GameData/REGISTRIES]: Holder lookups applied: minecraft:float_provider_type
[17jul.2025 17:31:14.689] [Render thread/DEBUG] [net.minecraftforge.registries.GameData/REGISTRIES]: Applying holder lookups: minecraft:int_provider_type
[17jul.2025 17:31:14.690] [Render thread/DEBUG] [net.minecraftforge.registries.GameData/REGISTRIES]: Holder lookups applied: minecraft:int_provider_type
[17jul.2025 17:31:14.690] [Render thread/DEBUG] [net.minecraftforge.registries.GameData/REGISTRIES]: Applying holder lookups: minecraft:height_provider_type
[17jul.2025 17:31:14.691] [Render thread/DEBUG] [net.minecraftforge.registries.GameData/REGISTRIES]: Holder lookups applied: minecraft:height_provider_type
[17jul.2025 17:31:14.692] [Render thread/DEBUG] [net.minecraftforge.registries.GameData/REGISTRIES]: Applying holder lookups: minecraft:block_predicate_type
[17jul.2025 17:31:14.693] [Render thread/DEBUG] [net.minecraftforge.registries.GameData/REGISTRIES]: Holder lookups applied: minecraft:block_predicate_type
[17jul.2025 17:31:14.693] [Render thread/DEBUG] [net.minecraftforge.registries.GameData/REGISTRIES]: Applying holder lookups: minecraft:worldgen/carver
[17jul.2025 17:31:14.694] [Render thread/DEBUG] [net.minecraftforge.registries.GameData/REGISTRIES]: Holder lookups applied: minecraft:worldgen/carver
[17jul.2025 17:31:14.695] [Render thread/DEBUG] [net.minecraftforge.registries.GameData/REGISTRIES]: Applying holder lookups: minecraft:worldgen/feature
[17jul.2025 17:31:14.696] [Render thread/DEBUG] [net.minecraftforge.registries.GameData/REGISTRIES]: Holder lookups applied: minecraft:worldgen/feature
[17jul.2025 17:31:14.696] [Render thread/DEBUG] [net.minecraftforge.registries.GameData/REGISTRIES]: Applying holder lookups: minecraft:worldgen/structure_processor
[17jul.2025 17:31:14.698] [Render thread/DEBUG] [net.minecraftforge.registries.GameData/REGISTRIES]: Holder lookups applied: minecraft:worldgen/structure_processor
[17jul.2025 17:31:14.698] [Render thread/DEBUG] [net.minecraftforge.registries.GameData/REGISTRIES]: Applying holder lookups: minecraft:worldgen/structure_placement
[17jul.2025 17:31:14.699] [Render thread/DEBUG] [net.minecraftforge.registries.GameData/REGISTRIES]: Holder lookups applied: minecraft:worldgen/structure_placement
[17jul.2025 17:31:14.699] [Render thread/DEBUG] [net.minecraftforge.registries.GameData/REGISTRIES]: Applying holder lookups: minecraft:worldgen/structure_piece
[17jul.2025 17:31:14.700] [Render thread/DEBUG] [net.minecraftforge.registries.GameData/REGISTRIES]: Holder lookups applied: minecraft:worldgen/structure_piece
[17jul.2025 17:31:14.701] [Render thread/DEBUG] [net.minecraftforge.registries.GameData/REGISTRIES]: Applying holder lookups: minecraft:worldgen/structure_type
[17jul.2025 17:31:14.702] [Render thread/DEBUG] [net.minecraftforge.registries.GameData/REGISTRIES]: Holder lookups applied: minecraft:worldgen/structure_type
[17jul.2025 17:31:14.703] [Render thread/DEBUG] [net.minecraftforge.registries.GameData/REGISTRIES]: Applying holder lookups: minecraft:worldgen/placement_modifier_type
[17jul.2025 17:31:14.704] [Render thread/DEBUG] [net.minecraftforge.registries.GameData/REGISTRIES]: Holder lookups applied: minecraft:worldgen/placement_modifier_type
[17jul.2025 17:31:14.705] [Render thread/DEBUG] [net.minecraftforge.registries.GameData/REGISTRIES]: Applying holder lookups: minecraft:worldgen/block_state_provider_type
[17jul.2025 17:31:14.707] [Render thread/DEBUG] [net.minecraftforge.registries.GameData/REGISTRIES]: Holder lookups applied: minecraft:worldgen/block_state_provider_type
[17jul.2025 17:31:14.707] [Render thread/DEBUG] [net.minecraftforge.registries.GameData/REGISTRIES]: Applying holder lookups: minecraft:worldgen/foliage_placer_type
[17jul.2025 17:31:14.708] [Render thread/DEBUG] [net.minecraftforge.registries.GameData/REGISTRIES]: Holder lookups applied: minecraft:worldgen/foliage_placer_type
[17jul.2025 17:31:14.709] [Render thread/DEBUG] [net.minecraftforge.registries.GameData/REGISTRIES]: Applying holder lookups: minecraft:worldgen/trunk_placer_type
[17jul.2025 17:31:14.710] [Render thread/DEBUG] [net.minecraftforge.registries.GameData/REGISTRIES]: Holder lookups applied: minecraft:worldgen/trunk_placer_type
[17jul.2025 17:31:14.711] [Render thread/DEBUG] [net.minecraftforge.registries.GameData/REGISTRIES]: Applying holder lookups: minecraft:worldgen/root_placer_type
[17jul.2025 17:31:14.712] [Render thread/DEBUG] [net.minecraftforge.registries.GameData/REGISTRIES]: Holder lookups applied: minecraft:worldgen/root_placer_type
[17jul.2025 17:31:14.712] [Render thread/DEBUG] [net.minecraftforge.registries.GameData/REGISTRIES]: Applying holder lookups: minecraft:worldgen/tree_decorator_type
[17jul.2025 17:31:14.713] [Render thread/DEBUG] [net.minecraftforge.registries.GameData/REGISTRIES]: Holder lookups applied: minecraft:worldgen/tree_decorator_type
[17jul.2025 17:31:14.714] [Render thread/DEBUG] [net.minecraftforge.registries.GameData/REGISTRIES]: Applying holder lookups: minecraft:worldgen/feature_size_type
[17jul.2025 17:31:14.716] [Render thread/DEBUG] [net.minecraftforge.registries.GameData/REGISTRIES]: Holder lookups applied: minecraft:worldgen/feature_size_type
[17jul.2025 17:31:14.716] [Render thread/DEBUG] [net.minecraftforge.registries.GameData/REGISTRIES]: Applying holder lookups: minecraft:worldgen/biome_source
[17jul.2025 17:31:14.717] [Render thread/DEBUG] [net.minecraftforge.registries.GameData/REGISTRIES]: Holder lookups applied: minecraft:worldgen/biome_source
[17jul.2025 17:31:14.718] [Render thread/DEBUG] [net.minecraftforge.registries.GameData/REGISTRIES]: Applying holder lookups: minecraft:worldgen/chunk_generator
[17jul.2025 17:31:14.719] [Render thread/DEBUG] [net.minecraftforge.registries.GameData/REGISTRIES]: Holder lookups applied: minecraft:worldgen/chunk_generator
[17jul.2025 17:31:14.719] [Render thread/DEBUG] [net.minecraftforge.registries.GameData/REGISTRIES]: Applying holder lookups: minecraft:worldgen/material_condition
[17jul.2025 17:31:14.720] [Render thread/DEBUG] [net.minecraftforge.registries.GameData/REGISTRIES]: Holder lookups applied: minecraft:worldgen/material_condition
[17jul.2025 17:31:14.721] [Render thread/DEBUG] [net.minecraftforge.registries.GameData/REGISTRIES]: Applying holder lookups: minecraft:worldgen/material_rule
[17jul.2025 17:31:14.722] [Render thread/DEBUG] [net.minecraftforge.registries.GameData/REGISTRIES]: Holder lookups applied: minecraft:worldgen/material_rule
[17jul.2025 17:31:14.722] [Render thread/DEBUG] [net.minecraftforge.registries.GameData/REGISTRIES]: Applying holder lookups: minecraft:worldgen/density_function_type
[17jul.2025 17:31:14.723] [Render thread/DEBUG] [net.minecraftforge.registries.GameData/REGISTRIES]: Holder lookups applied: minecraft:worldgen/density_function_type
[17jul.2025 17:31:14.724] [Render thread/DEBUG] [net.minecraftforge.registries.GameData/REGISTRIES]: Applying holder lookups: minecraft:worldgen/structure_pool_element
[17jul.2025 17:31:14.725] [Render thread/DEBUG] [net.minecraftforge.registries.GameData/REGISTRIES]: Holder lookups applied: minecraft:worldgen/structure_pool_element
[17jul.2025 17:31:14.725] [Render thread/DEBUG] [net.minecraftforge.registries.GameData/REGISTRIES]: Applying holder lookups: minecraft:cat_variant
[17jul.2025 17:31:14.726] [Render thread/DEBUG] [net.minecraftforge.registries.GameData/REGISTRIES]: Holder lookups applied: minecraft:cat_variant
[17jul.2025 17:31:14.727] [Render thread/DEBUG] [net.minecraftforge.registries.GameData/REGISTRIES]: Applying holder lookups: minecraft:frog_variant
[17jul.2025 17:31:14.728] [Render thread/DEBUG] [net.minecraftforge.registries.GameData/REGISTRIES]: Holder lookups applied: minecraft:frog_variant
[17jul.2025 17:31:14.728] [Render thread/DEBUG] [net.minecraftforge.registries.GameData/REGISTRIES]: Applying holder lookups: minecraft:banner_pattern
[17jul.2025 17:31:14.729] [Render thread/DEBUG] [net.minecraftforge.registries.GameData/REGISTRIES]: Holder lookups applied: minecraft:banner_pattern
[17jul.2025 17:31:14.730] [Render thread/DEBUG] [net.minecraftforge.registries.GameData/REGISTRIES]: Applying holder lookups: minecraft:instrument
[17jul.2025 17:31:14.731] [Render thread/DEBUG] [net.minecraftforge.registries.GameData/REGISTRIES]: Holder lookups applied: minecraft:instrument
[17jul.2025 17:31:14.731] [Render thread/DEBUG] [net.minecraftforge.registries.GameData/REGISTRIES]: Applying holder lookups: minecraft:decorated_pot_patterns
[17jul.2025 17:31:14.732] [Render thread/DEBUG] [net.minecraftforge.registries.GameData/REGISTRIES]: Holder lookups applied: minecraft:decorated_pot_patterns
[17jul.2025 17:31:14.737] [Render thread/DEBUG] [net.minecraftforge.registries.GameData/REGISTRIES]: Applying holder lookups: minecraft:creative_mode_tab
[17jul.2025 17:31:14.739] [Render thread/DEBUG] [net.minecraftforge.registries.GameData/REGISTRIES]: Holder lookups applied: minecraft:creative_mode_tab
[17jul.2025 17:31:14.750] [Render thread/DEBUG] [net.minecraftforge.registries.GameData/REGISTRIES]: Applying holder lookups: forge:biome_modifier_serializers
[17jul.2025 17:31:14.752] [Render thread/DEBUG] [net.minecraftforge.registries.GameData/REGISTRIES]: Holder lookups applied: forge:biome_modifier_serializers
[17jul.2025 17:31:14.753] [Render thread/DEBUG] [net.minecraftforge.registries.GameData/REGISTRIES]: Applying holder lookups: forge:display_contexts
[17jul.2025 17:31:14.754] [Render thread/DEBUG] [net.minecraftforge.registries.GameData/REGISTRIES]: Holder lookups applied: forge:display_contexts
[17jul.2025 17:31:14.755] [Render thread/DEBUG] [net.minecraftforge.registries.GameData/REGISTRIES]: Applying holder lookups: forge:entity_data_serializers
[17jul.2025 17:31:14.756] [Render thread/DEBUG] [net.minecraftforge.registries.GameData/REGISTRIES]: Holder lookups applied: forge:entity_data_serializers
[17jul.2025 17:31:14.767] [Render thread/DEBUG] [net.minecraftforge.registries.GameData/REGISTRIES]: Applying holder lookups: forge:fluid_type
[17jul.2025 17:31:14.768] [Render thread/DEBUG] [net.minecraftforge.registries.GameData/REGISTRIES]: Holder lookups applied: forge:fluid_type
[17jul.2025 17:31:14.772] [Render thread/DEBUG] [net.minecraftforge.registries.GameData/REGISTRIES]: Applying holder lookups: forge:global_loot_modifier_serializers
[17jul.2025 17:31:14.774] [Render thread/DEBUG] [net.minecraftforge.registries.GameData/REGISTRIES]: Holder lookups applied: forge:global_loot_modifier_serializers
[17jul.2025 17:31:14.783] [Render thread/DEBUG] [net.minecraftforge.registries.GameData/REGISTRIES]: Applying holder lookups: forge:holder_set_type
[17jul.2025 17:31:14.785] [Render thread/DEBUG] [net.minecraftforge.registries.GameData/REGISTRIES]: Holder lookups applied: forge:holder_set_type
[17jul.2025 17:31:14.786] [Render thread/DEBUG] [net.minecraftforge.registries.GameData/REGISTRIES]: Applying holder lookups: forge:structure_modifier_serializers
[17jul.2025 17:31:14.787] [Render thread/DEBUG] [net.minecraftforge.registries.GameData/REGISTRIES]: Holder lookups applied: forge:structure_modifier_serializers
[17jul.2025 17:31:14.787] [Render thread/DEBUG] [net.minecraftforge.registries.GameData/REGISTRIES]: Applying holder lookups: minecraft:worldgen/biome
[17jul.2025 17:31:14.788] [Render thread/DEBUG] [net.minecraftforge.registries.GameData/REGISTRIES]: Holder lookups applied: minecraft:worldgen/biome
[17jul.2025 17:31:15.085] [Render thread/DEBUG] [net.minecraftforge.client.loading.ClientModLoader/CORE]: Generating PackInfo named mod:forge for mod file /
[17jul.2025 17:31:15.091] [Render thread/DEBUG] [net.minecraftforge.client.loading.ClientModLoader/CORE]: Generating PackInfo named mod:enhanced_playthrough for mod file D:\Repositorios GitHub\Enhanced_Playtrough_Mod\Enhanched_Minecraft_Mod\build\resources\main
[17jul.2025 17:31:15.092] [Render thread/DEBUG] [net.minecraftforge.client.loading.ClientModLoader/CORE]: Generating PackInfo named mod:jade for mod file C:\Users\marma\.gradle\caches\forge_gradle\deobf_dependencies\curse\maven\jade-324717\6271651_mapped_parchment_2023.09.03-1.20.1\jade-324717-6271651_mapped_parchment_2023.09.03-1.20.1.jar
[17jul.2025 17:31:15.093] [Render thread/DEBUG] [net.minecraftforge.client.loading.ClientModLoader/CORE]: Generating PackInfo named mod:jei for mod file C:\Users\marma\.gradle\caches\forge_gradle\deobf_dependencies\mezz\jei\jei-1.20.1-forge\15.8.0.16_mapped_parchment_2023.09.03-1.20.1\jei-1.20.1-forge-15.8.0.16_mapped_parchment_2023.09.03-1.20.1.jar
[17jul.2025 17:31:16.229] [Render thread/INFO] [net.minecraftforge.gametest.ForgeGameTestHooks/]: Enabled Gametest Namespaces: [enhanced_playthrough]
[17jul.2025 17:31:16.718] [Render thread/INFO] [net.minecraft.server.packs.resources.ReloadableResourceManager/]: Reloading ResourceManager: vanilla, mod_resources
[17jul.2025 17:31:16.753] [modloading-worker-0/DEBUG] [net.minecraftforge.fml.config.ConfigTracker/CONFIG]: Loading configs type CLIENT
[17jul.2025 17:31:16.768] [modloading-worker-0/DEBUG] [net.minecraftforge.fml.config.ConfigFileTypeHandler/CONFIG]: Built TOML config for D:\Repositorios GitHub\Enhanced_Playtrough_Mod\Enhanched_Minecraft_Mod\run\config\forge-client.toml
[17jul.2025 17:31:16.772] [modloading-worker-0/DEBUG] [net.minecraftforge.fml.config.ConfigFileTypeHandler/CONFIG]: Loaded TOML config file D:\Repositorios GitHub\Enhanced_Playtrough_Mod\Enhanched_Minecraft_Mod\run\config\forge-client.toml
[17jul.2025 17:31:16.779] [modloading-worker-0/DEBUG] [net.minecraftforge.fml.config.ConfigFileTypeHandler/CONFIG]: Watching TOML config file D:\Repositorios GitHub\Enhanced_Playtrough_Mod\Enhanched_Minecraft_Mod\run\config\forge-client.toml for changes
[17jul.2025 17:31:16.789] [modloading-worker-0/DEBUG] [net.minecraftforge.common.ForgeConfig/FORGEMOD]: Loaded forge config file forge-client.toml
[17jul.2025 17:31:16.806] [modloading-worker-0/DEBUG] [net.minecraftforge.fml.config.ConfigTracker/CONFIG]: Loading configs type COMMON
[17jul.2025 17:31:16.807] [Thread-3/DEBUG] [net.minecraftforge.fml.config.ConfigFileTypeHandler/CONFIG]: Config file forge-client.toml changed, sending notifies
[17jul.2025 17:31:16.808] [Thread-3/DEBUG] [net.minecraftforge.common.ForgeConfig/FORGEMOD]: Forge config just got changed on the file system!
[17jul.2025 17:31:17.410] [Worker-Main-1/INFO] [net.minecraft.client.gui.font.providers.UnihexProvider/]: Found unifont_all_no_pua-15.0.06.hex, loading
[17jul.2025 17:31:21.048] [Forge Version Check/INFO] [net.minecraftforge.fml.VersionChecker/]: [forge] Starting version check at https://files.minecraftforge.net/net/minecraftforge/forge/promotions_slim.json
[17jul.2025 17:31:21.958] [Forge Version Check/DEBUG] [net.minecraftforge.fml.VersionChecker/]: [forge] Received version check data:
{
  "homepage": "https://files.minecraftforge.net/net/minecraftforge/forge/",
  "promos": {
    "1.1-latest": "1.3.4.29",
    "1.2.3-latest": "1.4.1.64",
    "1.2.4-latest": "2.0.0.68",
    "1.2.5-latest": "3.4.9.171",
    "1.3.2-latest": "4.3.5.318",
    "1.4.0-latest": "5.0.0.326",
    "1.4.1-latest": "6.0.0.329",
    "1.4.2-latest": "6.0.1.355",
    "1.4.3-latest": "6.2.1.358",
    "1.4.4-latest": "6.3.0.378",
    "1.4.5-latest": "6.4.2.448",
    "1.4.6-latest": "6.5.0.489",
    "1.4.7-latest": "6.6.2.534",
    "1.5-latest": "7.7.0.598",
    "1.5.1-latest": "7.7.2.682",
    "1.5.2-latest": "7.8.1.738",
    "1.5.2-recommended": "7.8.1.738",
    "1.6.1-latest": "8.9.0.775",
    "1.6.2-latest": "9.10.1.871",
    "1.6.2-recommended": "9.10.1.871",
    "1.6.3-latest": "9.11.0.878",
    "1.6.4-latest": "9.11.1.1345",
    "1.6.4-recommended": "9.11.1.1345",
    "1.7.2-latest": "10.12.2.1161",
    "1.7.2-recommended": "10.12.2.1161",
    "1.7.10_pre4-latest": "10.12.2.1149",
    "1.7.10-latest": "10.13.4.1614",
    "1.7.10-recommended": "10.13.4.1614",
    "1.8-latest": "11.14.4.1577",
    "1.8-recommended": "11.14.4.1563",
    "1.8.8-latest": "11.15.0.1655",
    "1.8.9-latest": "11.15.1.2318",
    "1.8.9-recommended": "11.15.1.2318",
    "1.9-latest": "12.16.1.1938",
    "1.9-recommended": "12.16.1.1887",
    "1.9.4-latest": "12.17.0.2317",
    "1.9.4-recommended": "12.17.0.2317",
    "1.10-latest": "12.18.0.2000",
    "1.10.2-latest": "12.18.3.2511",
    "1.10.2-recommended": "12.18.3.2511",
    "1.11-latest": "13.19.1.2199",
    "1.11-recommended": "13.19.1.2189",
    "1.11.2-latest": "13.20.1.2588",
    "1.11.2-recommended": "13.20.1.2588",
    "1.12-latest": "14.21.1.2443",
    "1.12-recommended": "14.21.1.2387",
    "1.12.1-latest": "14.22.1.2485",
    "1.12.1-recommended": "14.22.1.2478",
    "1.12.2-latest": "14.23.5.2860",
    "1.12.2-recommended": "14.23.5.2859",
    "1.13.2-latest": "25.0.223",
    "1.14.2-latest": "26.0.63",
    "1.14.3-latest": "27.0.60",
    "1.14.4-latest": "28.2.26",
    "1.14.4-recommended": "28.2.26",
    "1.15-latest": "29.0.4",
    "1.15.1-latest": "30.0.51",
    "1.15.2-latest": "31.2.57",
    "1.15.2-recommended": "31.2.57",
    "1.16.1-latest": "32.0.108",
    "1.16.2-latest": "33.0.61",
    "1.16.3-latest": "34.1.42",
    "1.16.3-recommended": "34.1.0",
    "1.16.4-latest": "35.1.37",
    "1.16.4-recommended": "35.1.4",
    "1.16.5-latest": "36.2.42",
    "1.16.5-recommended": "36.2.34",
    "1.17.1-latest": "37.1.1",
    "1.17.1-recommended": "37.1.1",
    "1.18-latest": "38.0.17",
    "1.18.1-latest": "39.1.2",
    "1.18.1-recommended": "39.1.0",
    "1.18.2-recommended": "40.3.0",
    "1.18.2-latest": "40.3.11",
    "1.19-latest": "41.1.0",
    "1.19-recommended": "41.1.0",
    "1.19.1-latest": "42.0.9",
    "1.19.2-recommended": "43.5.0",
    "1.19.2-latest": "43.5.1",
    "1.19.3-latest": "44.1.23",
    "1.19.3-recommended": "44.1.0",
    "1.19.4-recommended": "45.4.0",
    "1.19.4-latest": "45.4.1",
    "1.20-latest": "46.0.14",
    "1.20.1-recommended": "47.4.0",
    "1.20.1-latest": "47.4.4",
    "1.20.2-latest": "48.1.0",
    "1.20.2-recommended": "48.1.0",
    "1.20.3-latest": "49.0.2",
    "1.20.4-latest": "49.2.0",
    "1.20.4-recommended": "49.2.0",
    "1.20.6-latest": "50.2.0",
    "1.20.6-recommended": "50.2.0",
    "1.21-latest": "51.0.33",
    "1.21.1-latest": "52.1.1",
    "1.21.1-recommended": "52.1.0",
    "1.21.3-latest": "53.1.1",
    "1.21.3-recommended": "53.1.0",
    "1.21.4-latest": "54.1.3",
    "1.21.4-recommended": "54.1.0",
    "1.21.5-latest": "55.0.23",
    "1.21.6-latest": "56.0.9",
    "1.21.7-latest": "57.0.3",
    "1.21.8-latest": "58.0.0"
  }
}
[17jul.2025 17:31:21.960] [Forge Version Check/INFO] [net.minecraftforge.fml.VersionChecker/]: [forge] Found status: OUTDATED Current: 47.3.0 Target: 47.4.0
[17jul.2025 17:31:22.661] [Worker-Main-2/WARN] [net.minecraft.client.renderer.texture.atlas.sources.PalettedPermutations/]: Unable to find texture tutorialmod:textures/trims/models/armor/kaupen.png
[17jul.2025 17:31:22.662] [Worker-Main-2/WARN] [net.minecraft.client.renderer.texture.atlas.sources.PalettedPermutations/]: Unable to find texture tutorialmod:textures/trims/models/armor/kaupen_leggings.png
[17jul.2025 17:31:22.678] [Worker-Main-2/ERROR] [net.minecraft.client.renderer.texture.atlas.sources.PalettedPermutations/]: Failed to load palette image enhanced_playthrough:trims/color_palettes/sapphire
[17jul.2025 17:31:22.678] [Worker-Main-2/ERROR] [net.minecraft.client.renderer.texture.atlas.sources.PalettedPermutations/]: unable to apply palette to minecraft:trims/models/armor/eye_leggings_alexandrite
java.lang.IllegalArgumentException: null
	at net.minecraft.client.renderer.texture.atlas.sources.PalettedPermutations.loadPaletteEntryFromImage(PalettedPermutations.java:115) ~[forge-1.20.1-47.3.0_mapped_parchment_2023.09.03-1.20.1-recomp.jar%23191!/:?]
	at net.minecraft.client.renderer.texture.atlas.sources.PalettedPermutations.lambda$run$5(PalettedPermutations.java:62) ~[forge-1.20.1-47.3.0_mapped_parchment_2023.09.03-1.20.1-recomp.jar%23191!/:?]
	at com.google.common.base.Suppliers$NonSerializableMemoizingSupplier.get(Suppliers.java:183) ~[guava-31.1-jre.jar%23106!/:?]
	at net.minecraft.client.renderer.texture.atlas.sources.PalettedPermutations$PalettedSpriteSupplier.get(PalettedPermutations.java:139) ~[forge-1.20.1-47.3.0_mapped_parchment_2023.09.03-1.20.1-recomp.jar%23191!/:?]
	at net.minecraft.client.renderer.texture.atlas.sources.PalettedPermutations$PalettedSpriteSupplier.get(PalettedPermutations.java:133) ~[forge-1.20.1-47.3.0_mapped_parchment_2023.09.03-1.20.1-recomp.jar%23191!/:?]
	at java.util.concurrent.CompletableFuture$AsyncSupply.run(CompletableFuture.java:1768) ~[?:?]
	at java.util.concurrent.CompletableFuture$AsyncSupply.exec(CompletableFuture.java:1760) ~[?:?]
	at java.util.concurrent.ForkJoinTask.doExec(ForkJoinTask.java:373) ~[?:?]
	at java.util.concurrent.ForkJoinPool$WorkQueue.topLevelExec(ForkJoinPool.java:1182) ~[?:?]
	at java.util.concurrent.ForkJoinPool.scan(ForkJoinPool.java:1655) ~[?:?]
	at java.util.concurrent.ForkJoinPool.runWorker(ForkJoinPool.java:1622) ~[?:?]
	at java.util.concurrent.ForkJoinWorkerThread.run(ForkJoinWorkerThread.java:165) ~[?:?]
[17jul.2025 17:31:22.680] [Worker-Main-2/ERROR] [net.minecraft.client.renderer.texture.atlas.sources.PalettedPermutations/]: Failed to load palette image enhanced_playthrough:trims/color_palettes/sapphire
[17jul.2025 17:31:22.680] [Worker-Main-2/ERROR] [net.minecraft.client.renderer.texture.atlas.sources.PalettedPermutations/]: unable to apply palette to minecraft:trims/models/armor/rib_leggings_alexandrite
java.lang.IllegalArgumentException: null
	at net.minecraft.client.renderer.texture.atlas.sources.PalettedPermutations.loadPaletteEntryFromImage(PalettedPermutations.java:115) ~[forge-1.20.1-47.3.0_mapped_parchment_2023.09.03-1.20.1-recomp.jar%23191!/:?]
	at net.minecraft.client.renderer.texture.atlas.sources.PalettedPermutations.lambda$run$5(PalettedPermutations.java:62) ~[forge-1.20.1-47.3.0_mapped_parchment_2023.09.03-1.20.1-recomp.jar%23191!/:?]
	at com.google.common.base.Suppliers$NonSerializableMemoizingSupplier.get(Suppliers.java:183) ~[guava-31.1-jre.jar%23106!/:?]
	at net.minecraft.client.renderer.texture.atlas.sources.PalettedPermutations$PalettedSpriteSupplier.get(PalettedPermutations.java:139) ~[forge-1.20.1-47.3.0_mapped_parchment_2023.09.03-1.20.1-recomp.jar%23191!/:?]
	at net.minecraft.client.renderer.texture.atlas.sources.PalettedPermutations$PalettedSpriteSupplier.get(PalettedPermutations.java:133) ~[forge-1.20.1-47.3.0_mapped_parchment_2023.09.03-1.20.1-recomp.jar%23191!/:?]
	at java.util.concurrent.CompletableFuture$AsyncSupply.run(CompletableFuture.java:1768) ~[?:?]
	at java.util.concurrent.CompletableFuture$AsyncSupply.exec(CompletableFuture.java:1760) ~[?:?]
	at java.util.concurrent.ForkJoinTask.doExec(ForkJoinTask.java:373) ~[?:?]
	at java.util.concurrent.ForkJoinPool$WorkQueue.topLevelExec(ForkJoinPool.java:1182) ~[?:?]
	at java.util.concurrent.ForkJoinPool.scan(ForkJoinPool.java:1655) ~[?:?]
	at java.util.concurrent.ForkJoinPool.runWorker(ForkJoinPool.java:1622) ~[?:?]
	at java.util.concurrent.ForkJoinWorkerThread.run(ForkJoinWorkerThread.java:165) ~[?:?]
[17jul.2025 17:31:22.695] [Worker-Main-2/ERROR] [net.minecraft.client.renderer.texture.atlas.sources.PalettedPermutations/]: Failed to load palette image enhanced_playthrough:trims/color_palettes/sapphire
[17jul.2025 17:31:22.696] [Worker-Main-2/ERROR] [net.minecraft.client.renderer.texture.atlas.sources.PalettedPermutations/]: unable to apply palette to minecraft:trims/models/armor/wild_alexandrite
java.lang.IllegalArgumentException: null
	at net.minecraft.client.renderer.texture.atlas.sources.PalettedPermutations.loadPaletteEntryFromImage(PalettedPermutations.java:115) ~[forge-1.20.1-47.3.0_mapped_parchment_2023.09.03-1.20.1-recomp.jar%23191!/:?]
	at net.minecraft.client.renderer.texture.atlas.sources.PalettedPermutations.lambda$run$5(PalettedPermutations.java:62) ~[forge-1.20.1-47.3.0_mapped_parchment_2023.09.03-1.20.1-recomp.jar%23191!/:?]
	at com.google.common.base.Suppliers$NonSerializableMemoizingSupplier.get(Suppliers.java:183) ~[guava-31.1-jre.jar%23106!/:?]
	at net.minecraft.client.renderer.texture.atlas.sources.PalettedPermutations$PalettedSpriteSupplier.get(PalettedPermutations.java:139) ~[forge-1.20.1-47.3.0_mapped_parchment_2023.09.03-1.20.1-recomp.jar%23191!/:?]
	at net.minecraft.client.renderer.texture.atlas.sources.PalettedPermutations$PalettedSpriteSupplier.get(PalettedPermutations.java:133) ~[forge-1.20.1-47.3.0_mapped_parchment_2023.09.03-1.20.1-recomp.jar%23191!/:?]
	at java.util.concurrent.CompletableFuture$AsyncSupply.run(CompletableFuture.java:1768) ~[?:?]
	at java.util.concurrent.CompletableFuture$AsyncSupply.exec(CompletableFuture.java:1760) ~[?:?]
	at java.util.concurrent.ForkJoinTask.doExec(ForkJoinTask.java:373) ~[?:?]
	at java.util.concurrent.ForkJoinPool$WorkQueue.topLevelExec(ForkJoinPool.java:1182) ~[?:?]
	at java.util.concurrent.ForkJoinPool.scan(ForkJoinPool.java:1655) ~[?:?]
	at java.util.concurrent.ForkJoinPool.runWorker(ForkJoinPool.java:1622) ~[?:?]
	at java.util.concurrent.ForkJoinWorkerThread.run(ForkJoinWorkerThread.java:165) ~[?:?]
[17jul.2025 17:31:22.704] [Worker-Main-2/ERROR] [net.minecraft.client.renderer.texture.atlas.sources.PalettedPermutations/]: Failed to load palette image enhanced_playthrough:trims/color_palettes/sapphire
[17jul.2025 17:31:22.705] [Worker-Main-2/ERROR] [net.minecraft.client.renderer.texture.atlas.sources.PalettedPermutations/]: unable to apply palette to minecraft:trims/models/armor/wayfinder_leggings_alexandrite
java.lang.IllegalArgumentException: null
	at net.minecraft.client.renderer.texture.atlas.sources.PalettedPermutations.loadPaletteEntryFromImage(PalettedPermutations.java:115) ~[forge-1.20.1-47.3.0_mapped_parchment_2023.09.03-1.20.1-recomp.jar%23191!/:?]
	at net.minecraft.client.renderer.texture.atlas.sources.PalettedPermutations.lambda$run$5(PalettedPermutations.java:62) ~[forge-1.20.1-47.3.0_mapped_parchment_2023.09.03-1.20.1-recomp.jar%23191!/:?]
	at com.google.common.base.Suppliers$NonSerializableMemoizingSupplier.get(Suppliers.java:183) ~[guava-31.1-jre.jar%23106!/:?]
	at net.minecraft.client.renderer.texture.atlas.sources.PalettedPermutations$PalettedSpriteSupplier.get(PalettedPermutations.java:139) ~[forge-1.20.1-47.3.0_mapped_parchment_2023.09.03-1.20.1-recomp.jar%23191!/:?]
	at net.minecraft.client.renderer.texture.atlas.sources.PalettedPermutations$PalettedSpriteSupplier.get(PalettedPermutations.java:133) ~[forge-1.20.1-47.3.0_mapped_parchment_2023.09.03-1.20.1-recomp.jar%23191!/:?]
	at java.util.concurrent.CompletableFuture$AsyncSupply.run(CompletableFuture.java:1768) ~[?:?]
	at java.util.concurrent.CompletableFuture$AsyncSupply.exec(CompletableFuture.java:1760) ~[?:?]
	at java.util.concurrent.ForkJoinTask.doExec(ForkJoinTask.java:373) ~[?:?]
	at java.util.concurrent.ForkJoinPool$WorkQueue.topLevelExec(ForkJoinPool.java:1182) ~[?:?]
	at java.util.concurrent.ForkJoinPool.scan(ForkJoinPool.java:1655) ~[?:?]
	at java.util.concurrent.ForkJoinPool.runWorker(ForkJoinPool.java:1622) ~[?:?]
	at java.util.concurrent.ForkJoinWorkerThread.run(ForkJoinWorkerThread.java:165) ~[?:?]
[17jul.2025 17:31:22.709] [Worker-Main-2/ERROR] [net.minecraft.client.renderer.texture.atlas.sources.PalettedPermutations/]: Failed to load palette image enhanced_playthrough:trims/color_palettes/sapphire
[17jul.2025 17:31:22.709] [Worker-Main-2/ERROR] [net.minecraft.client.renderer.texture.atlas.sources.PalettedPermutations/]: unable to apply palette to minecraft:trims/models/armor/host_alexandrite
java.lang.IllegalArgumentException: null
	at net.minecraft.client.renderer.texture.atlas.sources.PalettedPermutations.loadPaletteEntryFromImage(PalettedPermutations.java:115) ~[forge-1.20.1-47.3.0_mapped_parchment_2023.09.03-1.20.1-recomp.jar%23191!/:?]
	at net.minecraft.client.renderer.texture.atlas.sources.PalettedPermutations.lambda$run$5(PalettedPermutations.java:62) ~[forge-1.20.1-47.3.0_mapped_parchment_2023.09.03-1.20.1-recomp.jar%23191!/:?]
	at com.google.common.base.Suppliers$NonSerializableMemoizingSupplier.get(Suppliers.java:183) ~[guava-31.1-jre.jar%23106!/:?]
	at net.minecraft.client.renderer.texture.atlas.sources.PalettedPermutations$PalettedSpriteSupplier.get(PalettedPermutations.java:139) ~[forge-1.20.1-47.3.0_mapped_parchment_2023.09.03-1.20.1-recomp.jar%23191!/:?]
	at net.minecraft.client.renderer.texture.atlas.sources.PalettedPermutations$PalettedSpriteSupplier.get(PalettedPermutations.java:133) ~[forge-1.20.1-47.3.0_mapped_parchment_2023.09.03-1.20.1-recomp.jar%23191!/:?]
	at java.util.concurrent.CompletableFuture$AsyncSupply.run(CompletableFuture.java:1768) ~[?:?]
	at java.util.concurrent.CompletableFuture$AsyncSupply.exec(CompletableFuture.java:1760) ~[?:?]
	at java.util.concurrent.ForkJoinTask.doExec(ForkJoinTask.java:373) ~[?:?]
	at java.util.concurrent.ForkJoinPool$WorkQueue.topLevelExec(ForkJoinPool.java:1182) ~[?:?]
	at java.util.concurrent.ForkJoinPool.scan(ForkJoinPool.java:1655) ~[?:?]
	at java.util.concurrent.ForkJoinPool.runWorker(ForkJoinPool.java:1622) ~[?:?]
	at java.util.concurrent.ForkJoinWorkerThread.run(ForkJoinWorkerThread.java:165) ~[?:?]
[17jul.2025 17:31:22.714] [Worker-Main-2/ERROR] [net.minecraft.client.renderer.texture.atlas.sources.PalettedPermutations/]: Failed to load palette image enhanced_playthrough:trims/color_palettes/sapphire
[17jul.2025 17:31:22.715] [Worker-Main-2/ERROR] [net.minecraft.client.renderer.texture.atlas.sources.PalettedPermutations/]: unable to apply palette to minecraft:trims/models/armor/wild_leggings_alexandrite
java.lang.IllegalArgumentException: null
	at net.minecraft.client.renderer.texture.atlas.sources.PalettedPermutations.loadPaletteEntryFromImage(PalettedPermutations.java:115) ~[forge-1.20.1-47.3.0_mapped_parchment_2023.09.03-1.20.1-recomp.jar%23191!/:?]
	at net.minecraft.client.renderer.texture.atlas.sources.PalettedPermutations.lambda$run$5(PalettedPermutations.java:62) ~[forge-1.20.1-47.3.0_mapped_parchment_2023.09.03-1.20.1-recomp.jar%23191!/:?]
	at com.google.common.base.Suppliers$NonSerializableMemoizingSupplier.get(Suppliers.java:183) ~[guava-31.1-jre.jar%23106!/:?]
	at net.minecraft.client.renderer.texture.atlas.sources.PalettedPermutations$PalettedSpriteSupplier.get(PalettedPermutations.java:139) ~[forge-1.20.1-47.3.0_mapped_parchment_2023.09.03-1.20.1-recomp.jar%23191!/:?]
	at net.minecraft.client.renderer.texture.atlas.sources.PalettedPermutations$PalettedSpriteSupplier.get(PalettedPermutations.java:133) ~[forge-1.20.1-47.3.0_mapped_parchment_2023.09.03-1.20.1-recomp.jar%23191!/:?]
	at java.util.concurrent.CompletableFuture$AsyncSupply.run(CompletableFuture.java:1768) ~[?:?]
	at java.util.concurrent.CompletableFuture$AsyncSupply.exec(CompletableFuture.java:1760) ~[?:?]
	at java.util.concurrent.ForkJoinTask.doExec(ForkJoinTask.java:373) ~[?:?]
	at java.util.concurrent.ForkJoinPool$WorkQueue.topLevelExec(ForkJoinPool.java:1182) ~[?:?]
	at java.util.concurrent.ForkJoinPool.scan(ForkJoinPool.java:1655) ~[?:?]
	at java.util.concurrent.ForkJoinPool.runWorker(ForkJoinPool.java:1622) ~[?:?]
	at java.util.concurrent.ForkJoinWorkerThread.run(ForkJoinWorkerThread.java:165) ~[?:?]
[17jul.2025 17:31:22.717] [Worker-Main-2/ERROR] [net.minecraft.client.renderer.texture.atlas.sources.PalettedPermutations/]: Failed to load palette image enhanced_playthrough:trims/color_palettes/sapphire
[17jul.2025 17:31:22.717] [Worker-Main-2/ERROR] [net.minecraft.client.renderer.texture.atlas.sources.PalettedPermutations/]: unable to apply palette to minecraft:trims/models/armor/ward_alexandrite
java.lang.IllegalArgumentException: null
	at net.minecraft.client.renderer.texture.atlas.sources.PalettedPermutations.loadPaletteEntryFromImage(PalettedPermutations.java:115) ~[forge-1.20.1-47.3.0_mapped_parchment_2023.09.03-1.20.1-recomp.jar%23191!/:?]
	at net.minecraft.client.renderer.texture.atlas.sources.PalettedPermutations.lambda$run$5(PalettedPermutations.java:62) ~[forge-1.20.1-47.3.0_mapped_parchment_2023.09.03-1.20.1-recomp.jar%23191!/:?]
	at com.google.common.base.Suppliers$NonSerializableMemoizingSupplier.get(Suppliers.java:183) ~[guava-31.1-jre.jar%23106!/:?]
	at net.minecraft.client.renderer.texture.atlas.sources.PalettedPermutations$PalettedSpriteSupplier.get(PalettedPermutations.java:139) ~[forge-1.20.1-47.3.0_mapped_parchment_2023.09.03-1.20.1-recomp.jar%23191!/:?]
	at net.minecraft.client.renderer.texture.atlas.sources.PalettedPermutations$PalettedSpriteSupplier.get(PalettedPermutations.java:133) ~[forge-1.20.1-47.3.0_mapped_parchment_2023.09.03-1.20.1-recomp.jar%23191!/:?]
	at java.util.concurrent.CompletableFuture$AsyncSupply.run(CompletableFuture.java:1768) ~[?:?]
	at java.util.concurrent.CompletableFuture$AsyncSupply.exec(CompletableFuture.java:1760) ~[?:?]
	at java.util.concurrent.ForkJoinTask.doExec(ForkJoinTask.java:373) ~[?:?]
	at java.util.concurrent.ForkJoinPool$WorkQueue.topLevelExec(ForkJoinPool.java:1182) ~[?:?]
	at java.util.concurrent.ForkJoinPool.scan(ForkJoinPool.java:1655) ~[?:?]
	at java.util.concurrent.ForkJoinPool.runWorker(ForkJoinPool.java:1622) ~[?:?]
	at java.util.concurrent.ForkJoinWorkerThread.run(ForkJoinWorkerThread.java:165) ~[?:?]
[17jul.2025 17:31:22.720] [Worker-Main-2/ERROR] [net.minecraft.client.renderer.texture.atlas.sources.PalettedPermutations/]: Failed to load palette image enhanced_playthrough:trims/color_palettes/sapphire
[17jul.2025 17:31:22.720] [Worker-Main-2/ERROR] [net.minecraft.client.renderer.texture.atlas.sources.PalettedPermutations/]: unable to apply palette to minecraft:trims/models/armor/wayfinder_alexandrite
java.lang.IllegalArgumentException: null
	at net.minecraft.client.renderer.texture.atlas.sources.PalettedPermutations.loadPaletteEntryFromImage(PalettedPermutations.java:115) ~[forge-1.20.1-47.3.0_mapped_parchment_2023.09.03-1.20.1-recomp.jar%23191!/:?]
	at net.minecraft.client.renderer.texture.atlas.sources.PalettedPermutations.lambda$run$5(PalettedPermutations.java:62) ~[forge-1.20.1-47.3.0_mapped_parchment_2023.09.03-1.20.1-recomp.jar%23191!/:?]
	at com.google.common.base.Suppliers$NonSerializableMemoizingSupplier.get(Suppliers.java:183) ~[guava-31.1-jre.jar%23106!/:?]
	at net.minecraft.client.renderer.texture.atlas.sources.PalettedPermutations$PalettedSpriteSupplier.get(PalettedPermutations.java:139) ~[forge-1.20.1-47.3.0_mapped_parchment_2023.09.03-1.20.1-recomp.jar%23191!/:?]
	at net.minecraft.client.renderer.texture.atlas.sources.PalettedPermutations$PalettedSpriteSupplier.get(PalettedPermutations.java:133) ~[forge-1.20.1-47.3.0_mapped_parchment_2023.09.03-1.20.1-recomp.jar%23191!/:?]
	at java.util.concurrent.CompletableFuture$AsyncSupply.run(CompletableFuture.java:1768) ~[?:?]
	at java.util.concurrent.CompletableFuture$AsyncSupply.exec(CompletableFuture.java:1760) ~[?:?]
	at java.util.concurrent.ForkJoinTask.doExec(ForkJoinTask.java:373) ~[?:?]
	at java.util.concurrent.ForkJoinPool$WorkQueue.topLevelExec(ForkJoinPool.java:1182) ~[?:?]
	at java.util.concurrent.ForkJoinPool.scan(ForkJoinPool.java:1655) ~[?:?]
	at java.util.concurrent.ForkJoinPool.runWorker(ForkJoinPool.java:1622) ~[?:?]
	at java.util.concurrent.ForkJoinWorkerThread.run(ForkJoinWorkerThread.java:165) ~[?:?]
[17jul.2025 17:31:22.724] [Worker-Main-2/ERROR] [net.minecraft.client.renderer.texture.atlas.sources.PalettedPermutations/]: Failed to load palette image enhanced_playthrough:trims/color_palettes/sapphire
[17jul.2025 17:31:22.726] [Worker-Main-2/ERROR] [net.minecraft.client.renderer.texture.atlas.sources.PalettedPermutations/]: unable to apply palette to minecraft:trims/models/armor/raiser_leggings_alexandrite
java.lang.IllegalArgumentException: null
	at net.minecraft.client.renderer.texture.atlas.sources.PalettedPermutations.loadPaletteEntryFromImage(PalettedPermutations.java:115) ~[forge-1.20.1-47.3.0_mapped_parchment_2023.09.03-1.20.1-recomp.jar%23191!/:?]
	at net.minecraft.client.renderer.texture.atlas.sources.PalettedPermutations.lambda$run$5(PalettedPermutations.java:62) ~[forge-1.20.1-47.3.0_mapped_parchment_2023.09.03-1.20.1-recomp.jar%23191!/:?]
	at com.google.common.base.Suppliers$NonSerializableMemoizingSupplier.get(Suppliers.java:183) ~[guava-31.1-jre.jar%23106!/:?]
	at net.minecraft.client.renderer.texture.atlas.sources.PalettedPermutations$PalettedSpriteSupplier.get(PalettedPermutations.java:139) ~[forge-1.20.1-47.3.0_mapped_parchment_2023.09.03-1.20.1-recomp.jar%23191!/:?]
	at net.minecraft.client.renderer.texture.atlas.sources.PalettedPermutations$PalettedSpriteSupplier.get(PalettedPermutations.java:133) ~[forge-1.20.1-47.3.0_mapped_parchment_2023.09.03-1.20.1-recomp.jar%23191!/:?]
	at java.util.concurrent.CompletableFuture$AsyncSupply.run(CompletableFuture.java:1768) ~[?:?]
	at java.util.concurrent.CompletableFuture$AsyncSupply.exec(CompletableFuture.java:1760) ~[?:?]
	at java.util.concurrent.ForkJoinTask.doExec(ForkJoinTask.java:373) ~[?:?]
	at java.util.concurrent.ForkJoinPool$WorkQueue.topLevelExec(ForkJoinPool.java:1182) ~[?:?]
	at java.util.concurrent.ForkJoinPool.scan(ForkJoinPool.java:1655) ~[?:?]
	at java.util.concurrent.ForkJoinPool.runWorker(ForkJoinPool.java:1622) ~[?:?]
	at java.util.concurrent.ForkJoinWorkerThread.run(ForkJoinWorkerThread.java:165) ~[?:?]
[17jul.2025 17:31:22.734] [Worker-Main-2/ERROR] [net.minecraft.client.renderer.texture.atlas.sources.PalettedPermutations/]: Failed to load palette image enhanced_playthrough:trims/color_palettes/sapphire
[17jul.2025 17:31:22.734] [Worker-Main-2/ERROR] [net.minecraft.client.renderer.texture.atlas.sources.PalettedPermutations/]: unable to apply palette to minecraft:trims/models/armor/dune_alexandrite
java.lang.IllegalArgumentException: null
	at net.minecraft.client.renderer.texture.atlas.sources.PalettedPermutations.loadPaletteEntryFromImage(PalettedPermutations.java:115) ~[forge-1.20.1-47.3.0_mapped_parchment_2023.09.03-1.20.1-recomp.jar%23191!/:?]
	at net.minecraft.client.renderer.texture.atlas.sources.PalettedPermutations.lambda$run$5(PalettedPermutations.java:62) ~[forge-1.20.1-47.3.0_mapped_parchment_2023.09.03-1.20.1-recomp.jar%23191!/:?]
	at com.google.common.base.Suppliers$NonSerializableMemoizingSupplier.get(Suppliers.java:183) ~[guava-31.1-jre.jar%23106!/:?]
	at net.minecraft.client.renderer.texture.atlas.sources.PalettedPermutations$PalettedSpriteSupplier.get(PalettedPermutations.java:139) ~[forge-1.20.1-47.3.0_mapped_parchment_2023.09.03-1.20.1-recomp.jar%23191!/:?]
	at net.minecraft.client.renderer.texture.atlas.sources.PalettedPermutations$PalettedSpriteSupplier.get(PalettedPermutations.java:133) ~[forge-1.20.1-47.3.0_mapped_parchment_2023.09.03-1.20.1-recomp.jar%23191!/:?]
	at java.util.concurrent.CompletableFuture$AsyncSupply.run(CompletableFuture.java:1768) ~[?:?]
	at java.util.concurrent.CompletableFuture$AsyncSupply.exec(CompletableFuture.java:1760) ~[?:?]
	at java.util.concurrent.ForkJoinTask.doExec(ForkJoinTask.java:373) ~[?:?]
	at java.util.concurrent.ForkJoinPool$WorkQueue.topLevelExec(ForkJoinPool.java:1182) ~[?:?]
	at java.util.concurrent.ForkJoinPool.scan(ForkJoinPool.java:1655) ~[?:?]
	at java.util.concurrent.ForkJoinPool.runWorker(ForkJoinPool.java:1622) ~[?:?]
	at java.util.concurrent.ForkJoinWorkerThread.run(ForkJoinWorkerThread.java:165) ~[?:?]
[17jul.2025 17:31:22.736] [Worker-Main-2/ERROR] [net.minecraft.client.renderer.texture.atlas.sources.PalettedPermutations/]: Failed to load palette image enhanced_playthrough:trims/color_palettes/sapphire
[17jul.2025 17:31:22.736] [Worker-Main-2/ERROR] [net.minecraft.client.renderer.texture.atlas.sources.PalettedPermutations/]: unable to apply palette to minecraft:trims/models/armor/tide_alexandrite
java.lang.IllegalArgumentException: null
	at net.minecraft.client.renderer.texture.atlas.sources.PalettedPermutations.loadPaletteEntryFromImage(PalettedPermutations.java:115) ~[forge-1.20.1-47.3.0_mapped_parchment_2023.09.03-1.20.1-recomp.jar%23191!/:?]
	at net.minecraft.client.renderer.texture.atlas.sources.PalettedPermutations.lambda$run$5(PalettedPermutations.java:62) ~[forge-1.20.1-47.3.0_mapped_parchment_2023.09.03-1.20.1-recomp.jar%23191!/:?]
	at com.google.common.base.Suppliers$NonSerializableMemoizingSupplier.get(Suppliers.java:183) ~[guava-31.1-jre.jar%23106!/:?]
	at net.minecraft.client.renderer.texture.atlas.sources.PalettedPermutations$PalettedSpriteSupplier.get(PalettedPermutations.java:139) ~[forge-1.20.1-47.3.0_mapped_parchment_2023.09.03-1.20.1-recomp.jar%23191!/:?]
	at net.minecraft.client.renderer.texture.atlas.sources.PalettedPermutations$PalettedSpriteSupplier.get(PalettedPermutations.java:133) ~[forge-1.20.1-47.3.0_mapped_parchment_2023.09.03-1.20.1-recomp.jar%23191!/:?]
	at java.util.concurrent.CompletableFuture$AsyncSupply.run(CompletableFuture.java:1768) ~[?:?]
	at java.util.concurrent.CompletableFuture$AsyncSupply.exec(CompletableFuture.java:1760) ~[?:?]
	at java.util.concurrent.ForkJoinTask.doExec(ForkJoinTask.java:373) ~[?:?]
	at java.util.concurrent.ForkJoinPool$WorkQueue.topLevelExec(ForkJoinPool.java:1182) ~[?:?]
	at java.util.concurrent.ForkJoinPool.scan(ForkJoinPool.java:1655) ~[?:?]
	at java.util.concurrent.ForkJoinPool.runWorker(ForkJoinPool.java:1622) ~[?:?]
	at java.util.concurrent.ForkJoinWorkerThread.run(ForkJoinWorkerThread.java:165) ~[?:?]
[17jul.2025 17:31:22.739] [Worker-Main-2/ERROR] [net.minecraft.client.renderer.texture.atlas.sources.PalettedPermutations/]: Failed to load palette image enhanced_playthrough:trims/color_palettes/sapphire
[17jul.2025 17:31:22.739] [Worker-Main-2/ERROR] [net.minecraft.client.renderer.texture.atlas.sources.PalettedPermutations/]: unable to apply palette to minecraft:trims/models/armor/vex_alexandrite
java.lang.IllegalArgumentException: null
	at net.minecraft.client.renderer.texture.atlas.sources.PalettedPermutations.loadPaletteEntryFromImage(PalettedPermutations.java:115) ~[forge-1.20.1-47.3.0_mapped_parchment_2023.09.03-1.20.1-recomp.jar%23191!/:?]
	at net.minecraft.client.renderer.texture.atlas.sources.PalettedPermutations.lambda$run$5(PalettedPermutations.java:62) ~[forge-1.20.1-47.3.0_mapped_parchment_2023.09.03-1.20.1-recomp.jar%23191!/:?]
	at com.google.common.base.Suppliers$NonSerializableMemoizingSupplier.get(Suppliers.java:183) ~[guava-31.1-jre.jar%23106!/:?]
	at net.minecraft.client.renderer.texture.atlas.sources.PalettedPermutations$PalettedSpriteSupplier.get(PalettedPermutations.java:139) ~[forge-1.20.1-47.3.0_mapped_parchment_2023.09.03-1.20.1-recomp.jar%23191!/:?]
	at net.minecraft.client.renderer.texture.atlas.sources.PalettedPermutations$PalettedSpriteSupplier.get(PalettedPermutations.java:133) ~[forge-1.20.1-47.3.0_mapped_parchment_2023.09.03-1.20.1-recomp.jar%23191!/:?]
	at java.util.concurrent.CompletableFuture$AsyncSupply.run(CompletableFuture.java:1768) ~[?:?]
	at java.util.concurrent.CompletableFuture$AsyncSupply.exec(CompletableFuture.java:1760) ~[?:?]
	at java.util.concurrent.ForkJoinTask.doExec(ForkJoinTask.java:373) ~[?:?]
	at java.util.concurrent.ForkJoinPool$WorkQueue.topLevelExec(ForkJoinPool.java:1182) ~[?:?]
	at java.util.concurrent.ForkJoinPool.scan(ForkJoinPool.java:1655) ~[?:?]
	at java.util.concurrent.ForkJoinPool.runWorker(ForkJoinPool.java:1622) ~[?:?]
	at java.util.concurrent.ForkJoinWorkerThread.run(ForkJoinWorkerThread.java:165) ~[?:?]
[17jul.2025 17:31:22.748] [Worker-Main-2/ERROR] [net.minecraft.client.renderer.texture.atlas.sources.PalettedPermutations/]: Failed to load palette image enhanced_playthrough:trims/color_palettes/sapphire
[17jul.2025 17:31:22.748] [Worker-Main-2/ERROR] [net.minecraft.client.renderer.texture.atlas.sources.PalettedPermutations/]: unable to apply palette to minecraft:trims/models/armor/spire_alexandrite
java.lang.IllegalArgumentException: null
	at net.minecraft.client.renderer.texture.atlas.sources.PalettedPermutations.loadPaletteEntryFromImage(PalettedPermutations.java:115) ~[forge-1.20.1-47.3.0_mapped_parchment_2023.09.03-1.20.1-recomp.jar%23191!/:?]
	at net.minecraft.client.renderer.texture.atlas.sources.PalettedPermutations.lambda$run$5(PalettedPermutations.java:62) ~[forge-1.20.1-47.3.0_mapped_parchment_2023.09.03-1.20.1-recomp.jar%23191!/:?]
	at com.google.common.base.Suppliers$NonSerializableMemoizingSupplier.get(Suppliers.java:183) ~[guava-31.1-jre.jar%23106!/:?]
	at net.minecraft.client.renderer.texture.atlas.sources.PalettedPermutations$PalettedSpriteSupplier.get(PalettedPermutations.java:139) ~[forge-1.20.1-47.3.0_mapped_parchment_2023.09.03-1.20.1-recomp.jar%23191!/:?]
	at net.minecraft.client.renderer.texture.atlas.sources.PalettedPermutations$PalettedSpriteSupplier.get(PalettedPermutations.java:133) ~[forge-1.20.1-47.3.0_mapped_parchment_2023.09.03-1.20.1-recomp.jar%23191!/:?]
	at java.util.concurrent.CompletableFuture$AsyncSupply.run(CompletableFuture.java:1768) ~[?:?]
	at java.util.concurrent.CompletableFuture$AsyncSupply.exec(CompletableFuture.java:1760) ~[?:?]
	at java.util.concurrent.ForkJoinTask.doExec(ForkJoinTask.java:373) ~[?:?]
	at java.util.concurrent.ForkJoinPool$WorkQueue.topLevelExec(ForkJoinPool.java:1182) ~[?:?]
	at java.util.concurrent.ForkJoinPool.scan(ForkJoinPool.java:1655) ~[?:?]
	at java.util.concurrent.ForkJoinPool.runWorker(ForkJoinPool.java:1622) ~[?:?]
	at java.util.concurrent.ForkJoinWorkerThread.run(ForkJoinWorkerThread.java:165) ~[?:?]
[17jul.2025 17:31:22.751] [Worker-Main-2/ERROR] [net.minecraft.client.renderer.texture.atlas.sources.PalettedPermutations/]: Failed to load palette image enhanced_playthrough:trims/color_palettes/sapphire
[17jul.2025 17:31:22.751] [Worker-Main-2/ERROR] [net.minecraft.client.renderer.texture.atlas.sources.PalettedPermutations/]: unable to apply palette to minecraft:trims/models/armor/vex_leggings_alexandrite
java.lang.IllegalArgumentException: null
	at net.minecraft.client.renderer.texture.atlas.sources.PalettedPermutations.loadPaletteEntryFromImage(PalettedPermutations.java:115) ~[forge-1.20.1-47.3.0_mapped_parchment_2023.09.03-1.20.1-recomp.jar%23191!/:?]
	at net.minecraft.client.renderer.texture.atlas.sources.PalettedPermutations.lambda$run$5(PalettedPermutations.java:62) ~[forge-1.20.1-47.3.0_mapped_parchment_2023.09.03-1.20.1-recomp.jar%23191!/:?]
	at com.google.common.base.Suppliers$NonSerializableMemoizingSupplier.get(Suppliers.java:183) ~[guava-31.1-jre.jar%23106!/:?]
	at net.minecraft.client.renderer.texture.atlas.sources.PalettedPermutations$PalettedSpriteSupplier.get(PalettedPermutations.java:139) ~[forge-1.20.1-47.3.0_mapped_parchment_2023.09.03-1.20.1-recomp.jar%23191!/:?]
	at net.minecraft.client.renderer.texture.atlas.sources.PalettedPermutations$PalettedSpriteSupplier.get(PalettedPermutations.java:133) ~[forge-1.20.1-47.3.0_mapped_parchment_2023.09.03-1.20.1-recomp.jar%23191!/:?]
	at java.util.concurrent.CompletableFuture$AsyncSupply.run(CompletableFuture.java:1768) ~[?:?]
	at java.util.concurrent.CompletableFuture$AsyncSupply.exec(CompletableFuture.java:1760) ~[?:?]
	at java.util.concurrent.ForkJoinTask.doExec(ForkJoinTask.java:373) ~[?:?]
	at java.util.concurrent.ForkJoinPool$WorkQueue.topLevelExec(ForkJoinPool.java:1182) ~[?:?]
	at java.util.concurrent.ForkJoinPool.scan(ForkJoinPool.java:1655) ~[?:?]
	at java.util.concurrent.ForkJoinPool.runWorker(ForkJoinPool.java:1622) ~[?:?]
	at java.util.concurrent.ForkJoinWorkerThread.run(ForkJoinWorkerThread.java:165) ~[?:?]
[17jul.2025 17:31:22.752] [Worker-Main-2/ERROR] [net.minecraft.client.renderer.texture.atlas.sources.PalettedPermutations/]: Failed to load palette image enhanced_playthrough:trims/color_palettes/sapphire
[17jul.2025 17:31:22.755] [Worker-Main-2/ERROR] [net.minecraft.client.renderer.texture.atlas.sources.PalettedPermutations/]: unable to apply palette to minecraft:trims/models/armor/rib_alexandrite
java.lang.IllegalArgumentException: null
	at net.minecraft.client.renderer.texture.atlas.sources.PalettedPermutations.loadPaletteEntryFromImage(PalettedPermutations.java:115) ~[forge-1.20.1-47.3.0_mapped_parchment_2023.09.03-1.20.1-recomp.jar%23191!/:?]
	at net.minecraft.client.renderer.texture.atlas.sources.PalettedPermutations.lambda$run$5(PalettedPermutations.java:62) ~[forge-1.20.1-47.3.0_mapped_parchment_2023.09.03-1.20.1-recomp.jar%23191!/:?]
	at com.google.common.base.Suppliers$NonSerializableMemoizingSupplier.get(Suppliers.java:183) ~[guava-31.1-jre.jar%23106!/:?]
	at net.minecraft.client.renderer.texture.atlas.sources.PalettedPermutations$PalettedSpriteSupplier.get(PalettedPermutations.java:139) ~[forge-1.20.1-47.3.0_mapped_parchment_2023.09.03-1.20.1-recomp.jar%23191!/:?]
	at net.minecraft.client.renderer.texture.atlas.sources.PalettedPermutations$PalettedSpriteSupplier.get(PalettedPermutations.java:133) ~[forge-1.20.1-47.3.0_mapped_parchment_2023.09.03-1.20.1-recomp.jar%23191!/:?]
	at java.util.concurrent.CompletableFuture$AsyncSupply.run(CompletableFuture.java:1768) ~[?:?]
	at java.util.concurrent.CompletableFuture$AsyncSupply.exec(CompletableFuture.java:1760) ~[?:?]
	at java.util.concurrent.ForkJoinTask.doExec(ForkJoinTask.java:373) ~[?:?]
	at java.util.concurrent.ForkJoinPool$WorkQueue.topLevelExec(ForkJoinPool.java:1182) ~[?:?]
	at java.util.concurrent.ForkJoinPool.scan(ForkJoinPool.java:1655) ~[?:?]
	at java.util.concurrent.ForkJoinPool.runWorker(ForkJoinPool.java:1622) ~[?:?]
	at java.util.concurrent.ForkJoinWorkerThread.run(ForkJoinWorkerThread.java:165) ~[?:?]
[17jul.2025 17:31:22.757] [Worker-Main-2/ERROR] [net.minecraft.client.renderer.texture.atlas.sources.PalettedPermutations/]: Failed to load palette image enhanced_playthrough:trims/color_palettes/sapphire
[17jul.2025 17:31:22.757] [Worker-Main-2/ERROR] [net.minecraft.client.renderer.texture.atlas.sources.PalettedPermutations/]: unable to apply palette to minecraft:trims/models/armor/dune_leggings_alexandrite
java.lang.IllegalArgumentException: null
	at net.minecraft.client.renderer.texture.atlas.sources.PalettedPermutations.loadPaletteEntryFromImage(PalettedPermutations.java:115) ~[forge-1.20.1-47.3.0_mapped_parchment_2023.09.03-1.20.1-recomp.jar%23191!/:?]
	at net.minecraft.client.renderer.texture.atlas.sources.PalettedPermutations.lambda$run$5(PalettedPermutations.java:62) ~[forge-1.20.1-47.3.0_mapped_parchment_2023.09.03-1.20.1-recomp.jar%23191!/:?]
	at com.google.common.base.Suppliers$NonSerializableMemoizingSupplier.get(Suppliers.java:183) ~[guava-31.1-jre.jar%23106!/:?]
	at net.minecraft.client.renderer.texture.atlas.sources.PalettedPermutations$PalettedSpriteSupplier.get(PalettedPermutations.java:139) ~[forge-1.20.1-47.3.0_mapped_parchment_2023.09.03-1.20.1-recomp.jar%23191!/:?]
	at net.minecraft.client.renderer.texture.atlas.sources.PalettedPermutations$PalettedSpriteSupplier.get(PalettedPermutations.java:133) ~[forge-1.20.1-47.3.0_mapped_parchment_2023.09.03-1.20.1-recomp.jar%23191!/:?]
	at java.util.concurrent.CompletableFuture$AsyncSupply.run(CompletableFuture.java:1768) ~[?:?]
	at java.util.concurrent.CompletableFuture$AsyncSupply.exec(CompletableFuture.java:1760) ~[?:?]
	at java.util.concurrent.ForkJoinTask.doExec(ForkJoinTask.java:373) ~[?:?]
	at java.util.concurrent.ForkJoinPool$WorkQueue.topLevelExec(ForkJoinPool.java:1182) ~[?:?]
	at java.util.concurrent.ForkJoinPool.scan(ForkJoinPool.java:1655) ~[?:?]
	at java.util.concurrent.ForkJoinPool.runWorker(ForkJoinPool.java:1622) ~[?:?]
	at java.util.concurrent.ForkJoinWorkerThread.run(ForkJoinWorkerThread.java:165) ~[?:?]
[17jul.2025 17:31:22.762] [Worker-Main-2/ERROR] [net.minecraft.client.renderer.texture.atlas.sources.PalettedPermutations/]: Failed to load palette image enhanced_playthrough:trims/color_palettes/sapphire
[17jul.2025 17:31:22.762] [Worker-Main-2/ERROR] [net.minecraft.client.renderer.texture.atlas.sources.PalettedPermutations/]: unable to apply palette to minecraft:trims/models/armor/snout_leggings_alexandrite
java.lang.IllegalArgumentException: null
	at net.minecraft.client.renderer.texture.atlas.sources.PalettedPermutations.loadPaletteEntryFromImage(PalettedPermutations.java:115) ~[forge-1.20.1-47.3.0_mapped_parchment_2023.09.03-1.20.1-recomp.jar%23191!/:?]
	at net.minecraft.client.renderer.texture.atlas.sources.PalettedPermutations.lambda$run$5(PalettedPermutations.java:62) ~[forge-1.20.1-47.3.0_mapped_parchment_2023.09.03-1.20.1-recomp.jar%23191!/:?]
	at com.google.common.base.Suppliers$NonSerializableMemoizingSupplier.get(Suppliers.java:183) ~[guava-31.1-jre.jar%23106!/:?]
	at net.minecraft.client.renderer.texture.atlas.sources.PalettedPermutations$PalettedSpriteSupplier.get(PalettedPermutations.java:139) ~[forge-1.20.1-47.3.0_mapped_parchment_2023.09.03-1.20.1-recomp.jar%23191!/:?]
	at net.minecraft.client.renderer.texture.atlas.sources.PalettedPermutations$PalettedSpriteSupplier.get(PalettedPermutations.java:133) ~[forge-1.20.1-47.3.0_mapped_parchment_2023.09.03-1.20.1-recomp.jar%23191!/:?]
	at java.util.concurrent.CompletableFuture$AsyncSupply.run(CompletableFuture.java:1768) ~[?:?]
	at java.util.concurrent.CompletableFuture$AsyncSupply.exec(CompletableFuture.java:1760) ~[?:?]
	at java.util.concurrent.ForkJoinTask.doExec(ForkJoinTask.java:373) ~[?:?]
	at java.util.concurrent.ForkJoinPool$WorkQueue.topLevelExec(ForkJoinPool.java:1182) ~[?:?]
	at java.util.concurrent.ForkJoinPool.scan(ForkJoinPool.java:1655) ~[?:?]
	at java.util.concurrent.ForkJoinPool.runWorker(ForkJoinPool.java:1622) ~[?:?]
	at java.util.concurrent.ForkJoinWorkerThread.run(ForkJoinWorkerThread.java:165) ~[?:?]
[17jul.2025 17:31:22.764] [Worker-Main-2/ERROR] [net.minecraft.client.renderer.texture.atlas.sources.PalettedPermutations/]: Failed to load palette image enhanced_playthrough:trims/color_palettes/sapphire
[17jul.2025 17:31:22.765] [Worker-Main-2/ERROR] [net.minecraft.client.renderer.texture.atlas.sources.PalettedPermutations/]: unable to apply palette to minecraft:trims/models/armor/coast_alexandrite
java.lang.IllegalArgumentException: null
	at net.minecraft.client.renderer.texture.atlas.sources.PalettedPermutations.loadPaletteEntryFromImage(PalettedPermutations.java:115) ~[forge-1.20.1-47.3.0_mapped_parchment_2023.09.03-1.20.1-recomp.jar%23191!/:?]
	at net.minecraft.client.renderer.texture.atlas.sources.PalettedPermutations.lambda$run$5(PalettedPermutations.java:62) ~[forge-1.20.1-47.3.0_mapped_parchment_2023.09.03-1.20.1-recomp.jar%23191!/:?]
	at com.google.common.base.Suppliers$NonSerializableMemoizingSupplier.get(Suppliers.java:183) ~[guava-31.1-jre.jar%23106!/:?]
	at net.minecraft.client.renderer.texture.atlas.sources.PalettedPermutations$PalettedSpriteSupplier.get(PalettedPermutations.java:139) ~[forge-1.20.1-47.3.0_mapped_parchment_2023.09.03-1.20.1-recomp.jar%23191!/:?]
	at net.minecraft.client.renderer.texture.atlas.sources.PalettedPermutations$PalettedSpriteSupplier.get(PalettedPermutations.java:133) ~[forge-1.20.1-47.3.0_mapped_parchment_2023.09.03-1.20.1-recomp.jar%23191!/:?]
	at java.util.concurrent.CompletableFuture$AsyncSupply.run(CompletableFuture.java:1768) ~[?:?]
	at java.util.concurrent.CompletableFuture$AsyncSupply.exec(CompletableFuture.java:1760) ~[?:?]
	at java.util.concurrent.ForkJoinTask.doExec(ForkJoinTask.java:373) ~[?:?]
	at java.util.concurrent.ForkJoinPool$WorkQueue.topLevelExec(ForkJoinPool.java:1182) ~[?:?]
	at java.util.concurrent.ForkJoinPool.scan(ForkJoinPool.java:1655) ~[?:?]
	at java.util.concurrent.ForkJoinPool.runWorker(ForkJoinPool.java:1622) ~[?:?]
	at java.util.concurrent.ForkJoinWorkerThread.run(ForkJoinWorkerThread.java:165) ~[?:?]
[17jul.2025 17:31:22.766] [Worker-Main-2/ERROR] [net.minecraft.client.renderer.texture.atlas.sources.PalettedPermutations/]: Failed to load palette image enhanced_playthrough:trims/color_palettes/sapphire
[17jul.2025 17:31:22.766] [Worker-Main-2/ERROR] [net.minecraft.client.renderer.texture.atlas.sources.PalettedPermutations/]: unable to apply palette to minecraft:trims/models/armor/shaper_alexandrite
java.lang.IllegalArgumentException: null
	at net.minecraft.client.renderer.texture.atlas.sources.PalettedPermutations.loadPaletteEntryFromImage(PalettedPermutations.java:115) ~[forge-1.20.1-47.3.0_mapped_parchment_2023.09.03-1.20.1-recomp.jar%23191!/:?]
	at net.minecraft.client.renderer.texture.atlas.sources.PalettedPermutations.lambda$run$5(PalettedPermutations.java:62) ~[forge-1.20.1-47.3.0_mapped_parchment_2023.09.03-1.20.1-recomp.jar%23191!/:?]
	at com.google.common.base.Suppliers$NonSerializableMemoizingSupplier.get(Suppliers.java:183) ~[guava-31.1-jre.jar%23106!/:?]
	at net.minecraft.client.renderer.texture.atlas.sources.PalettedPermutations$PalettedSpriteSupplier.get(PalettedPermutations.java:139) ~[forge-1.20.1-47.3.0_mapped_parchment_2023.09.03-1.20.1-recomp.jar%23191!/:?]
	at net.minecraft.client.renderer.texture.atlas.sources.PalettedPermutations$PalettedSpriteSupplier.get(PalettedPermutations.java:133) ~[forge-1.20.1-47.3.0_mapped_parchment_2023.09.03-1.20.1-recomp.jar%23191!/:?]
	at java.util.concurrent.CompletableFuture$AsyncSupply.run(CompletableFuture.java:1768) ~[?:?]
	at java.util.concurrent.CompletableFuture$AsyncSupply.exec(CompletableFuture.java:1760) ~[?:?]
	at java.util.concurrent.ForkJoinTask.doExec(ForkJoinTask.java:373) ~[?:?]
	at java.util.concurrent.ForkJoinPool$WorkQueue.topLevelExec(ForkJoinPool.java:1182) ~[?:?]
	at java.util.concurrent.ForkJoinPool.scan(ForkJoinPool.java:1655) ~[?:?]
	at java.util.concurrent.ForkJoinPool.runWorker(ForkJoinPool.java:1622) ~[?:?]
	at java.util.concurrent.ForkJoinWorkerThread.run(ForkJoinWorkerThread.java:165) ~[?:?]
[17jul.2025 17:31:22.812] [Worker-Main-2/ERROR] [net.minecraft.client.renderer.texture.atlas.sources.PalettedPermutations/]: Failed to load palette image enhanced_playthrough:trims/color_palettes/sapphire
[17jul.2025 17:31:22.812] [Worker-Main-2/ERROR] [net.minecraft.client.renderer.texture.atlas.sources.PalettedPermutations/]: unable to apply palette to minecraft:trims/models/armor/silence_alexandrite
java.lang.IllegalArgumentException: null
	at net.minecraft.client.renderer.texture.atlas.sources.PalettedPermutations.loadPaletteEntryFromImage(PalettedPermutations.java:115) ~[forge-1.20.1-47.3.0_mapped_parchment_2023.09.03-1.20.1-recomp.jar%23191!/:?]
	at net.minecraft.client.renderer.texture.atlas.sources.PalettedPermutations.lambda$run$5(PalettedPermutations.java:62) ~[forge-1.20.1-47.3.0_mapped_parchment_2023.09.03-1.20.1-recomp.jar%23191!/:?]
	at com.google.common.base.Suppliers$NonSerializableMemoizingSupplier.get(Suppliers.java:183) ~[guava-31.1-jre.jar%23106!/:?]
	at net.minecraft.client.renderer.texture.atlas.sources.PalettedPermutations$PalettedSpriteSupplier.get(PalettedPermutations.java:139) ~[forge-1.20.1-47.3.0_mapped_parchment_2023.09.03-1.20.1-recomp.jar%23191!/:?]
	at net.minecraft.client.renderer.texture.atlas.sources.PalettedPermutations$PalettedSpriteSupplier.get(PalettedPermutations.java:133) ~[forge-1.20.1-47.3.0_mapped_parchment_2023.09.03-1.20.1-recomp.jar%23191!/:?]
	at java.util.concurrent.CompletableFuture$AsyncSupply.run(CompletableFuture.java:1768) ~[?:?]
	at java.util.concurrent.CompletableFuture$AsyncSupply.exec(CompletableFuture.java:1760) ~[?:?]
	at java.util.concurrent.ForkJoinTask.doExec(ForkJoinTask.java:373) ~[?:?]
	at java.util.concurrent.ForkJoinPool$WorkQueue.topLevelExec(ForkJoinPool.java:1182) ~[?:?]
	at java.util.concurrent.ForkJoinPool.scan(ForkJoinPool.java:1655) ~[?:?]
	at java.util.concurrent.ForkJoinPool.runWorker(ForkJoinPool.java:1622) ~[?:?]
	at java.util.concurrent.ForkJoinWorkerThread.run(ForkJoinWorkerThread.java:165) ~[?:?]
[17jul.2025 17:31:22.815] [Worker-Main-2/ERROR] [net.minecraft.client.renderer.texture.atlas.sources.PalettedPermutations/]: Failed to load palette image enhanced_playthrough:trims/color_palettes/sapphire
[17jul.2025 17:31:22.816] [Worker-Main-2/ERROR] [net.minecraft.client.renderer.texture.atlas.sources.PalettedPermutations/]: unable to apply palette to minecraft:trims/models/armor/snout_alexandrite
java.lang.IllegalArgumentException: null
	at net.minecraft.client.renderer.texture.atlas.sources.PalettedPermutations.loadPaletteEntryFromImage(PalettedPermutations.java:115) ~[forge-1.20.1-47.3.0_mapped_parchment_2023.09.03-1.20.1-recomp.jar%23191!/:?]
	at net.minecraft.client.renderer.texture.atlas.sources.PalettedPermutations.lambda$run$5(PalettedPermutations.java:62) ~[forge-1.20.1-47.3.0_mapped_parchment_2023.09.03-1.20.1-recomp.jar%23191!/:?]
	at com.google.common.base.Suppliers$NonSerializableMemoizingSupplier.get(Suppliers.java:183) ~[guava-31.1-jre.jar%23106!/:?]
	at net.minecraft.client.renderer.texture.atlas.sources.PalettedPermutations$PalettedSpriteSupplier.get(PalettedPermutations.java:139) ~[forge-1.20.1-47.3.0_mapped_parchment_2023.09.03-1.20.1-recomp.jar%23191!/:?]
	at net.minecraft.client.renderer.texture.atlas.sources.PalettedPermutations$PalettedSpriteSupplier.get(PalettedPermutations.java:133) ~[forge-1.20.1-47.3.0_mapped_parchment_2023.09.03-1.20.1-recomp.jar%23191!/:?]
	at java.util.concurrent.CompletableFuture$AsyncSupply.run(CompletableFuture.java:1768) ~[?:?]
	at java.util.concurrent.CompletableFuture$AsyncSupply.exec(CompletableFuture.java:1760) ~[?:?]
	at java.util.concurrent.ForkJoinTask.doExec(ForkJoinTask.java:373) ~[?:?]
	at java.util.concurrent.ForkJoinPool$WorkQueue.topLevelExec(ForkJoinPool.java:1182) ~[?:?]
	at java.util.concurrent.ForkJoinPool.scan(ForkJoinPool.java:1655) ~[?:?]
	at java.util.concurrent.ForkJoinPool.runWorker(ForkJoinPool.java:1622) ~[?:?]
	at java.util.concurrent.ForkJoinWorkerThread.run(ForkJoinWorkerThread.java:165) ~[?:?]
[17jul.2025 17:31:22.822] [Worker-Main-2/ERROR] [net.minecraft.client.renderer.texture.atlas.sources.PalettedPermutations/]: Failed to load palette image enhanced_playthrough:trims/color_palettes/sapphire
[17jul.2025 17:31:22.822] [Worker-Main-2/ERROR] [net.minecraft.client.renderer.texture.atlas.sources.PalettedPermutations/]: unable to apply palette to minecraft:trims/models/armor/spire_leggings_alexandrite
java.lang.IllegalArgumentException: null
	at net.minecraft.client.renderer.texture.atlas.sources.PalettedPermutations.loadPaletteEntryFromImage(PalettedPermutations.java:115) ~[forge-1.20.1-47.3.0_mapped_parchment_2023.09.03-1.20.1-recomp.jar%23191!/:?]
	at net.minecraft.client.renderer.texture.atlas.sources.PalettedPermutations.lambda$run$5(PalettedPermutations.java:62) ~[forge-1.20.1-47.3.0_mapped_parchment_2023.09.03-1.20.1-recomp.jar%23191!/:?]
	at com.google.common.base.Suppliers$NonSerializableMemoizingSupplier.get(Suppliers.java:183) ~[guava-31.1-jre.jar%23106!/:?]
	at net.minecraft.client.renderer.texture.atlas.sources.PalettedPermutations$PalettedSpriteSupplier.get(PalettedPermutations.java:139) ~[forge-1.20.1-47.3.0_mapped_parchment_2023.09.03-1.20.1-recomp.jar%23191!/:?]
	at net.minecraft.client.renderer.texture.atlas.sources.PalettedPermutations$PalettedSpriteSupplier.get(PalettedPermutations.java:133) ~[forge-1.20.1-47.3.0_mapped_parchment_2023.09.03-1.20.1-recomp.jar%23191!/:?]
	at java.util.concurrent.CompletableFuture$AsyncSupply.run(CompletableFuture.java:1768) ~[?:?]
	at java.util.concurrent.CompletableFuture$AsyncSupply.exec(CompletableFuture.java:1760) ~[?:?]
	at java.util.concurrent.ForkJoinTask.doExec(ForkJoinTask.java:373) ~[?:?]
	at java.util.concurrent.ForkJoinPool$WorkQueue.topLevelExec(ForkJoinPool.java:1182) ~[?:?]
	at java.util.concurrent.ForkJoinPool.scan(ForkJoinPool.java:1655) ~[?:?]
	at java.util.concurrent.ForkJoinPool.runWorker(ForkJoinPool.java:1622) ~[?:?]
	at java.util.concurrent.ForkJoinWorkerThread.run(ForkJoinWorkerThread.java:165) ~[?:?]
[17jul.2025 17:31:22.823] [Worker-Main-2/ERROR] [net.minecraft.client.renderer.texture.atlas.sources.PalettedPermutations/]: Failed to load palette image enhanced_playthrough:trims/color_palettes/sapphire
[17jul.2025 17:31:22.823] [Worker-Main-2/ERROR] [net.minecraft.client.renderer.texture.atlas.sources.PalettedPermutations/]: unable to apply palette to minecraft:trims/models/armor/eye_alexandrite
java.lang.IllegalArgumentException: null
	at net.minecraft.client.renderer.texture.atlas.sources.PalettedPermutations.loadPaletteEntryFromImage(PalettedPermutations.java:115) ~[forge-1.20.1-47.3.0_mapped_parchment_2023.09.03-1.20.1-recomp.jar%23191!/:?]
	at net.minecraft.client.renderer.texture.atlas.sources.PalettedPermutations.lambda$run$5(PalettedPermutations.java:62) ~[forge-1.20.1-47.3.0_mapped_parchment_2023.09.03-1.20.1-recomp.jar%23191!/:?]
	at com.google.common.base.Suppliers$NonSerializableMemoizingSupplier.get(Suppliers.java:183) ~[guava-31.1-jre.jar%23106!/:?]
	at net.minecraft.client.renderer.texture.atlas.sources.PalettedPermutations$PalettedSpriteSupplier.get(PalettedPermutations.java:139) ~[forge-1.20.1-47.3.0_mapped_parchment_2023.09.03-1.20.1-recomp.jar%23191!/:?]
	at net.minecraft.client.renderer.texture.atlas.sources.PalettedPermutations$PalettedSpriteSupplier.get(PalettedPermutations.java:133) ~[forge-1.20.1-47.3.0_mapped_parchment_2023.09.03-1.20.1-recomp.jar%23191!/:?]
	at java.util.concurrent.CompletableFuture$AsyncSupply.run(CompletableFuture.java:1768) ~[?:?]
	at java.util.concurrent.CompletableFuture$AsyncSupply.exec(CompletableFuture.java:1760) ~[?:?]
	at java.util.concurrent.ForkJoinTask.doExec(ForkJoinTask.java:373) ~[?:?]
	at java.util.concurrent.ForkJoinPool$WorkQueue.topLevelExec(ForkJoinPool.java:1182) ~[?:?]
	at java.util.concurrent.ForkJoinPool.scan(ForkJoinPool.java:1655) ~[?:?]
	at java.util.concurrent.ForkJoinPool.runWorker(ForkJoinPool.java:1622) ~[?:?]
	at java.util.concurrent.ForkJoinWorkerThread.run(ForkJoinWorkerThread.java:165) ~[?:?]
[17jul.2025 17:31:22.828] [Worker-Main-2/ERROR] [net.minecraft.client.renderer.texture.atlas.sources.PalettedPermutations/]: Failed to load palette image enhanced_playthrough:trims/color_palettes/sapphire
[17jul.2025 17:31:22.829] [Worker-Main-2/ERROR] [net.minecraft.client.renderer.texture.atlas.sources.PalettedPermutations/]: unable to apply palette to minecraft:trims/models/armor/ward_leggings_alexandrite
java.lang.IllegalArgumentException: null
	at net.minecraft.client.renderer.texture.atlas.sources.PalettedPermutations.loadPaletteEntryFromImage(PalettedPermutations.java:115) ~[forge-1.20.1-47.3.0_mapped_parchment_2023.09.03-1.20.1-recomp.jar%23191!/:?]
	at net.minecraft.client.renderer.texture.atlas.sources.PalettedPermutations.lambda$run$5(PalettedPermutations.java:62) ~[forge-1.20.1-47.3.0_mapped_parchment_2023.09.03-1.20.1-recomp.jar%23191!/:?]
	at com.google.common.base.Suppliers$NonSerializableMemoizingSupplier.get(Suppliers.java:183) ~[guava-31.1-jre.jar%23106!/:?]
	at net.minecraft.client.renderer.texture.atlas.sources.PalettedPermutations$PalettedSpriteSupplier.get(PalettedPermutations.java:139) ~[forge-1.20.1-47.3.0_mapped_parchment_2023.09.03-1.20.1-recomp.jar%23191!/:?]
	at net.minecraft.client.renderer.texture.atlas.sources.PalettedPermutations$PalettedSpriteSupplier.get(PalettedPermutations.java:133) ~[forge-1.20.1-47.3.0_mapped_parchment_2023.09.03-1.20.1-recomp.jar%23191!/:?]
	at java.util.concurrent.CompletableFuture$AsyncSupply.run(CompletableFuture.java:1768) ~[?:?]
	at java.util.concurrent.CompletableFuture$AsyncSupply.exec(CompletableFuture.java:1760) ~[?:?]
	at java.util.concurrent.ForkJoinTask.doExec(ForkJoinTask.java:373) ~[?:?]
	at java.util.concurrent.ForkJoinPool$WorkQueue.topLevelExec(ForkJoinPool.java:1182) ~[?:?]
	at java.util.concurrent.ForkJoinPool.scan(ForkJoinPool.java:1655) ~[?:?]
	at java.util.concurrent.ForkJoinPool.runWorker(ForkJoinPool.java:1622) ~[?:?]
	at java.util.concurrent.ForkJoinWorkerThread.run(ForkJoinWorkerThread.java:165) ~[?:?]
[17jul.2025 17:31:22.834] [Worker-Main-2/ERROR] [net.minecraft.client.renderer.texture.atlas.sources.PalettedPermutations/]: Failed to load palette image enhanced_playthrough:trims/color_palettes/sapphire
[17jul.2025 17:31:22.834] [Worker-Main-2/ERROR] [net.minecraft.client.renderer.texture.atlas.sources.PalettedPermutations/]: unable to apply palette to minecraft:trims/models/armor/sentry_alexandrite
java.lang.IllegalArgumentException: null
	at net.minecraft.client.renderer.texture.atlas.sources.PalettedPermutations.loadPaletteEntryFromImage(PalettedPermutations.java:115) ~[forge-1.20.1-47.3.0_mapped_parchment_2023.09.03-1.20.1-recomp.jar%23191!/:?]
	at net.minecraft.client.renderer.texture.atlas.sources.PalettedPermutations.lambda$run$5(PalettedPermutations.java:62) ~[forge-1.20.1-47.3.0_mapped_parchment_2023.09.03-1.20.1-recomp.jar%23191!/:?]
	at com.google.common.base.Suppliers$NonSerializableMemoizingSupplier.get(Suppliers.java:183) ~[guava-31.1-jre.jar%23106!/:?]
	at net.minecraft.client.renderer.texture.atlas.sources.PalettedPermutations$PalettedSpriteSupplier.get(PalettedPermutations.java:139) ~[forge-1.20.1-47.3.0_mapped_parchment_2023.09.03-1.20.1-recomp.jar%23191!/:?]
	at net.minecraft.client.renderer.texture.atlas.sources.PalettedPermutations$PalettedSpriteSupplier.get(PalettedPermutations.java:133) ~[forge-1.20.1-47.3.0_mapped_parchment_2023.09.03-1.20.1-recomp.jar%23191!/:?]
	at java.util.concurrent.CompletableFuture$AsyncSupply.run(CompletableFuture.java:1768) ~[?:?]
	at java.util.concurrent.CompletableFuture$AsyncSupply.exec(CompletableFuture.java:1760) ~[?:?]
	at java.util.concurrent.ForkJoinTask.doExec(ForkJoinTask.java:373) ~[?:?]
	at java.util.concurrent.ForkJoinPool$WorkQueue.topLevelExec(ForkJoinPool.java:1182) ~[?:?]
	at java.util.concurrent.ForkJoinPool.scan(ForkJoinPool.java:1655) ~[?:?]
	at java.util.concurrent.ForkJoinPool.runWorker(ForkJoinPool.java:1622) ~[?:?]
	at java.util.concurrent.ForkJoinWorkerThread.run(ForkJoinWorkerThread.java:165) ~[?:?]
[17jul.2025 17:31:22.838] [Worker-Main-2/ERROR] [net.minecraft.client.renderer.texture.atlas.sources.PalettedPermutations/]: Failed to load palette image enhanced_playthrough:trims/color_palettes/sapphire
[17jul.2025 17:31:22.838] [Worker-Main-2/ERROR] [net.minecraft.client.renderer.texture.atlas.sources.PalettedPermutations/]: unable to apply palette to minecraft:trims/models/armor/raiser_alexandrite
java.lang.IllegalArgumentException: null
	at net.minecraft.client.renderer.texture.atlas.sources.PalettedPermutations.loadPaletteEntryFromImage(PalettedPermutations.java:115) ~[forge-1.20.1-47.3.0_mapped_parchment_2023.09.03-1.20.1-recomp.jar%23191!/:?]
	at net.minecraft.client.renderer.texture.atlas.sources.PalettedPermutations.lambda$run$5(PalettedPermutations.java:62) ~[forge-1.20.1-47.3.0_mapped_parchment_2023.09.03-1.20.1-recomp.jar%23191!/:?]
	at com.google.common.base.Suppliers$NonSerializableMemoizingSupplier.get(Suppliers.java:183) ~[guava-31.1-jre.jar%23106!/:?]
	at net.minecraft.client.renderer.texture.atlas.sources.PalettedPermutations$PalettedSpriteSupplier.get(PalettedPermutations.java:139) ~[forge-1.20.1-47.3.0_mapped_parchment_2023.09.03-1.20.1-recomp.jar%23191!/:?]
	at net.minecraft.client.renderer.texture.atlas.sources.PalettedPermutations$PalettedSpriteSupplier.get(PalettedPermutations.java:133) ~[forge-1.20.1-47.3.0_mapped_parchment_2023.09.03-1.20.1-recomp.jar%23191!/:?]
	at java.util.concurrent.CompletableFuture$AsyncSupply.run(CompletableFuture.java:1768) ~[?:?]
	at java.util.concurrent.CompletableFuture$AsyncSupply.exec(CompletableFuture.java:1760) ~[?:?]
	at java.util.concurrent.ForkJoinTask.doExec(ForkJoinTask.java:373) ~[?:?]
	at java.util.concurrent.ForkJoinPool$WorkQueue.topLevelExec(ForkJoinPool.java:1182) ~[?:?]
	at java.util.concurrent.ForkJoinPool.scan(ForkJoinPool.java:1655) ~[?:?]
	at java.util.concurrent.ForkJoinPool.runWorker(ForkJoinPool.java:1622) ~[?:?]
	at java.util.concurrent.ForkJoinWorkerThread.run(ForkJoinWorkerThread.java:165) ~[?:?]
[17jul.2025 17:31:22.843] [Worker-Main-2/ERROR] [net.minecraft.client.renderer.texture.atlas.sources.PalettedPermutations/]: Failed to load palette image enhanced_playthrough:trims/color_palettes/sapphire
[17jul.2025 17:31:22.843] [Worker-Main-2/ERROR] [net.minecraft.client.renderer.texture.atlas.sources.PalettedPermutations/]: unable to apply palette to minecraft:trims/models/armor/sentry_leggings_alexandrite
java.lang.IllegalArgumentException: null
	at net.minecraft.client.renderer.texture.atlas.sources.PalettedPermutations.loadPaletteEntryFromImage(PalettedPermutations.java:115) ~[forge-1.20.1-47.3.0_mapped_parchment_2023.09.03-1.20.1-recomp.jar%23191!/:?]
	at net.minecraft.client.renderer.texture.atlas.sources.PalettedPermutations.lambda$run$5(PalettedPermutations.java:62) ~[forge-1.20.1-47.3.0_mapped_parchment_2023.09.03-1.20.1-recomp.jar%23191!/:?]
	at com.google.common.base.Suppliers$NonSerializableMemoizingSupplier.get(Suppliers.java:183) ~[guava-31.1-jre.jar%23106!/:?]
	at net.minecraft.client.renderer.texture.atlas.sources.PalettedPermutations$PalettedSpriteSupplier.get(PalettedPermutations.java:139) ~[forge-1.20.1-47.3.0_mapped_parchment_2023.09.03-1.20.1-recomp.jar%23191!/:?]
	at net.minecraft.client.renderer.texture.atlas.sources.PalettedPermutations$PalettedSpriteSupplier.get(PalettedPermutations.java:133) ~[forge-1.20.1-47.3.0_mapped_parchment_2023.09.03-1.20.1-recomp.jar%23191!/:?]
	at java.util.concurrent.CompletableFuture$AsyncSupply.run(CompletableFuture.java:1768) ~[?:?]
	at java.util.concurrent.CompletableFuture$AsyncSupply.exec(CompletableFuture.java:1760) ~[?:?]
	at java.util.concurrent.ForkJoinTask.doExec(ForkJoinTask.java:373) ~[?:?]
	at java.util.concurrent.ForkJoinPool$WorkQueue.topLevelExec(ForkJoinPool.java:1182) ~[?:?]
	at java.util.concurrent.ForkJoinPool.scan(ForkJoinPool.java:1655) ~[?:?]
	at java.util.concurrent.ForkJoinPool.runWorker(ForkJoinPool.java:1622) ~[?:?]
	at java.util.concurrent.ForkJoinWorkerThread.run(ForkJoinWorkerThread.java:165) ~[?:?]
[17jul.2025 17:31:22.846] [Worker-Main-2/ERROR] [net.minecraft.client.renderer.texture.atlas.sources.PalettedPermutations/]: Failed to load palette image enhanced_playthrough:trims/color_palettes/sapphire
[17jul.2025 17:31:22.846] [Worker-Main-2/ERROR] [net.minecraft.client.renderer.texture.atlas.sources.PalettedPermutations/]: unable to apply palette to minecraft:trims/models/armor/tide_leggings_alexandrite
java.lang.IllegalArgumentException: null
	at net.minecraft.client.renderer.texture.atlas.sources.PalettedPermutations.loadPaletteEntryFromImage(PalettedPermutations.java:115) ~[forge-1.20.1-47.3.0_mapped_parchment_2023.09.03-1.20.1-recomp.jar%23191!/:?]
	at net.minecraft.client.renderer.texture.atlas.sources.PalettedPermutations.lambda$run$5(PalettedPermutations.java:62) ~[forge-1.20.1-47.3.0_mapped_parchment_2023.09.03-1.20.1-recomp.jar%23191!/:?]
	at com.google.common.base.Suppliers$NonSerializableMemoizingSupplier.get(Suppliers.java:183) ~[guava-31.1-jre.jar%23106!/:?]
	at net.minecraft.client.renderer.texture.atlas.sources.PalettedPermutations$PalettedSpriteSupplier.get(PalettedPermutations.java:139) ~[forge-1.20.1-47.3.0_mapped_parchment_2023.09.03-1.20.1-recomp.jar%23191!/:?]
	at net.minecraft.client.renderer.texture.atlas.sources.PalettedPermutations$PalettedSpriteSupplier.get(PalettedPermutations.java:133) ~[forge-1.20.1-47.3.0_mapped_parchment_2023.09.03-1.20.1-recomp.jar%23191!/:?]
	at java.util.concurrent.CompletableFuture$AsyncSupply.run(CompletableFuture.java:1768) ~[?:?]
	at java.util.concurrent.CompletableFuture$AsyncSupply.exec(CompletableFuture.java:1760) ~[?:?]
	at java.util.concurrent.ForkJoinTask.doExec(ForkJoinTask.java:373) ~[?:?]
	at java.util.concurrent.ForkJoinPool$WorkQueue.topLevelExec(ForkJoinPool.java:1182) ~[?:?]
	at java.util.concurrent.ForkJoinPool.scan(ForkJoinPool.java:1655) ~[?:?]
	at java.util.concurrent.ForkJoinPool.runWorker(ForkJoinPool.java:1622) ~[?:?]
	at java.util.concurrent.ForkJoinWorkerThread.run(ForkJoinWorkerThread.java:165) ~[?:?]
[17jul.2025 17:31:22.850] [Worker-Main-2/ERROR] [net.minecraft.client.renderer.texture.atlas.sources.PalettedPermutations/]: Failed to load palette image enhanced_playthrough:trims/color_palettes/sapphire
[17jul.2025 17:31:22.850] [Worker-Main-2/ERROR] [net.minecraft.client.renderer.texture.atlas.sources.PalettedPermutations/]: unable to apply palette to minecraft:trims/models/armor/host_leggings_alexandrite
java.lang.IllegalArgumentException: null
	at net.minecraft.client.renderer.texture.atlas.sources.PalettedPermutations.loadPaletteEntryFromImage(PalettedPermutations.java:115) ~[forge-1.20.1-47.3.0_mapped_parchment_2023.09.03-1.20.1-recomp.jar%23191!/:?]
	at net.minecraft.client.renderer.texture.atlas.sources.PalettedPermutations.lambda$run$5(PalettedPermutations.java:62) ~[forge-1.20.1-47.3.0_mapped_parchment_2023.09.03-1.20.1-recomp.jar%23191!/:?]
	at com.google.common.base.Suppliers$NonSerializableMemoizingSupplier.get(Suppliers.java:183) ~[guava-31.1-jre.jar%23106!/:?]
	at net.minecraft.client.renderer.texture.atlas.sources.PalettedPermutations$PalettedSpriteSupplier.get(PalettedPermutations.java:139) ~[forge-1.20.1-47.3.0_mapped_parchment_2023.09.03-1.20.1-recomp.jar%23191!/:?]
	at net.minecraft.client.renderer.texture.atlas.sources.PalettedPermutations$PalettedSpriteSupplier.get(PalettedPermutations.java:133) ~[forge-1.20.1-47.3.0_mapped_parchment_2023.09.03-1.20.1-recomp.jar%23191!/:?]
	at java.util.concurrent.CompletableFuture$AsyncSupply.run(CompletableFuture.java:1768) ~[?:?]
	at java.util.concurrent.CompletableFuture$AsyncSupply.exec(CompletableFuture.java:1760) ~[?:?]
	at java.util.concurrent.ForkJoinTask.doExec(ForkJoinTask.java:373) ~[?:?]
	at java.util.concurrent.ForkJoinPool$WorkQueue.topLevelExec(ForkJoinPool.java:1182) ~[?:?]
	at java.util.concurrent.ForkJoinPool.scan(ForkJoinPool.java:1655) ~[?:?]
	at java.util.concurrent.ForkJoinPool.runWorker(ForkJoinPool.java:1622) ~[?:?]
	at java.util.concurrent.ForkJoinWorkerThread.run(ForkJoinWorkerThread.java:165) ~[?:?]
[17jul.2025 17:31:22.851] [Worker-Main-2/ERROR] [net.minecraft.client.renderer.texture.atlas.sources.PalettedPermutations/]: Failed to load palette image enhanced_playthrough:trims/color_palettes/sapphire
[17jul.2025 17:31:22.851] [Worker-Main-2/ERROR] [net.minecraft.client.renderer.texture.atlas.sources.PalettedPermutations/]: unable to apply palette to minecraft:trims/models/armor/shaper_leggings_alexandrite
java.lang.IllegalArgumentException: null
	at net.minecraft.client.renderer.texture.atlas.sources.PalettedPermutations.loadPaletteEntryFromImage(PalettedPermutations.java:115) ~[forge-1.20.1-47.3.0_mapped_parchment_2023.09.03-1.20.1-recomp.jar%23191!/:?]
	at net.minecraft.client.renderer.texture.atlas.sources.PalettedPermutations.lambda$run$5(PalettedPermutations.java:62) ~[forge-1.20.1-47.3.0_mapped_parchment_2023.09.03-1.20.1-recomp.jar%23191!/:?]
	at com.google.common.base.Suppliers$NonSerializableMemoizingSupplier.get(Suppliers.java:183) ~[guava-31.1-jre.jar%23106!/:?]
	at net.minecraft.client.renderer.texture.atlas.sources.PalettedPermutations$PalettedSpriteSupplier.get(PalettedPermutations.java:139) ~[forge-1.20.1-47.3.0_mapped_parchment_2023.09.03-1.20.1-recomp.jar%23191!/:?]
	at net.minecraft.client.renderer.texture.atlas.sources.PalettedPermutations$PalettedSpriteSupplier.get(PalettedPermutations.java:133) ~[forge-1.20.1-47.3.0_mapped_parchment_2023.09.03-1.20.1-recomp.jar%23191!/:?]
	at java.util.concurrent.CompletableFuture$AsyncSupply.run(CompletableFuture.java:1768) ~[?:?]
	at java.util.concurrent.CompletableFuture$AsyncSupply.exec(CompletableFuture.java:1760) ~[?:?]
	at java.util.concurrent.ForkJoinTask.doExec(ForkJoinTask.java:373) ~[?:?]
	at java.util.concurrent.ForkJoinPool$WorkQueue.topLevelExec(ForkJoinPool.java:1182) ~[?:?]
	at java.util.concurrent.ForkJoinPool.scan(ForkJoinPool.java:1655) ~[?:?]
	at java.util.concurrent.ForkJoinPool.runWorker(ForkJoinPool.java:1622) ~[?:?]
	at java.util.concurrent.ForkJoinWorkerThread.run(ForkJoinWorkerThread.java:165) ~[?:?]
[17jul.2025 17:31:22.854] [Worker-Main-2/ERROR] [net.minecraft.client.renderer.texture.atlas.sources.PalettedPermutations/]: Failed to load palette image enhanced_playthrough:trims/color_palettes/sapphire
[17jul.2025 17:31:22.855] [Worker-Main-2/ERROR] [net.minecraft.client.renderer.texture.atlas.sources.PalettedPermutations/]: unable to apply palette to minecraft:trims/models/armor/silence_leggings_alexandrite
java.lang.IllegalArgumentException: null
	at net.minecraft.client.renderer.texture.atlas.sources.PalettedPermutations.loadPaletteEntryFromImage(PalettedPermutations.java:115) ~[forge-1.20.1-47.3.0_mapped_parchment_2023.09.03-1.20.1-recomp.jar%23191!/:?]
	at net.minecraft.client.renderer.texture.atlas.sources.PalettedPermutations.lambda$run$5(PalettedPermutations.java:62) ~[forge-1.20.1-47.3.0_mapped_parchment_2023.09.03-1.20.1-recomp.jar%23191!/:?]
	at com.google.common.base.Suppliers$NonSerializableMemoizingSupplier.get(Suppliers.java:183) ~[guava-31.1-jre.jar%23106!/:?]
	at net.minecraft.client.renderer.texture.atlas.sources.PalettedPermutations$PalettedSpriteSupplier.get(PalettedPermutations.java:139) ~[forge-1.20.1-47.3.0_mapped_parchment_2023.09.03-1.20.1-recomp.jar%23191!/:?]
	at net.minecraft.client.renderer.texture.atlas.sources.PalettedPermutations$PalettedSpriteSupplier.get(PalettedPermutations.java:133) ~[forge-1.20.1-47.3.0_mapped_parchment_2023.09.03-1.20.1-recomp.jar%23191!/:?]
	at java.util.concurrent.CompletableFuture$AsyncSupply.run(CompletableFuture.java:1768) ~[?:?]
	at java.util.concurrent.CompletableFuture$AsyncSupply.exec(CompletableFuture.java:1760) ~[?:?]
	at java.util.concurrent.ForkJoinTask.doExec(ForkJoinTask.java:373) ~[?:?]
	at java.util.concurrent.ForkJoinPool$WorkQueue.topLevelExec(ForkJoinPool.java:1182) ~[?:?]
	at java.util.concurrent.ForkJoinPool.scan(ForkJoinPool.java:1655) ~[?:?]
	at java.util.concurrent.ForkJoinPool.runWorker(ForkJoinPool.java:1622) ~[?:?]
	at java.util.concurrent.ForkJoinWorkerThread.run(ForkJoinWorkerThread.java:165) ~[?:?]
[17jul.2025 17:31:22.857] [Worker-Main-2/ERROR] [net.minecraft.client.renderer.texture.atlas.sources.PalettedPermutations/]: Failed to load palette image enhanced_playthrough:trims/color_palettes/sapphire
[17jul.2025 17:31:22.857] [Worker-Main-2/ERROR] [net.minecraft.client.renderer.texture.atlas.sources.PalettedPermutations/]: unable to apply palette to minecraft:trims/models/armor/coast_leggings_alexandrite
java.lang.IllegalArgumentException: null
	at net.minecraft.client.renderer.texture.atlas.sources.PalettedPermutations.loadPaletteEntryFromImage(PalettedPermutations.java:115) ~[forge-1.20.1-47.3.0_mapped_parchment_2023.09.03-1.20.1-recomp.jar%23191!/:?]
	at net.minecraft.client.renderer.texture.atlas.sources.PalettedPermutations.lambda$run$5(PalettedPermutations.java:62) ~[forge-1.20.1-47.3.0_mapped_parchment_2023.09.03-1.20.1-recomp.jar%23191!/:?]
	at com.google.common.base.Suppliers$NonSerializableMemoizingSupplier.get(Suppliers.java:183) ~[guava-31.1-jre.jar%23106!/:?]
	at net.minecraft.client.renderer.texture.atlas.sources.PalettedPermutations$PalettedSpriteSupplier.get(PalettedPermutations.java:139) ~[forge-1.20.1-47.3.0_mapped_parchment_2023.09.03-1.20.1-recomp.jar%23191!/:?]
	at net.minecraft.client.renderer.texture.atlas.sources.PalettedPermutations$PalettedSpriteSupplier.get(PalettedPermutations.java:133) ~[forge-1.20.1-47.3.0_mapped_parchment_2023.09.03-1.20.1-recomp.jar%23191!/:?]
	at java.util.concurrent.CompletableFuture$AsyncSupply.run(CompletableFuture.java:1768) ~[?:?]
	at java.util.concurrent.CompletableFuture$AsyncSupply.exec(CompletableFuture.java:1760) ~[?:?]
	at java.util.concurrent.ForkJoinTask.doExec(ForkJoinTask.java:373) ~[?:?]
	at java.util.concurrent.ForkJoinPool$WorkQueue.topLevelExec(ForkJoinPool.java:1182) ~[?:?]
	at java.util.concurrent.ForkJoinPool.scan(ForkJoinPool.java:1655) ~[?:?]
	at java.util.concurrent.ForkJoinPool.runWorker(ForkJoinPool.java:1622) ~[?:?]
	at java.util.concurrent.ForkJoinWorkerThread.run(ForkJoinWorkerThread.java:165) ~[?:?]
[17jul.2025 17:31:24.932] [Render thread/DEBUG] [net.minecraftforge.fml.DeferredWorkQueue/LOADING]: Dispatching synchronous work for work queue SIDED_SETUP: 2 jobs
[17jul.2025 17:31:24.934] [Render thread/DEBUG] [net.minecraftforge.fml.DeferredWorkQueue/LOADING]: Synchronous work queue completed in 1.206 ms
[17jul.2025 17:31:27.176] [Worker-Main-1/WARN] [net.minecraft.client.resources.model.ModelBakery/]: Exception loading blockstate definition: 'enhanced_playthrough:blockstates/adobe_furnace.json' missing model for variant: 'enhanced_playthrough:adobe_furnace#burning=false,facing=down'
[17jul.2025 17:31:27.177] [Worker-Main-1/WARN] [net.minecraft.client.resources.model.ModelBakery/]: Exception loading blockstate definition: 'enhanced_playthrough:blockstates/adobe_furnace.json' missing model for variant: 'enhanced_playthrough:adobe_furnace#burning=true,facing=up'
[17jul.2025 17:31:27.177] [Worker-Main-1/WARN] [net.minecraft.client.resources.model.ModelBakery/]: Exception loading blockstate definition: 'enhanced_playthrough:blockstates/adobe_furnace.json' missing model for variant: 'enhanced_playthrough:adobe_furnace#burning=true,facing=down'
[17jul.2025 17:31:27.177] [Worker-Main-1/WARN] [net.minecraft.client.resources.model.ModelBakery/]: Exception loading blockstate definition: 'enhanced_playthrough:blockstates/adobe_furnace.json' missing model for variant: 'enhanced_playthrough:adobe_furnace#burning=false,facing=up'
[17jul.2025 17:31:27.177] [Worker-Main-1/WARN] [net.minecraft.client.resources.model.ModelBakery/]: Exception loading blockstate definition: 'enhanced_playthrough:blockstates/soul_furnace.json' missing model for variant: 'enhanced_playthrough:soul_furnace#burning=true,facing=down'
[17jul.2025 17:31:27.178] [Worker-Main-1/WARN] [net.minecraft.client.resources.model.ModelBakery/]: Exception loading blockstate definition: 'enhanced_playthrough:blockstates/soul_furnace.json' missing model for variant: 'enhanced_playthrough:soul_furnace#burning=false,facing=up'
[17jul.2025 17:31:27.178] [Worker-Main-1/WARN] [net.minecraft.client.resources.model.ModelBakery/]: Exception loading blockstate definition: 'enhanced_playthrough:blockstates/soul_furnace.json' missing model for variant: 'enhanced_playthrough:soul_furnace#burning=true,facing=up'
[17jul.2025 17:31:27.178] [Worker-Main-1/WARN] [net.minecraft.client.resources.model.ModelBakery/]: Exception loading blockstate definition: 'enhanced_playthrough:blockstates/soul_furnace.json' missing model for variant: 'enhanced_playthrough:soul_furnace#burning=false,facing=down'
[17jul.2025 17:31:27.178] [Worker-Main-1/WARN] [net.minecraft.client.resources.model.ModelBakery/]: Exception loading blockstate definition: 'enhanced_playthrough:blockstates/masonry_furnace.json' missing model for variant: 'enhanced_playthrough:masonry_furnace#burning=true,facing=down'
[17jul.2025 17:31:27.178] [Worker-Main-1/WARN] [net.minecraft.client.resources.model.ModelBakery/]: Exception loading blockstate definition: 'enhanced_playthrough:blockstates/masonry_furnace.json' missing model for variant: 'enhanced_playthrough:masonry_furnace#burning=true,facing=up'
[17jul.2025 17:31:27.178] [Worker-Main-1/WARN] [net.minecraft.client.resources.model.ModelBakery/]: Exception loading blockstate definition: 'enhanced_playthrough:blockstates/masonry_furnace.json' missing model for variant: 'enhanced_playthrough:masonry_furnace#burning=false,facing=up'
[17jul.2025 17:31:27.178] [Worker-Main-1/WARN] [net.minecraft.client.resources.model.ModelBakery/]: Exception loading blockstate definition: 'enhanced_playthrough:blockstates/masonry_furnace.json' missing model for variant: 'enhanced_playthrough:masonry_furnace#burning=false,facing=down'
[17jul.2025 17:31:27.179] [Worker-Main-1/WARN] [net.minecraft.client.resources.model.ModelBakery/]: Exception loading blockstate definition: 'enhanced_playthrough:blockstates/adobe_alloying_furnace.json' missing model for variant: 'enhanced_playthrough:adobe_alloying_furnace#burning=true,facing=up'
[17jul.2025 17:31:27.179] [Worker-Main-1/WARN] [net.minecraft.client.resources.model.ModelBakery/]: Exception loading blockstate definition: 'enhanced_playthrough:blockstates/adobe_alloying_furnace.json' missing model for variant: 'enhanced_playthrough:adobe_alloying_furnace#burning=true,facing=down'
[17jul.2025 17:31:27.179] [Worker-Main-1/WARN] [net.minecraft.client.resources.model.ModelBakery/]: Exception loading blockstate definition: 'enhanced_playthrough:blockstates/adobe_alloying_furnace.json' missing model for variant: 'enhanced_playthrough:adobe_alloying_furnace#burning=false,facing=up'
[17jul.2025 17:31:27.179] [Worker-Main-1/WARN] [net.minecraft.client.resources.model.ModelBakery/]: Exception loading blockstate definition: 'enhanced_playthrough:blockstates/adobe_alloying_furnace.json' missing model for variant: 'enhanced_playthrough:adobe_alloying_furnace#burning=false,facing=down'
[17jul.2025 17:31:27.179] [Worker-Main-1/WARN] [net.minecraft.client.resources.model.ModelBakery/]: Exception loading blockstate definition: 'enhanced_playthrough:blockstates/super_alloying_furnace.json' missing model for variant: 'enhanced_playthrough:super_alloying_furnace#burning=false,facing=up'
[17jul.2025 17:31:27.180] [Worker-Main-1/WARN] [net.minecraft.client.resources.model.ModelBakery/]: Exception loading blockstate definition: 'enhanced_playthrough:blockstates/super_alloying_furnace.json' missing model for variant: 'enhanced_playthrough:super_alloying_furnace#burning=true,facing=up'
[17jul.2025 17:31:27.181] [Worker-Main-1/WARN] [net.minecraft.client.resources.model.ModelBakery/]: Exception loading blockstate definition: 'enhanced_playthrough:blockstates/super_alloying_furnace.json' missing model for variant: 'enhanced_playthrough:super_alloying_furnace#burning=true,facing=down'
[17jul.2025 17:31:27.181] [Worker-Main-1/WARN] [net.minecraft.client.resources.model.ModelBakery/]: Exception loading blockstate definition: 'enhanced_playthrough:blockstates/super_alloying_furnace.json' missing model for variant: 'enhanced_playthrough:super_alloying_furnace#burning=false,facing=down'
[17jul.2025 17:31:27.182] [Worker-Main-1/WARN] [net.minecraft.client.resources.model.ModelBakery/]: Exception loading blockstate definition: 'enhanced_playthrough:blockstates/soul_alloy_furnace.json' missing model for variant: 'enhanced_playthrough:soul_alloy_furnace#burning=false,facing=down'
[17jul.2025 17:31:27.182] [Worker-Main-1/WARN] [net.minecraft.client.resources.model.ModelBakery/]: Exception loading blockstate definition: 'enhanced_playthrough:blockstates/soul_alloy_furnace.json' missing model for variant: 'enhanced_playthrough:soul_alloy_furnace#burning=true,facing=up'
[17jul.2025 17:31:27.182] [Worker-Main-1/WARN] [net.minecraft.client.resources.model.ModelBakery/]: Exception loading blockstate definition: 'enhanced_playthrough:blockstates/soul_alloy_furnace.json' missing model for variant: 'enhanced_playthrough:soul_alloy_furnace#burning=true,facing=down'
[17jul.2025 17:31:27.182] [Worker-Main-1/WARN] [net.minecraft.client.resources.model.ModelBakery/]: Exception loading blockstate definition: 'enhanced_playthrough:blockstates/soul_alloy_furnace.json' missing model for variant: 'enhanced_playthrough:soul_alloy_furnace#burning=false,facing=up'
[17jul.2025 17:31:27.183] [Worker-Main-1/WARN] [net.minecraft.client.resources.model.ModelBakery/]: Exception loading blockstate definition: 'enhanced_playthrough:blockstates/primal_grinder.json' missing model for variant: 'enhanced_playthrough:primal_grinder#facing=up,on=false'
[17jul.2025 17:31:27.183] [Worker-Main-1/WARN] [net.minecraft.client.resources.model.ModelBakery/]: Exception loading blockstate definition: 'enhanced_playthrough:blockstates/primal_grinder.json' missing model for variant: 'enhanced_playthrough:primal_grinder#facing=down,on=false'
[17jul.2025 17:31:27.183] [Worker-Main-1/WARN] [net.minecraft.client.resources.model.ModelBakery/]: Exception loading blockstate definition: 'enhanced_playthrough:blockstates/primal_grinder.json' missing model for variant: 'enhanced_playthrough:primal_grinder#facing=down,on=true'
[17jul.2025 17:31:27.183] [Worker-Main-1/WARN] [net.minecraft.client.resources.model.ModelBakery/]: Exception loading blockstate definition: 'enhanced_playthrough:blockstates/primal_grinder.json' missing model for variant: 'enhanced_playthrough:primal_grinder#facing=up,on=true'
[17jul.2025 17:31:27.184] [Worker-Main-1/WARN] [net.minecraft.client.resources.model.ModelBakery/]: Exception loading blockstate definition: 'enhanced_playthrough:blockstates/mechanical_grinder.json' missing model for variant: 'enhanced_playthrough:mechanical_grinder#facing=down,on=true'
[17jul.2025 17:31:27.184] [Worker-Main-1/WARN] [net.minecraft.client.resources.model.ModelBakery/]: Exception loading blockstate definition: 'enhanced_playthrough:blockstates/mechanical_grinder.json' missing model for variant: 'enhanced_playthrough:mechanical_grinder#facing=up,on=true'
[17jul.2025 17:31:27.184] [Worker-Main-1/WARN] [net.minecraft.client.resources.model.ModelBakery/]: Exception loading blockstate definition: 'enhanced_playthrough:blockstates/mechanical_grinder.json' missing model for variant: 'enhanced_playthrough:mechanical_grinder#facing=down,on=false'
[17jul.2025 17:31:27.184] [Worker-Main-1/WARN] [net.minecraft.client.resources.model.ModelBakery/]: Exception loading blockstate definition: 'enhanced_playthrough:blockstates/mechanical_grinder.json' missing model for variant: 'enhanced_playthrough:mechanical_grinder#facing=up,on=false'
[17jul.2025 17:31:29.422] [Worker-Main-2/INFO] [Jade/]: Start loading plugin at net.marmar.enhanced_playthrough.compat.jade.EnhancedPlaythroughJadePlugin
[17jul.2025 17:31:29.852] [Worker-Main-2/INFO] [Jade/]: Start loading plugin at snownee.jade.addon.vanilla.VanillaPlugin
[17jul.2025 17:31:30.086] [Worker-Main-2/INFO] [Jade/]: Start loading plugin at snownee.jade.addon.universal.UniversalPlugin
[17jul.2025 17:31:30.101] [Worker-Main-2/INFO] [Jade/]: Start loading plugin at snownee.jade.addon.core.CorePlugin
[17jul.2025 17:31:30.113] [Worker-Main-2/INFO] [Jade/]: Dev environment detected, loading test plugin
[17jul.2025 17:31:30.195] [modloading-worker-0/DEBUG] [net.minecraftforge.registries.GameData/REGISTRIES]: Freezing registries
[17jul.2025 17:31:30.197] [modloading-worker-0/DEBUG] [net.minecraftforge.registries.ForgeRegistry/REGISTRIES]: Registry minecraft:block Sync: FROZEN -> ACTIVE
[17jul.2025 17:31:30.218] [modloading-worker-0/DEBUG] [net.minecraftforge.registries.ForgeRegistry/REGISTRIES]: Registry minecraft:fluid Sync: FROZEN -> ACTIVE
[17jul.2025 17:31:30.219] [modloading-worker-0/DEBUG] [net.minecraftforge.registries.ForgeRegistry/REGISTRIES]: Registry minecraft:item Sync: FROZEN -> ACTIVE
[17jul.2025 17:31:30.261] [modloading-worker-0/DEBUG] [net.minecraftforge.registries.ForgeRegistry/REGISTRIES]: Registry minecraft:mob_effect Sync: FROZEN -> ACTIVE
[17jul.2025 17:31:30.261] [modloading-worker-0/DEBUG] [net.minecraftforge.registries.ForgeRegistry/REGISTRIES]: Registry minecraft:sound_event Sync: FROZEN -> ACTIVE
[17jul.2025 17:31:30.284] [modloading-worker-0/DEBUG] [net.minecraftforge.registries.ForgeRegistry/REGISTRIES]: Registry minecraft:potion Sync: FROZEN -> ACTIVE
[17jul.2025 17:31:30.285] [modloading-worker-0/DEBUG] [net.minecraftforge.registries.ForgeRegistry/REGISTRIES]: Registry minecraft:enchantment Sync: FROZEN -> ACTIVE
[17jul.2025 17:31:30.287] [modloading-worker-0/DEBUG] [net.minecraftforge.registries.ForgeRegistry/REGISTRIES]: Registry minecraft:entity_type Sync: FROZEN -> ACTIVE
[17jul.2025 17:31:30.289] [modloading-worker-0/DEBUG] [net.minecraftforge.registries.ForgeRegistry/REGISTRIES]: Registry minecraft:block_entity_type Sync: FROZEN -> ACTIVE
[17jul.2025 17:31:30.290] [modloading-worker-0/DEBUG] [net.minecraftforge.registries.ForgeRegistry/REGISTRIES]: Registry minecraft:particle_type Sync: FROZEN -> ACTIVE
[17jul.2025 17:31:30.291] [modloading-worker-0/DEBUG] [net.minecraftforge.registries.ForgeRegistry/REGISTRIES]: Registry minecraft:menu Sync: FROZEN -> ACTIVE
[17jul.2025 17:31:30.292] [modloading-worker-0/DEBUG] [net.minecraftforge.registries.ForgeRegistry/REGISTRIES]: Registry minecraft:painting_variant Sync: FROZEN -> ACTIVE
[17jul.2025 17:31:30.294] [modloading-worker-0/DEBUG] [net.minecraftforge.registries.ForgeRegistry/REGISTRIES]: Registry minecraft:recipe_type Sync: FROZEN -> ACTIVE
[17jul.2025 17:31:30.294] [modloading-worker-0/DEBUG] [net.minecraftforge.registries.ForgeRegistry/REGISTRIES]: Registry minecraft:recipe_serializer Sync: FROZEN -> ACTIVE
[17jul.2025 17:31:30.295] [modloading-worker-0/DEBUG] [net.minecraftforge.registries.ForgeRegistry/REGISTRIES]: Registry minecraft:attribute Sync: FROZEN -> ACTIVE
[17jul.2025 17:31:30.295] [modloading-worker-0/DEBUG] [net.minecraftforge.registries.ForgeRegistry/REGISTRIES]: Registry minecraft:stat_type Sync: FROZEN -> ACTIVE
[17jul.2025 17:31:30.296] [modloading-worker-0/DEBUG] [net.minecraftforge.registries.ForgeRegistry/REGISTRIES]: Registry minecraft:command_argument_type Sync: FROZEN -> ACTIVE
[17jul.2025 17:31:30.296] [modloading-worker-0/DEBUG] [net.minecraftforge.registries.ForgeRegistry/REGISTRIES]: Registry minecraft:villager_profession Sync: FROZEN -> ACTIVE
[17jul.2025 17:31:30.297] [modloading-worker-0/DEBUG] [net.minecraftforge.registries.ForgeRegistry/REGISTRIES]: Registry minecraft:point_of_interest_type Sync: FROZEN -> ACTIVE
[17jul.2025 17:31:30.300] [modloading-worker-0/DEBUG] [net.minecraftforge.registries.ForgeRegistry/REGISTRIES]: Registry minecraft:memory_module_type Sync: FROZEN -> ACTIVE
[17jul.2025 17:31:30.302] [modloading-worker-0/DEBUG] [net.minecraftforge.registries.ForgeRegistry/REGISTRIES]: Registry minecraft:sensor_type Sync: FROZEN -> ACTIVE
[17jul.2025 17:31:30.302] [modloading-worker-0/DEBUG] [net.minecraftforge.registries.ForgeRegistry/REGISTRIES]: Registry minecraft:schedule Sync: FROZEN -> ACTIVE
[17jul.2025 17:31:30.302] [modloading-worker-0/DEBUG] [net.minecraftforge.registries.ForgeRegistry/REGISTRIES]: Registry minecraft:activity Sync: FROZEN -> ACTIVE
[17jul.2025 17:31:30.303] [modloading-worker-0/DEBUG] [net.minecraftforge.registries.ForgeRegistry/REGISTRIES]: Registry minecraft:worldgen/carver Sync: FROZEN -> ACTIVE
[17jul.2025 17:31:30.303] [modloading-worker-0/DEBUG] [net.minecraftforge.registries.ForgeRegistry/REGISTRIES]: Registry minecraft:worldgen/feature Sync: FROZEN -> ACTIVE
[17jul.2025 17:31:30.305] [modloading-worker-0/DEBUG] [net.minecraftforge.registries.ForgeRegistry/REGISTRIES]: Registry minecraft:chunk_status Sync: FROZEN -> ACTIVE
[17jul.2025 17:31:30.305] [modloading-worker-0/DEBUG] [net.minecraftforge.registries.ForgeRegistry/REGISTRIES]: Registry minecraft:worldgen/block_state_provider_type Sync: FROZEN -> ACTIVE
[17jul.2025 17:31:30.316] [modloading-worker-0/DEBUG] [net.minecraftforge.registries.ForgeRegistry/REGISTRIES]: Registry minecraft:worldgen/foliage_placer_type Sync: FROZEN -> ACTIVE
[17jul.2025 17:31:30.316] [modloading-worker-0/DEBUG] [net.minecraftforge.registries.ForgeRegistry/REGISTRIES]: Registry minecraft:worldgen/tree_decorator_type Sync: FROZEN -> ACTIVE
[17jul.2025 17:31:30.317] [modloading-worker-0/DEBUG] [net.minecraftforge.registries.ForgeRegistry/REGISTRIES]: Registry minecraft:worldgen/biome Sync: FROZEN -> ACTIVE
[17jul.2025 17:31:30.317] [modloading-worker-0/DEBUG] [net.minecraftforge.registries.ForgeRegistry/REGISTRIES]: Registry forge:entity_data_serializers Sync: FROZEN -> ACTIVE
[17jul.2025 17:31:30.323] [modloading-worker-0/DEBUG] [net.minecraftforge.registries.ForgeRegistry/REGISTRIES]: Registry forge:global_loot_modifier_serializers Sync: FROZEN -> ACTIVE
[17jul.2025 17:31:30.323] [modloading-worker-0/DEBUG] [net.minecraftforge.registries.ForgeRegistry/REGISTRIES]: Registry forge:biome_modifier_serializers Sync: FROZEN -> ACTIVE
[17jul.2025 17:31:30.324] [modloading-worker-0/DEBUG] [net.minecraftforge.registries.ForgeRegistry/REGISTRIES]: Registry forge:fluid_type Sync: FROZEN -> ACTIVE
[17jul.2025 17:31:30.324] [modloading-worker-0/DEBUG] [net.minecraftforge.registries.ForgeRegistry/REGISTRIES]: Registry forge:structure_modifier_serializers Sync: FROZEN -> ACTIVE
[17jul.2025 17:31:30.324] [modloading-worker-0/DEBUG] [net.minecraftforge.registries.ForgeRegistry/REGISTRIES]: Registry forge:holder_set_type Sync: FROZEN -> ACTIVE
[17jul.2025 17:31:30.324] [modloading-worker-0/DEBUG] [net.minecraftforge.registries.ForgeRegistry/REGISTRIES]: Registry forge:display_contexts Sync: FROZEN -> ACTIVE
[17jul.2025 17:31:34.106] [modloading-worker-0/DEBUG] [net.minecraftforge.registries.GameData/REGISTRIES]: All registries frozen
[17jul.2025 17:31:34.232] [Render thread/DEBUG] [net.minecraftforge.common.ForgeI18n/CORE]: Loading I18N data entries: 8713
[17jul.2025 17:31:34.342] [Render thread/WARN] [net.minecraft.client.sounds.SoundEngine/]: Missing sound for event: minecraft:item.goat_horn.play
[17jul.2025 17:31:34.343] [Render thread/WARN] [net.minecraft.client.sounds.SoundEngine/]: Missing sound for event: minecraft:entity.goat.screaming.horn_break
[17jul.2025 17:31:34.665] [Render thread/INFO] [com.mojang.blaze3d.audio.Library/]: OpenAL initialized on device OpenAL Soft on Altavoces (USB Audio Device)
[17jul.2025 17:31:34.666] [Render thread/INFO] [net.minecraft.client.sounds.SoundEngine/SOUNDS]: Sound engine started
[17jul.2025 17:31:34.994] [Render thread/INFO] [net.minecraft.client.renderer.texture.TextureAtlas/]: Created: 1024x1024x4 minecraft:textures/atlas/blocks.png-atlas
[17jul.2025 17:31:35.032] [Render thread/INFO] [net.minecraft.client.renderer.texture.TextureAtlas/]: Created: 256x256x4 minecraft:textures/atlas/signs.png-atlas
[17jul.2025 17:31:35.032] [Render thread/INFO] [net.minecraft.client.renderer.texture.TextureAtlas/]: Created: 512x512x4 minecraft:textures/atlas/shield_patterns.png-atlas
[17jul.2025 17:31:35.043] [Render thread/INFO] [net.minecraft.client.renderer.texture.TextureAtlas/]: Created: 512x512x4 minecraft:textures/atlas/banner_patterns.png-atlas
[17jul.2025 17:31:35.054] [Render thread/INFO] [net.minecraft.client.renderer.texture.TextureAtlas/]: Created: 1024x1024x4 minecraft:textures/atlas/armor_trims.png-atlas
[17jul.2025 17:31:35.089] [Render thread/INFO] [net.minecraft.client.renderer.texture.TextureAtlas/]: Created: 256x256x4 minecraft:textures/atlas/chest.png-atlas
[17jul.2025 17:31:35.089] [Render thread/INFO] [net.minecraft.client.renderer.texture.TextureAtlas/]: Created: 128x64x4 minecraft:textures/atlas/decorated_pot.png-atlas
[17jul.2025 17:31:35.090] [Render thread/INFO] [net.minecraft.client.renderer.texture.TextureAtlas/]: Created: 512x256x4 minecraft:textures/atlas/shulker_boxes.png-atlas
[17jul.2025 17:31:35.092] [Render thread/INFO] [net.minecraft.client.renderer.texture.TextureAtlas/]: Created: 512x256x4 minecraft:textures/atlas/beds.png-atlas
[17jul.2025 17:31:35.618] [Render thread/WARN] [net.minecraft.client.renderer.ShaderInstance/]: Shader rendertype_entity_translucent_emissive could not find sampler named Sampler2 in the specified shader program.
[17jul.2025 17:31:35.912] [Render thread/INFO] [net.minecraft.client.renderer.texture.TextureAtlas/]: Created: 256x256x0 minecraft:textures/atlas/particles.png-atlas
[17jul.2025 17:31:35.918] [Render thread/INFO] [net.minecraft.client.renderer.texture.TextureAtlas/]: Created: 256x256x0 minecraft:textures/atlas/paintings.png-atlas
[17jul.2025 17:31:35.919] [Render thread/INFO] [net.minecraft.client.renderer.texture.TextureAtlas/]: Created: 256x128x0 minecraft:textures/atlas/mob_effects.png-atlas
[17jul.2025 17:31:35.957] [Render thread/INFO] [net.minecraft.client.renderer.texture.TextureAtlas/]: Created: 256x256x0 jei:textures/atlas/gui.png-atlas
[17jul.2025 17:31:38.012] [Render thread/DEBUG] [mixin/]: Mixing StringRenderOutputMixin from jade.mixins.json into net.minecraft.client.gui.Font$StringRenderOutput
[17jul.2025 17:31:38.019] [Render thread/DEBUG] [mixin/]: jade.mixins.json:StringRenderOutputMixin: Class version 61 required is higher than the class version supported by the current version of Mixin (JAVA_16 supports class version 60)
[17jul.2025 17:31:38.865] [Realms Notification Availability checker #1/INFO] [com.mojang.realmsclient.client.RealmsClient/]: Could not authorize you against Realms server: java.lang.RuntimeException: Failed to parse into SignedJWT: 0
[17jul.2025 17:31:42.159] [Render thread/INFO] [net.minecraft.world.level.storage.LevelStorageSource/]: Deleting level EMT 2-tfu-2
[17jul.2025 17:31:42.159] [Render thread/INFO] [net.minecraft.world.level.storage.LevelStorageSource/]: Attempt 1...
[17jul.2025 17:31:43.800] [Render thread/DEBUG] [net.minecraftforge.server.ServerLifecycleHooks/CORE]: Generating PackInfo named mod:forge for mod file /
[17jul.2025 17:31:43.804] [Render thread/DEBUG] [net.minecraftforge.server.ServerLifecycleHooks/CORE]: Generating PackInfo named mod:enhanced_playthrough for mod file D:\Repositorios GitHub\Enhanced_Playtrough_Mod\Enhanched_Minecraft_Mod\build\resources\main
[17jul.2025 17:31:43.804] [Render thread/DEBUG] [net.minecraftforge.server.ServerLifecycleHooks/CORE]: Generating PackInfo named mod:jade for mod file C:\Users\marma\.gradle\caches\forge_gradle\deobf_dependencies\curse\maven\jade-324717\6271651_mapped_parchment_2023.09.03-1.20.1\jade-324717-6271651_mapped_parchment_2023.09.03-1.20.1.jar
[17jul.2025 17:31:43.805] [Render thread/DEBUG] [net.minecraftforge.server.ServerLifecycleHooks/CORE]: Generating PackInfo named mod:jei for mod file C:\Users\marma\.gradle\caches\forge_gradle\deobf_dependencies\mezz\jei\jei-1.20.1-forge\15.8.0.16_mapped_parchment_2023.09.03-1.20.1\jei-1.20.1-forge-15.8.0.16_mapped_parchment_2023.09.03-1.20.1.jar
[17jul.2025 17:31:45.283] [Render thread/DEBUG] [net.minecraftforge.coremod.transformer.CoreModBaseTransformer/COREMOD]: Transforming net/minecraft/server/commands/SummonCommand
[17jul.2025 17:31:46.414] [Worker-Main-1/DEBUG] [net.minecraftforge.coremod.transformer.CoreModBaseTransformer/COREMOD]: Transforming net/minecraft/world/entity/raid/Raid
[17jul.2025 17:31:47.865] [Render thread/INFO] [net.minecraft.world.item.crafting.RecipeManager/]: Loaded 15 recipes
[17jul.2025 17:31:48.057] [Render thread/INFO] [net.minecraft.advancements.AdvancementList/]: Loaded 2035 advancements
[17jul.2025 17:31:57.217] [Render thread/DEBUG] [net.minecraftforge.server.ServerLifecycleHooks/CORE]: Generating PackInfo named mod:forge for mod file /
[17jul.2025 17:31:57.222] [Render thread/DEBUG] [net.minecraftforge.server.ServerLifecycleHooks/CORE]: Generating PackInfo named mod:enhanced_playthrough for mod file D:\Repositorios GitHub\Enhanced_Playtrough_Mod\Enhanched_Minecraft_Mod\build\resources\main
[17jul.2025 17:31:57.222] [Render thread/DEBUG] [net.minecraftforge.server.ServerLifecycleHooks/CORE]: Generating PackInfo named mod:jade for mod file C:\Users\marma\.gradle\caches\forge_gradle\deobf_dependencies\curse\maven\jade-324717\6271651_mapped_parchment_2023.09.03-1.20.1\jade-324717-6271651_mapped_parchment_2023.09.03-1.20.1.jar
[17jul.2025 17:31:57.224] [Render thread/DEBUG] [net.minecraftforge.server.ServerLifecycleHooks/CORE]: Generating PackInfo named mod:jei for mod file C:\Users\marma\.gradle\caches\forge_gradle\deobf_dependencies\mezz\jei\jei-1.20.1-forge\15.8.0.16_mapped_parchment_2023.09.03-1.20.1\jei-1.20.1-forge-15.8.0.16_mapped_parchment_2023.09.03-1.20.1.jar
[17jul.2025 17:31:57.297] [Render thread/DEBUG] [net.minecraftforge.common.ForgeHooks/WP]: Gathering id map for writing to world save EMT 2-tfu-3
[17jul.2025 17:31:57.342] [Render thread/DEBUG] [net.minecraftforge.common.ForgeHooks/WP]: ID Map collection complete EMT 2-tfu-3
[17jul.2025 17:31:57.454] [Server thread/INFO] [net.minecraft.client.server.IntegratedServer/]: Starting integrated minecraft server version 1.20.1
[17jul.2025 17:31:57.454] [Server thread/INFO] [net.minecraft.server.MinecraftServer/]: Generating keypair
[17jul.2025 17:31:57.634] [Server thread/DEBUG] [net.minecraftforge.fml.config.ConfigTracker/CONFIG]: Loading configs type SERVER
[17jul.2025 17:31:57.634] [Server thread/DEBUG] [net.minecraftforge.fml.config.ConfigFileTypeHandler/CONFIG]: Built TOML config for .\saves\EMT 2-tfu-3\serverconfig\jei-server.toml
[17jul.2025 17:31:57.638] [Server thread/DEBUG] [net.minecraftforge.fml.config.ConfigFileTypeHandler/CONFIG]: Loaded TOML config file .\saves\EMT 2-tfu-3\serverconfig\jei-server.toml
[17jul.2025 17:31:57.639] [Server thread/DEBUG] [net.minecraftforge.fml.config.ConfigFileTypeHandler/CONFIG]: Watching TOML config file .\saves\EMT 2-tfu-3\serverconfig\jei-server.toml for changes
[17jul.2025 17:31:57.639] [Server thread/WARN] [net.minecraftforge.common.ForgeConfigSpec/CORE]: Configuration file .\saves\EMT 2-tfu-3\serverconfig\jei-server.toml is not correct. Correcting
[17jul.2025 17:31:57.641] [Server thread/WARN] [net.minecraftforge.common.ForgeConfigSpec/CORE]: Incorrect key cheat mode was corrected from null to its default, SimpleCommentedConfig:{}. 
[17jul.2025 17:31:57.642] [Server thread/WARN] [net.minecraftforge.common.ForgeConfigSpec/CORE]: Incorrect key cheat mode.enableCheatModeForOp was corrected from null to its default, true. 
[17jul.2025 17:31:57.642] [Server thread/DEBUG] [net.minecraftforge.common.ForgeConfigSpec/CORE]: The comment on key cheat mode.enableCheatModeForOp does not match the spec. This may create a backup.
[17jul.2025 17:31:57.642] [Server thread/WARN] [net.minecraftforge.common.ForgeConfigSpec/CORE]: Incorrect key cheat mode.enableCheatModeForCreative was corrected from null to its default, true. 
[17jul.2025 17:31:57.642] [Server thread/DEBUG] [net.minecraftforge.common.ForgeConfigSpec/CORE]: The comment on key cheat mode.enableCheatModeForCreative does not match the spec. This may create a backup.
[17jul.2025 17:31:57.642] [Server thread/WARN] [net.minecraftforge.common.ForgeConfigSpec/CORE]: Incorrect key cheat mode.enableCheatModeForGive was corrected from null to its default, false. 
[17jul.2025 17:31:57.642] [Server thread/DEBUG] [net.minecraftforge.common.ForgeConfigSpec/CORE]: The comment on key cheat mode.enableCheatModeForGive does not match the spec. This may create a backup.
[17jul.2025 17:31:57.645] [Server thread/DEBUG] [net.minecraftforge.fml.config.ConfigFileTypeHandler/CONFIG]: Built TOML config for .\saves\EMT 2-tfu-3\serverconfig\forge-server.toml
[17jul.2025 17:31:57.647] [Thread-3/DEBUG] [net.minecraftforge.fml.config.ConfigFileTypeHandler/CONFIG]: Config file jei-server.toml changed, sending notifies
[17jul.2025 17:31:57.648] [Server thread/DEBUG] [net.minecraftforge.fml.config.ConfigFileTypeHandler/CONFIG]: Loaded TOML config file .\saves\EMT 2-tfu-3\serverconfig\forge-server.toml
[17jul.2025 17:31:57.649] [Server thread/DEBUG] [net.minecraftforge.fml.config.ConfigFileTypeHandler/CONFIG]: Watching TOML config file .\saves\EMT 2-tfu-3\serverconfig\forge-server.toml for changes
[17jul.2025 17:31:57.649] [Server thread/WARN] [net.minecraftforge.common.ForgeConfigSpec/CORE]: Configuration file .\saves\EMT 2-tfu-3\serverconfig\forge-server.toml is not correct. Correcting
[17jul.2025 17:31:57.650] [Server thread/WARN] [net.minecraftforge.common.ForgeConfigSpec/CORE]: Incorrect key server was corrected from null to its default, SimpleCommentedConfig:{}. 
[17jul.2025 17:31:57.650] [Server thread/WARN] [net.minecraftforge.common.ForgeConfigSpec/CORE]: Incorrect key server.removeErroringBlockEntities was corrected from null to its default, false. 
[17jul.2025 17:31:57.650] [Server thread/DEBUG] [net.minecraftforge.common.ForgeConfigSpec/CORE]: The comment on key server.removeErroringBlockEntities does not match the spec. This may create a backup.
[17jul.2025 17:31:57.650] [Server thread/WARN] [net.minecraftforge.common.ForgeConfigSpec/CORE]: Incorrect key server.removeErroringEntities was corrected from null to its default, false. 
[17jul.2025 17:31:57.650] [Server thread/DEBUG] [net.minecraftforge.common.ForgeConfigSpec/CORE]: The comment on key server.removeErroringEntities does not match the spec. This may create a backup.
[17jul.2025 17:31:57.650] [Server thread/WARN] [net.minecraftforge.common.ForgeConfigSpec/CORE]: Incorrect key server.fullBoundingBoxLadders was corrected from null to its default, false. 
[17jul.2025 17:31:57.651] [Server thread/DEBUG] [net.minecraftforge.common.ForgeConfigSpec/CORE]: The comment on key server.fullBoundingBoxLadders does not match the spec. This may create a backup.
[17jul.2025 17:31:57.651] [Server thread/WARN] [net.minecraftforge.common.ForgeConfigSpec/CORE]: Incorrect key server.zombieBaseSummonChance was corrected from null to its default, 0.1. 
[17jul.2025 17:31:57.651] [Server thread/DEBUG] [net.minecraftforge.common.ForgeConfigSpec/CORE]: The comment on key server.zombieBaseSummonChance does not match the spec. This may create a backup.
[17jul.2025 17:31:57.651] [Server thread/WARN] [net.minecraftforge.common.ForgeConfigSpec/CORE]: Incorrect key server.zombieBabyChance was corrected from null to its default, 0.05. 
[17jul.2025 17:31:57.651] [Server thread/DEBUG] [net.minecraftforge.common.ForgeConfigSpec/CORE]: The comment on key server.zombieBabyChance does not match the spec. This may create a backup.
[17jul.2025 17:31:57.651] [Server thread/WARN] [net.minecraftforge.common.ForgeConfigSpec/CORE]: Incorrect key server.permissionHandler was corrected from null to its default, forge:default_handler. 
[17jul.2025 17:31:57.651] [Server thread/DEBUG] [net.minecraftforge.common.ForgeConfigSpec/CORE]: The comment on key server.permissionHandler does not match the spec. This may create a backup.
[17jul.2025 17:31:57.651] [Server thread/WARN] [net.minecraftforge.common.ForgeConfigSpec/CORE]: Incorrect key server.advertiseDedicatedServerToLan was corrected from null to its default, true. 
[17jul.2025 17:31:57.651] [Server thread/DEBUG] [net.minecraftforge.common.ForgeConfigSpec/CORE]: The comment on key server.advertiseDedicatedServerToLan does not match the spec. This may create a backup.
[17jul.2025 17:31:57.652] [Server thread/DEBUG] [net.minecraftforge.common.ForgeConfigSpec/CORE]: The comment on key server does not match the spec. This may create a backup.
[17jul.2025 17:31:57.654] [Thread-3/DEBUG] [net.minecraftforge.fml.config.ConfigFileTypeHandler/CONFIG]: Config file forge-server.toml changed, sending notifies
[17jul.2025 17:31:57.655] [Server thread/DEBUG] [net.minecraftforge.common.ForgeConfig/FORGEMOD]: Loaded forge config file forge-server.toml
[17jul.2025 17:31:57.655] [Thread-3/DEBUG] [net.minecraftforge.common.ForgeConfig/FORGEMOD]: Forge config just got changed on the file system!
[17jul.2025 17:31:57.746] [Server thread/DEBUG] [net.minecraftforge.coremod.transformer.CoreModBaseTransformer/COREMOD]: Transforming net/minecraft/world/level/levelgen/PhantomSpawner
[17jul.2025 17:31:57.760] [Server thread/DEBUG] [net.minecraftforge.coremod.transformer.CoreModBaseTransformer/COREMOD]: Transforming net/minecraft/world/level/levelgen/PatrolSpawner
[17jul.2025 17:31:57.770] [Server thread/DEBUG] [net.minecraftforge.coremod.transformer.CoreModBaseTransformer/COREMOD]: Transforming net/minecraft/world/entity/npc/CatSpawner
[17jul.2025 17:31:57.781] [Server thread/DEBUG] [net.minecraftforge.coremod.transformer.CoreModBaseTransformer/COREMOD]: Transforming net/minecraft/world/entity/ai/village/VillageSiege
[17jul.2025 17:32:02.121] [Worker-Main-2/DEBUG] [net.minecraftforge.coremod.transformer.CoreModBaseTransformer/COREMOD]: Transforming net/minecraft/world/level/levelgen/structure/templatesystem/StructureTemplate
[17jul.2025 17:32:06.130] [Worker-Main-2/DEBUG] [net.minecraftforge.coremod.transformer.CoreModBaseTransformer/COREMOD]: Transforming net/minecraft/world/level/NaturalSpawner
[17jul.2025 17:32:06.328] [Server thread/INFO] [net.minecraft.server.MinecraftServer/]: Preparing start region for dimension minecraft:overworld
[17jul.2025 17:32:08.254] [Render thread/INFO] [net.minecraft.server.level.progress.LoggerChunkProgressListener/]: Preparando zona de aparición: 0%
[17jul.2025 17:32:08.258] [Render thread/INFO] [net.minecraft.server.level.progress.LoggerChunkProgressListener/]: Preparando zona de aparición: 0%
[17jul.2025 17:32:08.258] [Render thread/INFO] [net.minecraft.server.level.progress.LoggerChunkProgressListener/]: Preparando zona de aparición: 0%
[17jul.2025 17:32:08.264] [Render thread/INFO] [net.minecraft.server.level.progress.LoggerChunkProgressListener/]: Preparando zona de aparición: 0%
[17jul.2025 17:32:08.395] [Render thread/INFO] [net.minecraft.server.level.progress.LoggerChunkProgressListener/]: Preparando zona de aparición: 0%
[17jul.2025 17:32:08.877] [Render thread/INFO] [net.minecraft.server.level.progress.LoggerChunkProgressListener/]: Preparando zona de aparición: 0%
[17jul.2025 17:32:09.402] [Render thread/INFO] [net.minecraft.server.level.progress.LoggerChunkProgressListener/]: Preparando zona de aparición: 0%
[17jul.2025 17:32:09.856] [Render thread/INFO] [net.minecraft.server.level.progress.LoggerChunkProgressListener/]: Preparando zona de aparición: 0%
[17jul.2025 17:32:10.490] [Render thread/INFO] [net.minecraft.server.level.progress.LoggerChunkProgressListener/]: Preparando zona de aparición: 0%
[17jul.2025 17:32:10.882] [Render thread/INFO] [net.minecraft.server.level.progress.LoggerChunkProgressListener/]: Preparando zona de aparición: 0%
[17jul.2025 17:32:11.499] [Render thread/INFO] [net.minecraft.server.level.progress.LoggerChunkProgressListener/]: Preparando zona de aparición: 0%
[17jul.2025 17:32:11.973] [Render thread/INFO] [net.minecraft.server.level.progress.LoggerChunkProgressListener/]: Preparando zona de aparición: 0%
[17jul.2025 17:32:12.435] [Render thread/INFO] [net.minecraft.server.level.progress.LoggerChunkProgressListener/]: Preparando zona de aparición: 1%
[17jul.2025 17:32:12.887] [Render thread/INFO] [net.minecraft.server.level.progress.LoggerChunkProgressListener/]: Preparando zona de aparición: 1%
[17jul.2025 17:32:13.391] [Render thread/INFO] [net.minecraft.server.level.progress.LoggerChunkProgressListener/]: Preparando zona de aparición: 1%
[17jul.2025 17:32:13.865] [Render thread/INFO] [net.minecraft.server.level.progress.LoggerChunkProgressListener/]: Preparando zona de aparición: 2%
[17jul.2025 17:32:14.354] [Render thread/INFO] [net.minecraft.server.level.progress.LoggerChunkProgressListener/]: Preparando zona de aparición: 2%
[17jul.2025 17:32:16.455] [Render thread/INFO] [net.minecraft.server.level.progress.LoggerChunkProgressListener/]: Preparando zona de aparición: 3%
[17jul.2025 17:32:16.455] [Render thread/INFO] [net.minecraft.server.level.progress.LoggerChunkProgressListener/]: Preparando zona de aparición: 3%
[17jul.2025 17:32:16.456] [Render thread/INFO] [net.minecraft.server.level.progress.LoggerChunkProgressListener/]: Preparando zona de aparición: 3%
[17jul.2025 17:32:16.456] [Render thread/INFO] [net.minecraft.server.level.progress.LoggerChunkProgressListener/]: Preparando zona de aparición: 3%
[17jul.2025 17:32:16.857] [Render thread/INFO] [net.minecraft.server.level.progress.LoggerChunkProgressListener/]: Preparando zona de aparición: 3%
[17jul.2025 17:32:17.351] [Render thread/INFO] [net.minecraft.server.level.progress.LoggerChunkProgressListener/]: Preparando zona de aparición: 4%
[17jul.2025 17:32:17.878] [Render thread/INFO] [net.minecraft.server.level.progress.LoggerChunkProgressListener/]: Preparando zona de aparición: 4%
[17jul.2025 17:32:18.422] [Render thread/INFO] [net.minecraft.server.level.progress.LoggerChunkProgressListener/]: Preparando zona de aparición: 5%
[17jul.2025 17:32:18.874] [Render thread/INFO] [net.minecraft.server.level.progress.LoggerChunkProgressListener/]: Preparando zona de aparición: 6%
[17jul.2025 17:32:19.357] [Render thread/INFO] [net.minecraft.server.level.progress.LoggerChunkProgressListener/]: Preparando zona de aparición: 8%
[17jul.2025 17:32:19.876] [Render thread/INFO] [net.minecraft.server.level.progress.LoggerChunkProgressListener/]: Preparando zona de aparición: 9%
[17jul.2025 17:32:20.360] [Render thread/INFO] [net.minecraft.server.level.progress.LoggerChunkProgressListener/]: Preparando zona de aparición: 9%
[17jul.2025 17:32:20.855] [Render thread/INFO] [net.minecraft.server.level.progress.LoggerChunkProgressListener/]: Preparando zona de aparición: 10%
[17jul.2025 17:32:21.401] [Render thread/INFO] [net.minecraft.server.level.progress.LoggerChunkProgressListener/]: Preparando zona de aparición: 11%
[17jul.2025 17:32:21.856] [Render thread/INFO] [net.minecraft.server.level.progress.LoggerChunkProgressListener/]: Preparando zona de aparición: 12%
[17jul.2025 17:32:22.367] [Render thread/INFO] [net.minecraft.server.level.progress.LoggerChunkProgressListener/]: Preparando zona de aparición: 14%
[17jul.2025 17:32:22.858] [Render thread/INFO] [net.minecraft.server.level.progress.LoggerChunkProgressListener/]: Preparando zona de aparición: 15%
[17jul.2025 17:32:23.365] [Render thread/INFO] [net.minecraft.server.level.progress.LoggerChunkProgressListener/]: Preparando zona de aparición: 16%
[17jul.2025 17:32:23.881] [Render thread/INFO] [net.minecraft.server.level.progress.LoggerChunkProgressListener/]: Preparando zona de aparición: 17%
[17jul.2025 17:32:24.363] [Render thread/INFO] [net.minecraft.server.level.progress.LoggerChunkProgressListener/]: Preparando zona de aparición: 18%
[17jul.2025 17:32:24.850] [Render thread/INFO] [net.minecraft.server.level.progress.LoggerChunkProgressListener/]: Preparando zona de aparición: 20%
[17jul.2025 17:32:25.408] [Render thread/INFO] [net.minecraft.server.level.progress.LoggerChunkProgressListener/]: Preparando zona de aparición: 21%
[17jul.2025 17:32:25.854] [Render thread/INFO] [net.minecraft.server.level.progress.LoggerChunkProgressListener/]: Preparando zona de aparición: 22%
[17jul.2025 17:32:26.364] [Render thread/INFO] [net.minecraft.server.level.progress.LoggerChunkProgressListener/]: Preparando zona de aparición: 23%
[17jul.2025 17:32:26.859] [Render thread/INFO] [net.minecraft.server.level.progress.LoggerChunkProgressListener/]: Preparando zona de aparición: 24%
[17jul.2025 17:32:27.384] [Render thread/INFO] [net.minecraft.server.level.progress.LoggerChunkProgressListener/]: Preparando zona de aparición: 25%
[17jul.2025 17:32:27.862] [Render thread/INFO] [net.minecraft.server.level.progress.LoggerChunkProgressListener/]: Preparando zona de aparición: 26%
[17jul.2025 17:32:28.364] [Render thread/INFO] [net.minecraft.server.level.progress.LoggerChunkProgressListener/]: Preparando zona de aparición: 28%
[17jul.2025 17:32:28.858] [Render thread/INFO] [net.minecraft.server.level.progress.LoggerChunkProgressListener/]: Preparando zona de aparición: 30%
[17jul.2025 17:32:29.466] [Render thread/INFO] [net.minecraft.server.level.progress.LoggerChunkProgressListener/]: Preparando zona de aparición: 31%
[17jul.2025 17:32:29.876] [Render thread/INFO] [net.minecraft.server.level.progress.LoggerChunkProgressListener/]: Preparando zona de aparición: 32%
[17jul.2025 17:32:30.362] [Render thread/INFO] [net.minecraft.server.level.progress.LoggerChunkProgressListener/]: Preparando zona de aparición: 33%
[17jul.2025 17:32:30.850] [Render thread/INFO] [net.minecraft.server.level.progress.LoggerChunkProgressListener/]: Preparando zona de aparición: 34%
[17jul.2025 17:32:31.355] [Render thread/INFO] [net.minecraft.server.level.progress.LoggerChunkProgressListener/]: Preparando zona de aparición: 35%
[17jul.2025 17:32:31.862] [Render thread/INFO] [net.minecraft.server.level.progress.LoggerChunkProgressListener/]: Preparando zona de aparición: 38%
[17jul.2025 17:32:32.355] [Render thread/INFO] [net.minecraft.server.level.progress.LoggerChunkProgressListener/]: Preparando zona de aparición: 40%
[17jul.2025 17:32:32.856] [Render thread/INFO] [net.minecraft.server.level.progress.LoggerChunkProgressListener/]: Preparando zona de aparición: 42%
[17jul.2025 17:32:33.361] [Render thread/INFO] [net.minecraft.server.level.progress.LoggerChunkProgressListener/]: Preparando zona de aparición: 43%
[17jul.2025 17:32:33.856] [Render thread/INFO] [net.minecraft.server.level.progress.LoggerChunkProgressListener/]: Preparando zona de aparición: 45%
[17jul.2025 17:32:34.395] [Render thread/INFO] [net.minecraft.server.level.progress.LoggerChunkProgressListener/]: Preparando zona de aparición: 46%
[17jul.2025 17:32:34.864] [Render thread/INFO] [net.minecraft.server.level.progress.LoggerChunkProgressListener/]: Preparando zona de aparición: 48%
[17jul.2025 17:32:35.381] [Render thread/INFO] [net.minecraft.server.level.progress.LoggerChunkProgressListener/]: Preparando zona de aparición: 50%
[17jul.2025 17:32:35.866] [Render thread/INFO] [net.minecraft.server.level.progress.LoggerChunkProgressListener/]: Preparando zona de aparición: 51%
[17jul.2025 17:32:36.352] [Render thread/INFO] [net.minecraft.server.level.progress.LoggerChunkProgressListener/]: Preparando zona de aparición: 53%
[17jul.2025 17:32:36.864] [Render thread/INFO] [net.minecraft.server.level.progress.LoggerChunkProgressListener/]: Preparando zona de aparición: 54%
[17jul.2025 17:32:37.357] [Render thread/INFO] [net.minecraft.server.level.progress.LoggerChunkProgressListener/]: Preparando zona de aparición: 55%
[17jul.2025 17:32:37.861] [Render thread/INFO] [net.minecraft.server.level.progress.LoggerChunkProgressListener/]: Preparando zona de aparición: 56%
[17jul.2025 17:32:38.368] [Render thread/INFO] [net.minecraft.server.level.progress.LoggerChunkProgressListener/]: Preparando zona de aparición: 57%
[17jul.2025 17:32:38.849] [Render thread/INFO] [net.minecraft.server.level.progress.LoggerChunkProgressListener/]: Preparando zona de aparición: 59%
[17jul.2025 17:32:39.372] [Render thread/INFO] [net.minecraft.server.level.progress.LoggerChunkProgressListener/]: Preparando zona de aparición: 61%
[17jul.2025 17:32:39.888] [Render thread/INFO] [net.minecraft.server.level.progress.LoggerChunkProgressListener/]: Preparando zona de aparición: 62%
[17jul.2025 17:32:40.399] [Render thread/INFO] [net.minecraft.server.level.progress.LoggerChunkProgressListener/]: Preparando zona de aparición: 64%
[17jul.2025 17:32:40.863] [Render thread/INFO] [net.minecraft.server.level.progress.LoggerChunkProgressListener/]: Preparando zona de aparición: 65%
[17jul.2025 17:32:41.411] [Render thread/INFO] [net.minecraft.server.level.progress.LoggerChunkProgressListener/]: Preparando zona de aparición: 67%
[17jul.2025 17:32:41.855] [Render thread/INFO] [net.minecraft.server.level.progress.LoggerChunkProgressListener/]: Preparando zona de aparición: 68%
[17jul.2025 17:32:42.360] [Render thread/INFO] [net.minecraft.server.level.progress.LoggerChunkProgressListener/]: Preparando zona de aparición: 69%
[17jul.2025 17:32:42.863] [Render thread/INFO] [net.minecraft.server.level.progress.LoggerChunkProgressListener/]: Preparando zona de aparición: 70%
[17jul.2025 17:32:43.358] [Render thread/INFO] [net.minecraft.server.level.progress.LoggerChunkProgressListener/]: Preparando zona de aparición: 72%
[17jul.2025 17:32:43.914] [Render thread/INFO] [net.minecraft.server.level.progress.LoggerChunkProgressListener/]: Preparando zona de aparición: 74%
[17jul.2025 17:32:44.349] [Render thread/INFO] [net.minecraft.server.level.progress.LoggerChunkProgressListener/]: Preparando zona de aparición: 76%
[17jul.2025 17:32:44.889] [Render thread/INFO] [net.minecraft.server.level.progress.LoggerChunkProgressListener/]: Preparando zona de aparición: 79%
[17jul.2025 17:32:45.364] [Render thread/INFO] [net.minecraft.server.level.progress.LoggerChunkProgressListener/]: Preparando zona de aparición: 81%
[17jul.2025 17:32:45.882] [Render thread/INFO] [net.minecraft.server.level.progress.LoggerChunkProgressListener/]: Preparando zona de aparición: 83%
[17jul.2025 17:32:46.363] [Render thread/INFO] [net.minecraft.server.level.progress.LoggerChunkProgressListener/]: Preparando zona de aparición: 84%
[17jul.2025 17:32:46.870] [Render thread/INFO] [net.minecraft.server.level.progress.LoggerChunkProgressListener/]: Preparando zona de aparición: 85%
[17jul.2025 17:32:47.387] [Render thread/INFO] [net.minecraft.server.level.progress.LoggerChunkProgressListener/]: Preparando zona de aparición: 87%
[17jul.2025 17:32:47.871] [Render thread/INFO] [net.minecraft.server.level.progress.LoggerChunkProgressListener/]: Preparando zona de aparición: 89%
[17jul.2025 17:32:48.354] [Render thread/INFO] [net.minecraft.server.level.progress.LoggerChunkProgressListener/]: Preparando zona de aparición: 91%
[17jul.2025 17:32:48.864] [Render thread/INFO] [net.minecraft.server.level.progress.LoggerChunkProgressListener/]: Preparando zona de aparición: 92%
[17jul.2025 17:32:49.350] [Render thread/INFO] [net.minecraft.server.level.progress.LoggerChunkProgressListener/]: Preparando zona de aparición: 94%
[17jul.2025 17:32:49.854] [Render thread/INFO] [net.minecraft.server.level.progress.LoggerChunkProgressListener/]: Preparando zona de aparición: 96%
[17jul.2025 17:32:50.407] [Render thread/INFO] [net.minecraft.server.level.progress.LoggerChunkProgressListener/]: Preparando zona de aparición: 98%
[17jul.2025 17:32:50.877] [Render thread/INFO] [net.minecraft.server.level.progress.LoggerChunkProgressListener/]: Preparando zona de aparición: 99%
[17jul.2025 17:32:51.002] [Server thread/INFO] [net.minecraftforge.server.permission.PermissionAPI/]: Successfully initialized permission handler forge:default_handler
[17jul.2025 17:32:51.012] [Render thread/INFO] [net.minecraft.server.level.progress.LoggerChunkProgressListener/]: Time elapsed: 44665 ms
[17jul.2025 17:32:51.140] [Server thread/DEBUG] [io.netty.buffer.AbstractByteBuf/]: -Dio.netty.buffer.checkAccessible: true
[17jul.2025 17:32:51.141] [Server thread/DEBUG] [io.netty.buffer.AbstractByteBuf/]: -Dio.netty.buffer.checkBounds: true
[17jul.2025 17:32:51.143] [Server thread/DEBUG] [io.netty.util.ResourceLeakDetectorFactory/]: Loaded default ResourceLeakDetector: io.netty.util.ResourceLeakDetector@77fe1bc8
[17jul.2025 17:32:51.472] [Server thread/INFO] [net.minecraft.client.server.IntegratedServer/]: Changing view distance to 8, from 10
[17jul.2025 17:32:51.477] [Server thread/INFO] [net.minecraft.client.server.IntegratedServer/]: Changing simulation distance to 8, from 0
[17jul.2025 17:32:51.527] [Render thread/DEBUG] [io.netty.channel.MultithreadEventLoopGroup/]: -Dio.netty.eventLoopThreads: 8
[17jul.2025 17:32:51.598] [Render thread/DEBUG] [io.netty.channel.nio.NioEventLoop/]: -Dio.netty.noKeySetOptimization: false
[17jul.2025 17:32:51.598] [Render thread/DEBUG] [io.netty.channel.nio.NioEventLoop/]: -Dio.netty.selectorAutoRebuildThreshold: 512
[17jul.2025 17:32:51.623] [Render thread/DEBUG] [io.netty.util.internal.PlatformDependent/]: org.jctools-core.MpscChunkedArrayQueue: available
[17jul.2025 17:32:51.684] [Render thread/DEBUG] [io.netty.channel.DefaultChannelId/]: -Dio.netty.processId: 4104 (auto-detected)
[17jul.2025 17:32:51.689] [Render thread/WARN] [io.netty.util.internal.SystemPropertyUtil/]: Unable to parse the boolean system property 'java.net.preferIPv6Addresses':system - using the default value: false
[17jul.2025 17:32:51.691] [Render thread/DEBUG] [io.netty.util.NetUtil/]: -Djava.net.preferIPv4Stack: false
[17jul.2025 17:32:51.692] [Render thread/DEBUG] [io.netty.util.NetUtil/]: -Djava.net.preferIPv6Addresses: false
[17jul.2025 17:32:52.150] [Render thread/DEBUG] [io.netty.util.NetUtilInitializations/]: Loopback interface: lo (Software Loopback Interface 1, 127.0.0.1)
[17jul.2025 17:32:52.151] [Render thread/DEBUG] [io.netty.util.NetUtil/]: Failed to get SOMAXCONN from sysctl and file \proc\sys\net\core\somaxconn. Default: 200
[17jul.2025 17:32:52.539] [Render thread/DEBUG] [io.netty.channel.DefaultChannelId/]: -Dio.netty.machineId: 20:57:9e:ff:fe:95:b2:8d (auto-detected)
[17jul.2025 17:32:52.632] [Render thread/DEBUG] [io.netty.buffer.PooledByteBufAllocator/]: -Dio.netty.allocator.numHeapArenas: 8
[17jul.2025 17:32:52.632] [Render thread/DEBUG] [io.netty.buffer.PooledByteBufAllocator/]: -Dio.netty.allocator.numDirectArenas: 8
[17jul.2025 17:32:52.632] [Render thread/DEBUG] [io.netty.buffer.PooledByteBufAllocator/]: -Dio.netty.allocator.pageSize: 8192
[17jul.2025 17:32:52.633] [Render thread/DEBUG] [io.netty.buffer.PooledByteBufAllocator/]: -Dio.netty.allocator.maxOrder: 9
[17jul.2025 17:32:52.633] [Render thread/DEBUG] [io.netty.buffer.PooledByteBufAllocator/]: -Dio.netty.allocator.chunkSize: 4194304
[17jul.2025 17:32:52.633] [Render thread/DEBUG] [io.netty.buffer.PooledByteBufAllocator/]: -Dio.netty.allocator.smallCacheSize: 256
[17jul.2025 17:32:52.633] [Render thread/DEBUG] [io.netty.buffer.PooledByteBufAllocator/]: -Dio.netty.allocator.normalCacheSize: 64
[17jul.2025 17:32:52.633] [Render thread/DEBUG] [io.netty.buffer.PooledByteBufAllocator/]: -Dio.netty.allocator.maxCachedBufferCapacity: 32768
[17jul.2025 17:32:52.633] [Render thread/DEBUG] [io.netty.buffer.PooledByteBufAllocator/]: -Dio.netty.allocator.cacheTrimInterval: 8192
[17jul.2025 17:32:52.633] [Render thread/DEBUG] [io.netty.buffer.PooledByteBufAllocator/]: -Dio.netty.allocator.cacheTrimIntervalMillis: 0
[17jul.2025 17:32:52.633] [Render thread/DEBUG] [io.netty.buffer.PooledByteBufAllocator/]: -Dio.netty.allocator.useCacheForAllThreads: false
[17jul.2025 17:32:52.634] [Render thread/DEBUG] [io.netty.buffer.PooledByteBufAllocator/]: -Dio.netty.allocator.maxCachedByteBuffersPerChunk: 1023
[17jul.2025 17:32:52.680] [Render thread/DEBUG] [io.netty.buffer.ByteBufUtil/]: -Dio.netty.allocator.type: pooled
[17jul.2025 17:32:52.680] [Render thread/DEBUG] [io.netty.buffer.ByteBufUtil/]: -Dio.netty.threadLocalDirectBufferSize: 0
[17jul.2025 17:32:52.680] [Render thread/DEBUG] [io.netty.buffer.ByteBufUtil/]: -Dio.netty.maxThreadLocalCharBufferSize: 16384
[17jul.2025 17:32:52.888] [Netty Local Client IO #0/DEBUG] [net.minecraftforge.network.HandshakeHandler/FMLHANDSHAKE]: Starting local connection.
[17jul.2025 17:32:53.279] [Netty Local Client IO #0/DEBUG] [io.netty.util.Recycler/]: -Dio.netty.recycler.maxCapacityPerThread: 4096
[17jul.2025 17:32:53.279] [Netty Local Client IO #0/DEBUG] [io.netty.util.Recycler/]: -Dio.netty.recycler.ratio: 8
[17jul.2025 17:32:53.279] [Netty Local Client IO #0/DEBUG] [io.netty.util.Recycler/]: -Dio.netty.recycler.chunkSize: 32
[17jul.2025 17:32:53.280] [Netty Local Client IO #0/DEBUG] [io.netty.util.Recycler/]: -Dio.netty.recycler.blocking: false
[17jul.2025 17:32:53.302] [Netty Server IO #1/DEBUG] [net.minecraftforge.network.HandshakeHandler/FMLHANDSHAKE]: Starting local connection.
[17jul.2025 17:32:53.442] [Server thread/DEBUG] [net.minecraftforge.network.HandshakeHandler/FMLHANDSHAKE]: Sending ticking packet info 'net.minecraftforge.network.HandshakeMessages$S2CModData' to 'fml:handshake' sequence 0
[17jul.2025 17:32:53.487] [Netty Local Client IO #0/DEBUG] [net.minecraftforge.network.LoginWrapper/FMLHANDSHAKE]: Recieved login wrapper packet event for channel fml:handshake with index 0
[17jul.2025 17:32:53.514] [Server thread/DEBUG] [net.minecraftforge.network.HandshakeHandler/FMLHANDSHAKE]: Sending ticking packet info 'net.minecraftforge.network.HandshakeMessages$S2CModList' to 'fml:handshake' sequence 1
[17jul.2025 17:32:53.520] [Netty Local Client IO #0/DEBUG] [net.minecraftforge.network.LoginWrapper/FMLHANDSHAKE]: Recieved login wrapper packet event for channel fml:handshake with index 1
[17jul.2025 17:32:53.523] [Netty Local Client IO #0/DEBUG] [net.minecraftforge.network.HandshakeHandler/FMLHANDSHAKE]: Logging into server with mod list [minecraft, forge, enhanced_playthrough, jade, jei]
[17jul.2025 17:32:53.541] [Netty Local Client IO #0/DEBUG] [net.minecraftforge.network.NetworkRegistry/NETREGISTRY]: Channel 'fml:loginwrapper' : Version test of 'FML3' from server : ACCEPTED
[17jul.2025 17:32:53.541] [Netty Local Client IO #0/DEBUG] [net.minecraftforge.network.NetworkRegistry/NETREGISTRY]: Channel 'forge:tier_sorting' : Version test of '1.0' from server : ACCEPTED
[17jul.2025 17:32:53.541] [Netty Local Client IO #0/DEBUG] [net.minecraftforge.network.NetworkRegistry/NETREGISTRY]: Channel 'fml:handshake' : Version test of 'FML3' from server : ACCEPTED
[17jul.2025 17:32:53.542] [Netty Local Client IO #0/DEBUG] [net.minecraftforge.network.NetworkRegistry/NETREGISTRY]: Channel 'jei:channel' : Version test of '1.0.0' from server : ACCEPTED
[17jul.2025 17:32:53.542] [Netty Local Client IO #0/DEBUG] [net.minecraftforge.network.NetworkRegistry/NETREGISTRY]: Channel 'minecraft:unregister' : Version test of 'FML3' from server : ACCEPTED
[17jul.2025 17:32:53.542] [Netty Local Client IO #0/DEBUG] [net.minecraftforge.network.NetworkRegistry/NETREGISTRY]: Channel 'fml:play' : Version test of 'FML3' from server : ACCEPTED
[17jul.2025 17:32:53.542] [Netty Local Client IO #0/DEBUG] [net.minecraftforge.network.NetworkRegistry/NETREGISTRY]: Channel 'minecraft:register' : Version test of 'FML3' from server : ACCEPTED
[17jul.2025 17:32:53.542] [Netty Local Client IO #0/DEBUG] [net.minecraftforge.network.NetworkRegistry/NETREGISTRY]: Channel 'forge:split' : Version test of '1.1' from server : ACCEPTED
[17jul.2025 17:32:53.544] [Netty Local Client IO #0/DEBUG] [net.minecraftforge.network.NetworkRegistry/NETREGISTRY]: Channel 'jade:networking' : Version test of '2' from server : ACCEPTED
[17jul.2025 17:32:53.544] [Netty Local Client IO #0/DEBUG] [net.minecraftforge.network.NetworkRegistry/NETREGISTRY]: Accepting channel list from server
[17jul.2025 17:32:53.546] [Netty Local Client IO #0/DEBUG] [net.minecraftforge.network.LoginWrapper/FMLHANDSHAKE]: Dispatching wrapped packet reply for channel fml:handshake with index 1
[17jul.2025 17:32:53.547] [Netty Local Client IO #0/DEBUG] [net.minecraftforge.network.HandshakeHandler/FMLHANDSHAKE]: Accepted server connection
[17jul.2025 17:32:53.549] [Netty Server IO #1/DEBUG] [net.minecraftforge.network.LoginWrapper/FMLHANDSHAKE]: Recieved login wrapper packet event for channel fml:handshake with index 1
[17jul.2025 17:32:53.550] [Netty Server IO #1/DEBUG] [net.minecraftforge.network.HandshakeHandler/FMLHANDSHAKE]: Received client indexed reply 1 of type net.minecraftforge.network.HandshakeMessages$C2SModListReply
[17jul.2025 17:32:53.552] [Netty Server IO #1/DEBUG] [net.minecraftforge.network.HandshakeHandler/FMLHANDSHAKE]: Received client connection with modlist [minecraft, forge, enhanced_playthrough, jade, jei]
[17jul.2025 17:32:53.552] [Netty Server IO #1/DEBUG] [net.minecraftforge.network.NetworkRegistry/NETREGISTRY]: Channel 'fml:loginwrapper' : Version test of 'FML3' from client : ACCEPTED
[17jul.2025 17:32:53.553] [Netty Server IO #1/DEBUG] [net.minecraftforge.network.NetworkRegistry/NETREGISTRY]: Channel 'forge:tier_sorting' : Version test of '1.0' from client : ACCEPTED
[17jul.2025 17:32:53.553] [Netty Server IO #1/DEBUG] [net.minecraftforge.network.NetworkRegistry/NETREGISTRY]: Channel 'fml:handshake' : Version test of 'FML3' from client : ACCEPTED
[17jul.2025 17:32:53.553] [Netty Server IO #1/DEBUG] [net.minecraftforge.network.NetworkRegistry/NETREGISTRY]: Channel 'jei:channel' : Version test of '1.0.0' from client : ACCEPTED
[17jul.2025 17:32:53.553] [Netty Server IO #1/DEBUG] [net.minecraftforge.network.NetworkRegistry/NETREGISTRY]: Channel 'minecraft:unregister' : Version test of 'FML3' from client : ACCEPTED
[17jul.2025 17:32:53.553] [Netty Server IO #1/DEBUG] [net.minecraftforge.network.NetworkRegistry/NETREGISTRY]: Channel 'fml:play' : Version test of 'FML3' from client : ACCEPTED
[17jul.2025 17:32:53.553] [Netty Server IO #1/DEBUG] [net.minecraftforge.network.NetworkRegistry/NETREGISTRY]: Channel 'minecraft:register' : Version test of 'FML3' from client : ACCEPTED
[17jul.2025 17:32:53.553] [Netty Server IO #1/DEBUG] [net.minecraftforge.network.NetworkRegistry/NETREGISTRY]: Channel 'forge:split' : Version test of '1.1' from client : ACCEPTED
[17jul.2025 17:32:53.553] [Netty Server IO #1/DEBUG] [net.minecraftforge.network.NetworkRegistry/NETREGISTRY]: Channel 'jade:networking' : Version test of '2' from client : ACCEPTED
[17jul.2025 17:32:53.553] [Netty Server IO #1/DEBUG] [net.minecraftforge.network.NetworkRegistry/NETREGISTRY]: Accepting channel list from client
[17jul.2025 17:32:53.555] [Netty Server IO #1/DEBUG] [net.minecraftforge.network.HandshakeHandler/FMLHANDSHAKE]: Accepted client connection mod list
[17jul.2025 17:32:53.558] [Server thread/DEBUG] [net.minecraftforge.network.HandshakeHandler/FMLHANDSHAKE]: Sending ticking packet info 'Config jei-server.toml' to 'fml:handshake' sequence 2
[17jul.2025 17:32:53.560] [Netty Local Client IO #0/DEBUG] [net.minecraftforge.network.HandshakeHandler/REGISTRIES]: Expecting 19 registries: [minecraft:command_argument_type, minecraft:recipe_serializer, minecraft:sound_event, minecraft:particle_type, minecraft:villager_profession, minecraft:item, minecraft:potion, minecraft:painting_variant, forge:fluid_type, minecraft:block_entity_type, forge:display_contexts, minecraft:block, forge:entity_data_serializers, minecraft:mob_effect, minecraft:stat_type, minecraft:menu, minecraft:enchantment, minecraft:fluid, minecraft:entity_type]
[17jul.2025 17:32:53.561] [Netty Local Client IO #0/DEBUG] [net.minecraftforge.network.LoginWrapper/FMLHANDSHAKE]: Recieved login wrapper packet event for channel fml:handshake with index 2
[17jul.2025 17:32:53.561] [Netty Local Client IO #0/DEBUG] [net.minecraftforge.network.HandshakeHandler/FMLHANDSHAKE]: Received config sync from server
[17jul.2025 17:32:53.561] [Netty Local Client IO #0/DEBUG] [net.minecraftforge.network.LoginWrapper/FMLHANDSHAKE]: Dispatching wrapped packet reply for channel fml:handshake with index 2
[17jul.2025 17:32:53.562] [Netty Server IO #1/DEBUG] [net.minecraftforge.network.LoginWrapper/FMLHANDSHAKE]: Recieved login wrapper packet event for channel fml:handshake with index 2
[17jul.2025 17:32:53.562] [Netty Server IO #1/DEBUG] [net.minecraftforge.network.HandshakeHandler/FMLHANDSHAKE]: Received client indexed reply 2 of type net.minecraftforge.network.HandshakeMessages$C2SAcknowledge
[17jul.2025 17:32:53.563] [Netty Server IO #1/DEBUG] [net.minecraftforge.network.HandshakeHandler/FMLHANDSHAKE]: Received acknowledgement from client
[17jul.2025 17:32:53.604] [Server thread/DEBUG] [net.minecraftforge.network.HandshakeHandler/FMLHANDSHAKE]: Sending ticking packet info 'Config forge-server.toml' to 'fml:handshake' sequence 3
[17jul.2025 17:32:53.606] [Netty Local Client IO #0/DEBUG] [net.minecraftforge.network.LoginWrapper/FMLHANDSHAKE]: Recieved login wrapper packet event for channel fml:handshake with index 3
[17jul.2025 17:32:53.606] [Netty Local Client IO #0/DEBUG] [net.minecraftforge.network.HandshakeHandler/FMLHANDSHAKE]: Received config sync from server
[17jul.2025 17:32:53.606] [Netty Local Client IO #0/DEBUG] [net.minecraftforge.network.LoginWrapper/FMLHANDSHAKE]: Dispatching wrapped packet reply for channel fml:handshake with index 3
[17jul.2025 17:32:53.608] [Netty Server IO #1/DEBUG] [net.minecraftforge.network.LoginWrapper/FMLHANDSHAKE]: Recieved login wrapper packet event for channel fml:handshake with index 3
[17jul.2025 17:32:53.608] [Netty Server IO #1/DEBUG] [net.minecraftforge.network.HandshakeHandler/FMLHANDSHAKE]: Received client indexed reply 3 of type net.minecraftforge.network.HandshakeMessages$C2SAcknowledge
[17jul.2025 17:32:53.608] [Netty Server IO #1/DEBUG] [net.minecraftforge.network.HandshakeHandler/FMLHANDSHAKE]: Received acknowledgement from client
[17jul.2025 17:32:53.645] [Server thread/DEBUG] [net.minecraftforge.network.HandshakeHandler/FMLHANDSHAKE]: Handshake complete!
[17jul.2025 17:32:53.684] [Netty Local Client IO #0/INFO] [net.minecraftforge.network.NetworkHooks/]: Connected to a modded server.
[17jul.2025 17:32:53.783] [Server thread/INFO] [net.minecraft.server.players.PlayerList/]: Dev[local:E:5b93d6da] logged in with entity id 456 at (23.5, 64.0, -9.5)
[17jul.2025 17:32:53.969] [Server thread/INFO] [net.minecraft.server.MinecraftServer/]: Dev se conectó
[17jul.2025 17:32:54.261] [Render thread/INFO] [mezz.jei.forge.startup.StartEventObserver/]: JEI StartEventObserver received class net.minecraftforge.client.event.ClientPlayerNetworkEvent$LoggingIn
[17jul.2025 17:32:54.262] [Render thread/INFO] [mezz.jei.forge.startup.StartEventObserver/]: JEI StartEventObserver transitioning state from DISABLED to ENABLED
[17jul.2025 17:32:54.299] [Server thread/INFO] [Jade/]: Syncing config to Dev (380df991-f603-344c-a090-369bad2a924a)
[17jul.2025 17:32:54.300] [Render thread/WARN] [net.minecraft.client.ClientRecipeBook/]: Unknown recipe category: enhanced_playthrough:super_ore_alloying/enhanced_playthrough:steel_ingot_from_super_alloying_iron_ingot_and_coal
[17jul.2025 17:32:54.302] [Render thread/WARN] [net.minecraft.client.ClientRecipeBook/]: Unknown recipe category: enhanced_playthrough:super_ore_alloying/enhanced_playthrough:blue_gold_ingot_from_super_alloying_gold_ingot_and_cobalt
[17jul.2025 17:32:54.308] [Render thread/WARN] [net.minecraft.client.ClientRecipeBook/]: Unknown recipe category: enhanced_playthrough:super_ore_alloying/enhanced_playthrough:green_gold_ingot_from_super_alloying_silver_ingot_and_gold_ingot
[17jul.2025 17:32:54.309] [Render thread/WARN] [net.minecraft.client.ClientRecipeBook/]: Unknown recipe category: enhanced_playthrough:super_ore_alloying/enhanced_playthrough:steel_ingot_from_super_alloying_coal_and_raw_iron
[17jul.2025 17:32:54.310] [Render thread/WARN] [net.minecraft.client.ClientRecipeBook/]: Unknown recipe category: enhanced_playthrough:super_ore_alloying/enhanced_playthrough:blue_gold_ingot_from_super_alloying_cobalt_and_gold_ingot
[17jul.2025 17:32:54.311] [Render thread/WARN] [net.minecraft.client.ClientRecipeBook/]: Unknown recipe category: enhanced_playthrough:super_ore_alloying/enhanced_playthrough:brass_ingot_from_super_alloying_raw_copper_and_raw_zinc
[17jul.2025 17:32:54.316] [Render thread/WARN] [net.minecraft.client.ClientRecipeBook/]: Unknown recipe category: enhanced_playthrough:ore_alloying/enhanced_playthrough:brass_ingot_from_alloying_raw_zinc_and_raw_copper
[17jul.2025 17:32:54.316] [Render thread/WARN] [net.minecraft.client.ClientRecipeBook/]: Unknown recipe category: enhanced_playthrough:super_ore_alloying/enhanced_playthrough:bronzium_ingot_from_super_alloying_brass_ingot_and_bronze_ingot
[17jul.2025 17:32:54.317] [Render thread/WARN] [net.minecraft.client.ClientRecipeBook/]: Unknown recipe category: enhanced_playthrough:super_ore_alloying/enhanced_playthrough:firebrick_from_super_alloying_aluminum_dust_and_clay_ball
[17jul.2025 17:32:54.318] [Render thread/WARN] [net.minecraft.client.ClientRecipeBook/]: Unknown recipe category: enhanced_playthrough:ore_alloying/enhanced_playthrough:steel_ingot_from_alloying_coal_and_raw_iron
[17jul.2025 17:32:54.318] [Render thread/WARN] [net.minecraft.client.ClientRecipeBook/]: Unknown recipe category: enhanced_playthrough:ore_alloying/enhanced_playthrough:bronze_ingot_from_alloying_raw_tin_and_raw_copper
[17jul.2025 17:32:54.318] [Render thread/WARN] [net.minecraft.client.ClientRecipeBook/]: Unknown recipe category: enhanced_playthrough:super_ore_alloying/enhanced_playthrough:steel_ingot_from_super_alloying_raw_iron_and_coal
[17jul.2025 17:32:54.319] [Render thread/WARN] [net.minecraft.client.ClientRecipeBook/]: Unknown recipe category: enhanced_playthrough:super_ore_alloying/enhanced_playthrough:bronzium_ingot_from_super_alloying_bronze_ingot_and_brass_ingot
[17jul.2025 17:32:54.321] [Render thread/WARN] [net.minecraft.client.ClientRecipeBook/]: Unknown recipe category: enhanced_playthrough:super_ore_alloying/enhanced_playthrough:brass_ingot_from_super_alloying_zinc_ingot_and_copper_ingot
[17jul.2025 17:32:54.322] [Render thread/WARN] [net.minecraft.client.ClientRecipeBook/]: Unknown recipe category: enhanced_playthrough:ore_alloying/enhanced_playthrough:brass_ingot_from_alloying_raw_copper_and_raw_zinc
[17jul.2025 17:32:54.324] [Render thread/WARN] [net.minecraft.client.ClientRecipeBook/]: Unknown recipe category: enhanced_playthrough:ore_alloying/enhanced_playthrough:bronze_ingot_from_alloying_raw_copper_and_raw_tin
[17jul.2025 17:32:54.325] [Render thread/WARN] [net.minecraft.client.ClientRecipeBook/]: Unknown recipe category: enhanced_playthrough:super_ore_alloying/enhanced_playthrough:steel_ingot_from_super_alloying_coal_and_iron_ingot
[17jul.2025 17:32:54.327] [Render thread/WARN] [net.minecraft.client.ClientRecipeBook/]: Unknown recipe category: enhanced_playthrough:super_ore_alloying/enhanced_playthrough:green_gold_ingot_from_super_alloying_gold_ingot_and_silver_ingot
[17jul.2025 17:32:54.329] [Render thread/WARN] [net.minecraft.client.ClientRecipeBook/]: Unknown recipe category: enhanced_playthrough:super_ore_alloying/enhanced_playthrough:rose_gold_ingot_from_super_alloying_copper_ingot_and_gold_ingot
[17jul.2025 17:32:54.332] [Render thread/WARN] [net.minecraft.client.ClientRecipeBook/]: Unknown recipe category: enhanced_playthrough:super_ore_alloying/enhanced_playthrough:blue_gold_ingot_from_super_alloying_cobalt_and_raw_gold
[17jul.2025 17:32:54.334] [Render thread/WARN] [net.minecraft.client.ClientRecipeBook/]: Unknown recipe category: enhanced_playthrough:super_ore_alloying/enhanced_playthrough:brass_ingot_from_super_alloying_raw_zinc_and_raw_copper
[17jul.2025 17:32:54.335] [Render thread/WARN] [net.minecraft.client.ClientRecipeBook/]: Unknown recipe category: enhanced_playthrough:super_ore_alloying/enhanced_playthrough:rose_gold_ingot_from_super_alloying_gold_ingot_and_copper_ingot
[17jul.2025 17:32:54.336] [Render thread/WARN] [net.minecraft.client.ClientRecipeBook/]: Unknown recipe category: enhanced_playthrough:super_ore_alloying/enhanced_playthrough:bronze_ingot_from_super_alloying_tin_ingot_and_copper_ingot
[17jul.2025 17:32:54.337] [Render thread/WARN] [net.minecraft.client.ClientRecipeBook/]: Unknown recipe category: enhanced_playthrough:super_ore_alloying/enhanced_playthrough:brass_ingot_from_super_alloying_copper_ingot_and_zinc_ingot
[17jul.2025 17:32:54.343] [Render thread/WARN] [net.minecraft.client.ClientRecipeBook/]: Unknown recipe category: enhanced_playthrough:ore_alloying/enhanced_playthrough:steel_ingot_from_alloying_raw_iron_and_coal
[17jul.2025 17:32:54.344] [Render thread/WARN] [net.minecraft.client.ClientRecipeBook/]: Unknown recipe category: enhanced_playthrough:super_ore_alloying/enhanced_playthrough:bronze_ingot_from_super_alloying_raw_tin_and_raw_copper
[17jul.2025 17:32:54.344] [Render thread/WARN] [net.minecraft.client.ClientRecipeBook/]: Unknown recipe category: enhanced_playthrough:super_ore_alloying/enhanced_playthrough:rose_gold_ingot_from_super_alloying_raw_copper_and_raw_gold
[17jul.2025 17:32:54.345] [Render thread/WARN] [net.minecraft.client.ClientRecipeBook/]: Unknown recipe category: enhanced_playthrough:super_ore_alloying/enhanced_playthrough:bronze_ingot_from_super_alloying_raw_copper_and_raw_tin
[17jul.2025 17:32:54.347] [Render thread/WARN] [net.minecraft.client.ClientRecipeBook/]: Unknown recipe category: enhanced_playthrough:super_ore_alloying/enhanced_playthrough:firebrick_from_super_alloying_clay_ball_and_aluminum_dust
[17jul.2025 17:32:54.347] [Render thread/WARN] [net.minecraft.client.ClientRecipeBook/]: Unknown recipe category: enhanced_playthrough:super_ore_alloying/enhanced_playthrough:green_gold_ingot_from_super_alloying_raw_silver_and_raw_gold
[17jul.2025 17:32:54.347] [Render thread/WARN] [net.minecraft.client.ClientRecipeBook/]: Unknown recipe category: enhanced_playthrough:super_ore_alloying/enhanced_playthrough:bronze_ingot_from_super_alloying_copper_ingot_and_tin_ingot
[17jul.2025 17:32:54.348] [Render thread/WARN] [net.minecraft.client.ClientRecipeBook/]: Unknown recipe category: enhanced_playthrough:super_ore_alloying/enhanced_playthrough:blue_gold_ingot_from_super_alloying_raw_gold_and_cobalt
[17jul.2025 17:32:54.348] [Render thread/WARN] [net.minecraft.client.ClientRecipeBook/]: Unknown recipe category: enhanced_playthrough:super_ore_alloying/enhanced_playthrough:green_gold_ingot_from_super_alloying_raw_gold_and_raw_silver
[17jul.2025 17:32:54.349] [Render thread/WARN] [net.minecraft.client.ClientRecipeBook/]: Unknown recipe category: enhanced_playthrough:super_ore_alloying/enhanced_playthrough:firebrick_from_super_alloying_clay_ball_and_raw_aluminum
[17jul.2025 17:32:54.350] [Render thread/WARN] [net.minecraft.client.ClientRecipeBook/]: Unknown recipe category: enhanced_playthrough:super_ore_alloying/enhanced_playthrough:firebrick_from_super_alloying_raw_aluminum_and_clay_ball
[17jul.2025 17:32:54.352] [Render thread/WARN] [net.minecraft.client.ClientRecipeBook/]: Unknown recipe category: enhanced_playthrough:super_ore_alloying/enhanced_playthrough:rose_gold_ingot_from_super_alloying_raw_gold_and_raw_copper
[17jul.2025 17:32:54.377] [Render thread/DEBUG] [mixin/]: Mixing FullTextSearchTreeMixin from jade.mixins.json into net.minecraft.client.searchtree.FullTextSearchTree
[17jul.2025 17:32:54.380] [Render thread/DEBUG] [mixin/]: jade.mixins.json:FullTextSearchTreeMixin: Class version 61 required is higher than the class version supported by the current version of Mixin (JAVA_16 supports class version 60)
[17jul.2025 17:32:54.878] [Render thread/INFO] [mezz.jei.forge.startup.StartEventObserver/]: JEI StartEventObserver received class net.minecraftforge.client.event.RecipesUpdatedEvent
[17jul.2025 17:32:54.902] [Render thread/INFO] [mezz.jei.forge.startup.StartEventObserver/]: JEI StartEventObserver received class net.minecraftforge.event.TagsUpdatedEvent
[17jul.2025 17:32:54.904] [Render thread/INFO] [mezz.jei.forge.startup.StartEventObserver/]: JEI StartEventObserver transitioning state from ENABLED to JEI_STARTED
[17jul.2025 17:32:54.905] [Render thread/INFO] [mezz.jei.core.util.LoggedTimer/]: Starting JEI...
[17jul.2025 17:32:54.922] [Render thread/INFO] [mezz.jei.library.load.PluginCaller/]: Registering item subtypes...
[17jul.2025 17:32:54.922] [Render thread/DEBUG] [mezz.jei.library.load.PluginCallerTimerRunnable/]: Registering item subtypes: jei:minecraft...
[17jul.2025 17:32:54.926] [Render thread/DEBUG] [mezz.jei.library.load.PluginCallerTimerRunnable/]: Registering item subtypes: enhanced_playthrough:jei_plugin...
[17jul.2025 17:32:54.926] [Render thread/DEBUG] [mezz.jei.library.load.PluginCallerTimerRunnable/]: Registering item subtypes: jade:main...
[17jul.2025 17:32:54.926] [Render thread/DEBUG] [mezz.jei.library.load.PluginCallerTimerRunnable/]: Registering item subtypes: jei:debug...
[17jul.2025 17:32:54.926] [Render thread/DEBUG] [mezz.jei.library.load.PluginCallerTimerRunnable/]: Registering item subtypes: jei:gui...
[17jul.2025 17:32:54.926] [Render thread/DEBUG] [mezz.jei.library.load.PluginCallerTimerRunnable/]: Registering item subtypes: jei:forge_gui...
[17jul.2025 17:32:54.926] [Render thread/DEBUG] [mezz.jei.library.load.PluginCallerTimerRunnable/]: Registering item subtypes: jei:internal...
[17jul.2025 17:32:54.927] [Render thread/INFO] [mezz.jei.library.load.PluginCaller/]: Registering item subtypes took 5.175 ms
[17jul.2025 17:32:54.927] [Render thread/INFO] [mezz.jei.library.load.PluginCaller/]: Registering fluid subtypes...
[17jul.2025 17:32:54.928] [Render thread/DEBUG] [mezz.jei.library.load.PluginCallerTimerRunnable/]: Registering fluid subtypes: jei:minecraft...
[17jul.2025 17:32:54.928] [Render thread/DEBUG] [mezz.jei.library.load.PluginCallerTimerRunnable/]: Registering fluid subtypes: enhanced_playthrough:jei_plugin...
[17jul.2025 17:32:54.928] [Render thread/DEBUG] [mezz.jei.library.load.PluginCallerTimerRunnable/]: Registering fluid subtypes: jade:main...
[17jul.2025 17:32:54.928] [Render thread/DEBUG] [mezz.jei.library.load.PluginCallerTimerRunnable/]: Registering fluid subtypes: jei:debug...
[17jul.2025 17:32:54.930] [Render thread/DEBUG] [mezz.jei.library.load.PluginCallerTimerRunnable/]: Registering fluid subtypes: jei:gui...
[17jul.2025 17:32:54.930] [Render thread/DEBUG] [mezz.jei.library.load.PluginCallerTimerRunnable/]: Registering fluid subtypes: jei:forge_gui...
[17jul.2025 17:32:54.931] [Render thread/DEBUG] [mezz.jei.library.load.PluginCallerTimerRunnable/]: Registering fluid subtypes: jei:internal...
[17jul.2025 17:32:54.931] [Render thread/INFO] [mezz.jei.library.load.PluginCaller/]: Registering fluid subtypes took 3.174 ms
[17jul.2025 17:32:54.934] [Render thread/INFO] [mezz.jei.library.load.PluginCaller/]: Registering ingredients...
[17jul.2025 17:32:54.935] [Render thread/DEBUG] [mezz.jei.library.load.PluginCallerTimerRunnable/]: Registering ingredients: jei:minecraft...
[17jul.2025 17:32:55.046] [Render thread/INFO] [mezz.jei.library.load.PluginCallerTimerRunnable/]: Registering ingredients: jei:minecraft took 111.4 milliseconds
[17jul.2025 17:32:55.046] [Render thread/DEBUG] [mezz.jei.library.load.PluginCallerTimerRunnable/]: Registering ingredients: enhanced_playthrough:jei_plugin...
[17jul.2025 17:32:55.046] [Render thread/DEBUG] [mezz.jei.library.load.PluginCallerTimerRunnable/]: Registering ingredients: jade:main...
[17jul.2025 17:32:55.046] [Render thread/DEBUG] [mezz.jei.library.load.PluginCallerTimerRunnable/]: Registering ingredients: jei:debug...
[17jul.2025 17:32:55.046] [Render thread/DEBUG] [mezz.jei.library.load.PluginCallerTimerRunnable/]: Registering ingredients: jei:gui...
[17jul.2025 17:32:55.046] [Render thread/DEBUG] [mezz.jei.library.load.PluginCallerTimerRunnable/]: Registering ingredients: jei:forge_gui...
[17jul.2025 17:32:55.047] [Render thread/DEBUG] [mezz.jei.library.load.PluginCallerTimerRunnable/]: Registering ingredients: jei:internal...
[17jul.2025 17:32:55.047] [Render thread/INFO] [mezz.jei.library.load.PluginCaller/]: Registering ingredients took 112.9 ms
[17jul.2025 17:32:55.083] [Render thread/INFO] [mezz.jei.library.load.PluginCaller/]: Registering categories...
[17jul.2025 17:32:55.084] [Render thread/DEBUG] [mezz.jei.library.load.PluginCallerTimerRunnable/]: Registering categories: jei:minecraft...
[17jul.2025 17:32:55.118] [Render thread/INFO] [mezz.jei.library.load.PluginCallerTimerRunnable/]: Registering categories: jei:minecraft took 33.22 milliseconds
[17jul.2025 17:32:55.118] [Render thread/DEBUG] [mezz.jei.library.load.PluginCallerTimerRunnable/]: Registering categories: enhanced_playthrough:jei_plugin...
[17jul.2025 17:32:55.179] [Render thread/INFO] [mezz.jei.library.load.PluginCallerTimerRunnable/]: Registering categories: enhanced_playthrough:jei_plugin took 60.91 milliseconds
[17jul.2025 17:32:55.179] [Render thread/DEBUG] [mezz.jei.library.load.PluginCallerTimerRunnable/]: Registering categories: jade:main...
[17jul.2025 17:32:55.179] [Render thread/DEBUG] [mezz.jei.library.load.PluginCallerTimerRunnable/]: Registering categories: jei:debug...
[17jul.2025 17:32:55.179] [Render thread/DEBUG] [mezz.jei.library.load.PluginCallerTimerRunnable/]: Registering categories: jei:gui...
[17jul.2025 17:32:55.179] [Render thread/DEBUG] [mezz.jei.library.load.PluginCallerTimerRunnable/]: Registering categories: jei:forge_gui...
[17jul.2025 17:32:55.180] [Render thread/DEBUG] [mezz.jei.library.load.PluginCallerTimerRunnable/]: Registering categories: jei:internal...
[17jul.2025 17:32:55.182] [Render thread/INFO] [mezz.jei.library.load.PluginCaller/]: Registering categories took 97.88 ms
[17jul.2025 17:32:55.183] [Render thread/INFO] [mezz.jei.library.load.PluginCaller/]: Registering vanilla category extensions...
[17jul.2025 17:32:55.184] [Render thread/DEBUG] [mezz.jei.library.load.PluginCallerTimerRunnable/]: Registering vanilla category extensions: jei:minecraft...
[17jul.2025 17:32:55.186] [Render thread/DEBUG] [mezz.jei.library.load.PluginCallerTimerRunnable/]: Registering vanilla category extensions: enhanced_playthrough:jei_plugin...
[17jul.2025 17:32:55.187] [Render thread/DEBUG] [mezz.jei.library.load.PluginCallerTimerRunnable/]: Registering vanilla category extensions: jade:main...
[17jul.2025 17:32:55.187] [Render thread/DEBUG] [mezz.jei.library.load.PluginCallerTimerRunnable/]: Registering vanilla category extensions: jei:debug...
[17jul.2025 17:32:55.187] [Render thread/DEBUG] [mezz.jei.library.load.PluginCallerTimerRunnable/]: Registering vanilla category extensions: jei:gui...
[17jul.2025 17:32:55.187] [Render thread/DEBUG] [mezz.jei.library.load.PluginCallerTimerRunnable/]: Registering vanilla category extensions: jei:forge_gui...
[17jul.2025 17:32:55.188] [Render thread/DEBUG] [mezz.jei.library.load.PluginCallerTimerRunnable/]: Registering vanilla category extensions: jei:internal...
[17jul.2025 17:32:55.189] [Render thread/INFO] [mezz.jei.library.load.PluginCaller/]: Registering vanilla category extensions took 5.800 ms
[17jul.2025 17:32:55.192] [Render thread/INFO] [mezz.jei.library.load.PluginCaller/]: Registering recipe catalysts...
[17jul.2025 17:32:55.192] [Render thread/DEBUG] [mezz.jei.library.load.PluginCallerTimerRunnable/]: Registering recipe catalysts: jei:minecraft...
[17jul.2025 17:32:55.194] [Render thread/DEBUG] [mezz.jei.library.load.PluginCallerTimerRunnable/]: Registering recipe catalysts: enhanced_playthrough:jei_plugin...
[17jul.2025 17:32:55.194] [Render thread/DEBUG] [mezz.jei.library.load.PluginCallerTimerRunnable/]: Registering recipe catalysts: jade:main...
[17jul.2025 17:32:55.194] [Render thread/DEBUG] [mezz.jei.library.load.PluginCallerTimerRunnable/]: Registering recipe catalysts: jei:debug...
[17jul.2025 17:32:55.194] [Render thread/DEBUG] [mezz.jei.library.load.PluginCallerTimerRunnable/]: Registering recipe catalysts: jei:gui...
[17jul.2025 17:32:55.194] [Render thread/DEBUG] [mezz.jei.library.load.PluginCallerTimerRunnable/]: Registering recipe catalysts: jei:forge_gui...
[17jul.2025 17:32:55.194] [Render thread/DEBUG] [mezz.jei.library.load.PluginCallerTimerRunnable/]: Registering recipe catalysts: jei:internal...
[17jul.2025 17:32:55.195] [Render thread/INFO] [mezz.jei.library.load.PluginCaller/]: Registering recipe catalysts took 1.603 ms
[17jul.2025 17:32:55.196] [Render thread/INFO] [mezz.jei.library.load.PluginCaller/]: Registering advanced plugins...
[17jul.2025 17:32:55.197] [Render thread/DEBUG] [mezz.jei.library.load.PluginCallerTimerRunnable/]: Registering advanced plugins: jei:minecraft...
[17jul.2025 17:32:55.197] [Render thread/DEBUG] [mezz.jei.library.load.PluginCallerTimerRunnable/]: Registering advanced plugins: enhanced_playthrough:jei_plugin...
[17jul.2025 17:32:55.197] [Render thread/DEBUG] [mezz.jei.library.load.PluginCallerTimerRunnable/]: Registering advanced plugins: jade:main...
[17jul.2025 17:32:55.197] [Render thread/DEBUG] [mezz.jei.library.load.PluginCallerTimerRunnable/]: Registering advanced plugins: jei:debug...
[17jul.2025 17:32:55.197] [Render thread/DEBUG] [mezz.jei.library.load.PluginCallerTimerRunnable/]: Registering advanced plugins: jei:gui...
[17jul.2025 17:32:55.197] [Render thread/DEBUG] [mezz.jei.library.load.PluginCallerTimerRunnable/]: Registering advanced plugins: jei:forge_gui...
[17jul.2025 17:32:55.197] [Render thread/DEBUG] [mezz.jei.library.load.PluginCallerTimerRunnable/]: Registering advanced plugins: jei:internal...
[17jul.2025 17:32:55.198] [Render thread/INFO] [mezz.jei.library.load.PluginCaller/]: Registering advanced plugins took 929.3 μs
[17jul.2025 17:32:55.198] [Render thread/INFO] [mezz.jei.core.util.LoggedTimer/]: Building recipe registry...
[17jul.2025 17:32:55.221] [Render thread/INFO] [mezz.jei.core.util.LoggedTimer/]: Building recipe registry took 22.05 ms
[17jul.2025 17:32:55.225] [Render thread/INFO] [mezz.jei.library.load.PluginCaller/]: Registering recipes...
[17jul.2025 17:32:55.226] [Render thread/DEBUG] [mezz.jei.library.load.PluginCallerTimerRunnable/]: Registering recipes: jei:minecraft...
[17jul.2025 17:32:55.270] [Render thread/DEBUG] [mezz.jei.library.recipes.RecipeManagerInternal/]: Adding recipes: minecraft:crafting
[17jul.2025 17:32:55.339] [Render thread/DEBUG] [mezz.jei.library.recipes.RecipeManagerInternal/]: Adding recipes: minecraft:crafting
[17jul.2025 17:32:55.348] [Render thread/DEBUG] [mezz.jei.library.recipes.RecipeManagerInternal/]: Adding recipes: minecraft:stonecutting
[17jul.2025 17:32:55.351] [Render thread/DEBUG] [mezz.jei.library.recipes.RecipeManagerInternal/]: Adding recipes: minecraft:furnace
[17jul.2025 17:32:55.353] [Render thread/DEBUG] [mezz.jei.library.recipes.RecipeManagerInternal/]: Adding recipes: minecraft:smoking
[17jul.2025 17:32:55.354] [Render thread/DEBUG] [mezz.jei.library.recipes.RecipeManagerInternal/]: Adding recipes: minecraft:blasting
[17jul.2025 17:32:55.355] [Render thread/DEBUG] [mezz.jei.library.recipes.RecipeManagerInternal/]: Adding recipes: minecraft:campfire
[17jul.2025 17:32:55.365] [Render thread/DEBUG] [mezz.jei.library.recipes.RecipeManagerInternal/]: Adding recipes: minecraft:fuel
[17jul.2025 17:32:55.519] [Render thread/DEBUG] [mezz.jei.library.recipes.RecipeManagerInternal/]: Adding recipes: minecraft:anvil
[17jul.2025 17:32:55.622] [Render thread/DEBUG] [mezz.jei.library.recipes.RecipeManagerInternal/]: Adding recipes: minecraft:smithing
[17jul.2025 17:32:55.642] [Render thread/DEBUG] [mezz.jei.library.recipes.RecipeManagerInternal/]: Adding recipes: minecraft:compostable
[17jul.2025 17:32:55.774] [Render thread/DEBUG] [mezz.jei.library.recipes.RecipeManagerInternal/]: Adding recipes: minecraft:brewing
[17jul.2025 17:32:55.781] [Render thread/INFO] [mezz.jei.library.load.PluginCallerTimerRunnable/]: Registering recipes: jei:minecraft took 555.8 milliseconds
[17jul.2025 17:32:55.781] [Render thread/DEBUG] [mezz.jei.library.load.PluginCallerTimerRunnable/]: Registering recipes: enhanced_playthrough:jei_plugin...
[17jul.2025 17:32:55.782] [Render thread/DEBUG] [mezz.jei.library.recipes.RecipeManagerInternal/]: Adding recipes: enhanced_playthrough:basic_smelting
[17jul.2025 17:32:55.782] [Render thread/DEBUG] [mezz.jei.library.recipes.RecipeManagerInternal/]: Adding recipes: enhanced_playthrough:soul_basic_smelting
[17jul.2025 17:32:55.782] [Render thread/DEBUG] [mezz.jei.library.recipes.RecipeManagerInternal/]: Adding recipes: enhanced_playthrough:masonry_smelting
[17jul.2025 17:32:55.782] [Render thread/DEBUG] [mezz.jei.library.recipes.RecipeManagerInternal/]: Adding recipes: enhanced_playthrough:ore_alloying
[17jul.2025 17:32:55.782] [Render thread/DEBUG] [mezz.jei.library.recipes.RecipeManagerInternal/]: Adding recipes: enhanced_playthrough:super_ore_alloying
[17jul.2025 17:32:55.784] [Render thread/DEBUG] [mezz.jei.library.recipes.RecipeManagerInternal/]: Adding recipes: enhanced_playthrough:gem_polishing
[17jul.2025 17:32:55.784] [Render thread/DEBUG] [mezz.jei.library.recipes.RecipeManagerInternal/]: Adding recipes: enhanced_playthrough:primal_grinding
[17jul.2025 17:32:55.785] [Render thread/DEBUG] [mezz.jei.library.recipes.RecipeManagerInternal/]: Adding recipes: enhanced_playthrough:mechanical_grinding
[17jul.2025 17:32:55.786] [Render thread/DEBUG] [mezz.jei.library.load.PluginCallerTimerRunnable/]: Registering recipes: jade:main...
[17jul.2025 17:32:55.786] [Render thread/DEBUG] [mezz.jei.library.load.PluginCallerTimerRunnable/]: Registering recipes: jei:debug...
[17jul.2025 17:32:55.786] [Render thread/DEBUG] [mezz.jei.library.load.PluginCallerTimerRunnable/]: Registering recipes: jei:gui...
[17jul.2025 17:32:55.786] [Render thread/DEBUG] [mezz.jei.library.load.PluginCallerTimerRunnable/]: Registering recipes: jei:forge_gui...
[17jul.2025 17:32:55.786] [Render thread/DEBUG] [mezz.jei.library.load.PluginCallerTimerRunnable/]: Registering recipes: jei:internal...
[17jul.2025 17:32:55.787] [Render thread/INFO] [mezz.jei.library.load.PluginCaller/]: Registering recipes took 561.2 ms
[17jul.2025 17:32:55.795] [Render thread/INFO] [mezz.jei.library.load.PluginCaller/]: Registering recipes transfer handlers...
[17jul.2025 17:32:55.796] [Render thread/DEBUG] [mezz.jei.library.load.PluginCallerTimerRunnable/]: Registering recipes transfer handlers: jei:minecraft...
[17jul.2025 17:32:55.800] [Render thread/DEBUG] [mezz.jei.library.load.PluginCallerTimerRunnable/]: Registering recipes transfer handlers: enhanced_playthrough:jei_plugin...
[17jul.2025 17:32:55.800] [Render thread/DEBUG] [mezz.jei.library.load.PluginCallerTimerRunnable/]: Registering recipes transfer handlers: jade:main...
[17jul.2025 17:32:55.800] [Render thread/DEBUG] [mezz.jei.library.load.PluginCallerTimerRunnable/]: Registering recipes transfer handlers: jei:debug...
[17jul.2025 17:32:55.800] [Render thread/DEBUG] [mezz.jei.library.load.PluginCallerTimerRunnable/]: Registering recipes transfer handlers: jei:gui...
[17jul.2025 17:32:55.800] [Render thread/DEBUG] [mezz.jei.library.load.PluginCallerTimerRunnable/]: Registering recipes transfer handlers: jei:forge_gui...
[17jul.2025 17:32:55.800] [Render thread/DEBUG] [mezz.jei.library.load.PluginCallerTimerRunnable/]: Registering recipes transfer handlers: jei:internal...
[17jul.2025 17:32:55.801] [Render thread/INFO] [mezz.jei.library.load.PluginCaller/]: Registering recipes transfer handlers took 5.054 ms
[17jul.2025 17:32:55.814] [Render thread/INFO] [mezz.jei.core.util.LoggedTimer/]: Building runtime...
[17jul.2025 17:32:55.823] [Render thread/INFO] [mezz.jei.library.load.PluginCaller/]: Registering gui handlers...
[17jul.2025 17:32:55.824] [Render thread/DEBUG] [mezz.jei.library.load.PluginCallerTimerRunnable/]: Registering gui handlers: jei:minecraft...
[17jul.2025 17:32:55.828] [Render thread/DEBUG] [mezz.jei.library.load.PluginCallerTimerRunnable/]: Registering gui handlers: enhanced_playthrough:jei_plugin...
[17jul.2025 17:32:55.829] [Render thread/DEBUG] [mezz.jei.library.load.PluginCallerTimerRunnable/]: Registering gui handlers: jade:main...
[17jul.2025 17:32:55.829] [Render thread/DEBUG] [mezz.jei.library.load.PluginCallerTimerRunnable/]: Registering gui handlers: jei:debug...
[17jul.2025 17:32:55.829] [Render thread/DEBUG] [mezz.jei.library.load.PluginCallerTimerRunnable/]: Registering gui handlers: jei:gui...
[17jul.2025 17:32:55.851] [Render thread/INFO] [mezz.jei.library.load.PluginCallerTimerRunnable/]: Registering gui handlers: jei:gui took 22.24 milliseconds
[17jul.2025 17:32:55.851] [Render thread/DEBUG] [mezz.jei.library.load.PluginCallerTimerRunnable/]: Registering gui handlers: jei:forge_gui...
[17jul.2025 17:32:55.851] [Render thread/DEBUG] [mezz.jei.library.load.PluginCallerTimerRunnable/]: Registering gui handlers: jei:internal...
[17jul.2025 17:32:55.852] [Render thread/INFO] [mezz.jei.library.load.PluginCaller/]: Registering gui handlers took 27.93 ms
[17jul.2025 17:32:55.860] [Render thread/INFO] [mezz.jei.library.load.PluginCaller/]: Registering Runtime...
[17jul.2025 17:32:55.862] [Render thread/DEBUG] [mezz.jei.library.load.PluginCallerTimerRunnable/]: Registering Runtime: jei:minecraft...
[17jul.2025 17:32:55.862] [Render thread/DEBUG] [mezz.jei.library.load.PluginCallerTimerRunnable/]: Registering Runtime: enhanced_playthrough:jei_plugin...
[17jul.2025 17:32:55.862] [Render thread/DEBUG] [mezz.jei.library.load.PluginCallerTimerRunnable/]: Registering Runtime: jade:main...
[17jul.2025 17:32:55.862] [Render thread/DEBUG] [mezz.jei.library.load.PluginCallerTimerRunnable/]: Registering Runtime: jei:debug...
[17jul.2025 17:32:55.862] [Render thread/DEBUG] [mezz.jei.library.load.PluginCallerTimerRunnable/]: Registering Runtime: jei:gui...
[17jul.2025 17:32:55.862] [Render thread/DEBUG] [mezz.jei.library.load.PluginCallerTimerRunnable/]: Registering Runtime: jei:forge_gui...
[17jul.2025 17:32:55.871] [Render thread/INFO] [mezz.jei.gui.startup.JeiGuiStarter/]: Starting JEI GUI
[17jul.2025 17:32:55.872] [Render thread/INFO] [mezz.jei.core.util.LoggedTimer/]: Building ingredient list...
[17jul.2025 17:32:55.875] [Render thread/DEBUG] [mezz.jei.gui.ingredients.IngredientListElementFactory/]: Registering ingredients: ItemStack
[17jul.2025 17:32:55.879] [Render thread/DEBUG] [mezz.jei.gui.ingredients.IngredientListElementFactory/]: Registering ingredients: FluidStack
[17jul.2025 17:32:55.879] [Render thread/INFO] [mezz.jei.core.util.LoggedTimer/]: Building ingredient list took 7.377 ms
[17jul.2025 17:32:55.880] [Render thread/INFO] [mezz.jei.core.util.LoggedTimer/]: Building ingredient filter...
[17jul.2025 17:32:55.988] [Render thread/INFO] [mezz.jei.gui.ingredients.IngredientFilter/]: Adding 1991 ingredients
[17jul.2025 17:32:56.460] [Render thread/INFO] [mezz.jei.gui.ingredients.IngredientFilter/]: Added 1991 ingredients
[17jul.2025 17:32:56.462] [Render thread/INFO] [mezz.jei.core.util.LoggedTimer/]: Building ingredient filter took 582.2 ms
[17jul.2025 17:32:56.644] [Render thread/INFO] [mezz.jei.library.load.PluginCallerTimerRunnable/]: Registering Runtime: jei:forge_gui took 781.3 milliseconds
[17jul.2025 17:32:56.646] [Render thread/DEBUG] [mezz.jei.library.load.PluginCallerTimerRunnable/]: Registering Runtime: jei:internal...
[17jul.2025 17:32:56.646] [Render thread/INFO] [mezz.jei.library.load.PluginCaller/]: Registering Runtime took 785.5 ms
[17jul.2025 17:32:56.647] [Render thread/INFO] [mezz.jei.core.util.LoggedTimer/]: Building runtime took 833.1 ms
[17jul.2025 17:32:56.649] [Render thread/INFO] [mezz.jei.library.load.PluginCaller/]: Sending Runtime...
[17jul.2025 17:32:56.650] [Render thread/DEBUG] [mezz.jei.library.load.PluginCallerTimerRunnable/]: Sending Runtime: jei:minecraft...
[17jul.2025 17:32:56.650] [Render thread/DEBUG] [mezz.jei.library.load.PluginCallerTimerRunnable/]: Sending Runtime: enhanced_playthrough:jei_plugin...
[17jul.2025 17:32:56.650] [Render thread/DEBUG] [mezz.jei.library.load.PluginCallerTimerRunnable/]: Sending Runtime: jade:main...
[17jul.2025 17:32:56.651] [Render thread/DEBUG] [mezz.jei.library.load.PluginCallerTimerRunnable/]: Sending Runtime: jei:debug...
[17jul.2025 17:32:56.651] [Render thread/DEBUG] [mezz.jei.library.load.PluginCallerTimerRunnable/]: Sending Runtime: jei:gui...
[17jul.2025 17:32:56.651] [Render thread/DEBUG] [mezz.jei.library.load.PluginCallerTimerRunnable/]: Sending Runtime: jei:forge_gui...
[17jul.2025 17:32:56.651] [Render thread/DEBUG] [mezz.jei.library.load.PluginCallerTimerRunnable/]: Sending Runtime: jei:internal...
[17jul.2025 17:32:56.651] [Render thread/INFO] [mezz.jei.library.load.PluginCaller/]: Sending Runtime took 1.734 ms
[17jul.2025 17:32:56.651] [Render thread/INFO] [mezz.jei.core.util.LoggedTimer/]: Starting JEI took 1.746 s
[17jul.2025 17:32:56.845] [Render thread/INFO] [Jade/]: Received config from the server: 
[17jul.2025 17:32:57.542] [Render thread/INFO] [net.minecraft.advancements.AdvancementList/]: Loaded 8 advancements
[17jul.2025 17:33:00.410] [Server thread/WARN] [net.minecraft.server.MinecraftServer/]: Can't keep up! Is the server overloaded? Running 2058ms or 41 ticks behind
[17jul.2025 17:33:23.203] [Server thread/INFO] [net.minecraft.server.commands.LocateCommand/]: Locating element #enhanced_playthrough:desert_biomes (minecraft:badlands) took 2178 ms
[17jul.2025 17:33:23.203] [Server thread/WARN] [net.minecraft.server.MinecraftServer/]: Can't keep up! Is the server overloaded? Running 2200ms or 44 ticks behind
[17jul.2025 17:33:23.216] [Render thread/INFO] [net.minecraft.client.gui.components.ChatComponent/]: [System] [CHAT] La estructura de tipo #enhanced_playthrough:desert_biomes (minecraft:badlands) más cercana está en [-1481, 87, -170]. (A 1512 bloques de distancia)
[17jul.2025 17:33:27.582] [Server thread/INFO] [net.minecraft.server.MinecraftServer/]: [Dev: Dev teletransportado a -1480.500000, 87.000000, -169.500000]
[17jul.2025 17:33:27.590] [Render thread/INFO] [net.minecraft.client.gui.components.ChatComponent/]: [System] [CHAT] Dev teletransportado a -1480.500000, 87.000000, -169.500000
[17jul.2025 17:33:34.000] [Server thread/INFO] [net.minecraft.server.MinecraftServer/]: [Dev: Tu modo de juego cambió a Espectador]
[17jul.2025 17:33:34.033] [Render thread/INFO] [net.minecraft.client.gui.components.ChatComponent/]: [System] [CHAT] Tu modo de juego cambió a Espectador
[17jul.2025 17:33:37.629] [Server thread/INFO] [net.minecraft.server.MinecraftServer/]: [Dev: Tu modo de juego cambió a Creativo]
[17jul.2025 17:33:37.661] [Render thread/INFO] [net.minecraft.client.gui.components.ChatComponent/]: [System] [CHAT] Tu modo de juego cambió a Creativo
[17jul.2025 17:35:03.149] [Server thread/INFO] [net.minecraft.server.MinecraftServer/]: [Dev: Tu modo de juego cambió a Espectador]
[17jul.2025 17:35:03.160] [Render thread/INFO] [net.minecraft.client.gui.components.ChatComponent/]: [System] [CHAT] Tu modo de juego cambió a Espectador
[17jul.2025 17:35:10.387] [Server thread/INFO] [net.minecraft.server.MinecraftServer/]: [Dev: Se aplicó el efecto Visión nocturna a Dev]
[17jul.2025 17:35:10.390] [Render thread/INFO] [net.minecraft.client.gui.components.ChatComponent/]: [System] [CHAT] Se aplicó el efecto Visión nocturna a Dev
[17jul.2025 17:36:32.572] [Server thread/INFO] [net.minecraft.server.MinecraftServer/]: [Dev: Tu modo de juego cambió a Creativo]
[17jul.2025 17:36:32.586] [Render thread/INFO] [net.minecraft.client.gui.components.ChatComponent/]: [System] [CHAT] Tu modo de juego cambió a Creativo
[17jul.2025 17:36:57.838] [Server thread/INFO] [net.minecraft.server.MinecraftServer/]: [Dev: Tu modo de juego cambió a Espectador]
[17jul.2025 17:36:57.852] [Render thread/INFO] [net.minecraft.client.gui.components.ChatComponent/]: [System] [CHAT] Tu modo de juego cambió a Espectador
[17jul.2025 17:37:59.738] [Server thread/DEBUG] [net.minecraftforge.common.ForgeHooks/WP]: Gathering id map for writing to world save EMT 2-tfu-3
[17jul.2025 17:37:59.773] [Server thread/DEBUG] [net.minecraftforge.common.ForgeHooks/WP]: ID Map collection complete EMT 2-tfu-3
[17jul.2025 17:38:40.118] [Server thread/INFO] [net.minecraft.server.MinecraftServer/]: [Dev: Tu modo de juego cambió a Creativo]
[17jul.2025 17:38:40.144] [Render thread/INFO] [net.minecraft.client.gui.components.ChatComponent/]: [System] [CHAT] Tu modo de juego cambió a Creativo
[17jul.2025 17:38:47.138] [Server thread/INFO] [net.minecraft.server.MinecraftServer/]: [Dev: Tu modo de juego cambió a Espectador]
[17jul.2025 17:38:47.148] [Render thread/INFO] [net.minecraft.client.gui.components.ChatComponent/]: [System] [CHAT] Tu modo de juego cambió a Espectador
[17jul.2025 17:39:04.503] [Server thread/INFO] [net.minecraft.client.server.IntegratedServer/]: Saving and pausing game...
[17jul.2025 17:39:04.525] [Server thread/INFO] [net.minecraft.server.MinecraftServer/]: Saving chunks for level 'ServerLevel[EMT 2-tfu-3]'/minecraft:overworld
[17jul.2025 17:39:04.543] [Server thread/INFO] [net.minecraft.server.MinecraftServer/]: Saving chunks for level 'ServerLevel[EMT 2-tfu-3]'/minecraft:the_nether
[17jul.2025 17:39:04.546] [Server thread/INFO] [net.minecraft.server.MinecraftServer/]: Saving chunks for level 'ServerLevel[EMT 2-tfu-3]'/minecraft:the_end
[17jul.2025 17:39:04.551] [Server thread/DEBUG] [net.minecraftforge.common.ForgeHooks/WP]: Gathering id map for writing to world save EMT 2-tfu-3
[17jul.2025 17:39:04.592] [Server thread/DEBUG] [net.minecraftforge.common.ForgeHooks/WP]: ID Map collection complete EMT 2-tfu-3
[17jul.2025 17:39:05.102] [Render thread/INFO] [mezz.jei.forge.startup.StartEventObserver/]: JEI StartEventObserver received class net.minecraftforge.client.event.ClientPlayerNetworkEvent$LoggingOut
[17jul.2025 17:39:05.102] [Render thread/INFO] [mezz.jei.forge.startup.StartEventObserver/]: JEI StartEventObserver transitioning state from JEI_STARTED to DISABLED
[17jul.2025 17:39:05.103] [Render thread/INFO] [mezz.jei.library.startup.JeiStarter/]: Stopping JEI
[17jul.2025 17:39:05.103] [Render thread/INFO] [mezz.jei.library.load.PluginCaller/]: Sending Runtime Unavailable...
[17jul.2025 17:39:05.105] [Render thread/DEBUG] [mezz.jei.library.load.PluginCallerTimerRunnable/]: Sending Runtime Unavailable: jei:minecraft...
[17jul.2025 17:39:05.105] [Render thread/DEBUG] [mezz.jei.library.load.PluginCallerTimerRunnable/]: Sending Runtime Unavailable: enhanced_playthrough:jei_plugin...
[17jul.2025 17:39:05.105] [Render thread/DEBUG] [mezz.jei.library.load.PluginCallerTimerRunnable/]: Sending Runtime Unavailable: jade:main...
[17jul.2025 17:39:05.105] [Render thread/DEBUG] [mezz.jei.library.load.PluginCallerTimerRunnable/]: Sending Runtime Unavailable: jei:debug...
[17jul.2025 17:39:05.105] [Render thread/DEBUG] [mezz.jei.library.load.PluginCallerTimerRunnable/]: Sending Runtime Unavailable: jei:gui...
[17jul.2025 17:39:05.106] [Render thread/DEBUG] [mezz.jei.library.load.PluginCallerTimerRunnable/]: Sending Runtime Unavailable: jei:forge_gui...
[17jul.2025 17:39:05.106] [Render thread/INFO] [mezz.jei.forge.plugins.forge.ForgeGuiPlugin/]: Stopping JEI GUI
[17jul.2025 17:39:05.117] [Render thread/DEBUG] [mezz.jei.library.load.PluginCallerTimerRunnable/]: Sending Runtime Unavailable: jei:internal...
[17jul.2025 17:39:05.117] [Render thread/INFO] [mezz.jei.library.load.PluginCaller/]: Sending Runtime Unavailable took 13.11 ms
[17jul.2025 17:39:05.163] [Server thread/INFO] [net.minecraft.server.network.ServerGamePacketListenerImpl/]: Dev lost connection: Desconectado/a
[17jul.2025 17:39:05.163] [Server thread/INFO] [net.minecraft.server.MinecraftServer/]: Dev se desconectó
[17jul.2025 17:39:05.188] [Server thread/INFO] [net.minecraft.server.network.ServerGamePacketListenerImpl/]: Stopping singleplayer server as player logged out
[17jul.2025 17:39:05.213] [Server thread/INFO] [net.minecraft.server.MinecraftServer/]: Stopping server
[17jul.2025 17:39:05.215] [Server thread/INFO] [net.minecraft.server.MinecraftServer/]: Saving players
[17jul.2025 17:39:05.215] [Server thread/INFO] [net.minecraft.server.MinecraftServer/]: Saving worlds
[17jul.2025 17:39:06.989] [Server thread/INFO] [net.minecraft.server.MinecraftServer/]: Saving chunks for level 'ServerLevel[EMT 2-tfu-3]'/minecraft:overworld
[17jul.2025 17:39:09.361] [Server thread/INFO] [net.minecraft.server.MinecraftServer/]: Saving chunks for level 'ServerLevel[EMT 2-tfu-3]'/minecraft:the_nether
[17jul.2025 17:39:09.363] [Server thread/INFO] [net.minecraft.server.MinecraftServer/]: Saving chunks for level 'ServerLevel[EMT 2-tfu-3]'/minecraft:the_end
[17jul.2025 17:39:09.370] [Server thread/DEBUG] [net.minecraftforge.common.ForgeHooks/WP]: Gathering id map for writing to world save EMT 2-tfu-3
[17jul.2025 17:39:09.378] [Server thread/DEBUG] [net.minecraftforge.common.ForgeHooks/WP]: ID Map collection complete EMT 2-tfu-3
[17jul.2025 17:39:09.411] [Server thread/INFO] [net.minecraft.server.MinecraftServer/]: ThreadedAnvilChunkStorage (EMT 2-tfu-3): All chunks are saved
[17jul.2025 17:39:09.411] [Server thread/INFO] [net.minecraft.server.MinecraftServer/]: ThreadedAnvilChunkStorage (DIM-1): All chunks are saved
[17jul.2025 17:39:09.411] [Server thread/INFO] [net.minecraft.server.MinecraftServer/]: ThreadedAnvilChunkStorage (DIM1): All chunks are saved
[17jul.2025 17:39:09.411] [Server thread/INFO] [net.minecraft.server.MinecraftServer/]: ThreadedAnvilChunkStorage: All dimensions are saved
[17jul.2025 17:39:09.757] [Server thread/DEBUG] [net.minecraftforge.registries.GameData/REGISTRIES]: Reverting to FROZEN data state.
[17jul.2025 17:39:09.757] [Server thread/DEBUG] [net.minecraftforge.registries.ForgeRegistry/REGISTRIES]: Registry minecraft:block Sync: ACTIVE -> FROZEN
[17jul.2025 17:39:09.774] [Server thread/DEBUG] [net.minecraftforge.registries.ForgeRegistry/REGISTRIES]: Registry minecraft:fluid Sync: ACTIVE -> FROZEN
[17jul.2025 17:39:09.775] [Server thread/DEBUG] [net.minecraftforge.registries.ForgeRegistry/REGISTRIES]: Registry minecraft:item Sync: ACTIVE -> FROZEN
[17jul.2025 17:39:09.833] [Server thread/DEBUG] [net.minecraftforge.registries.ForgeRegistry/REGISTRIES]: Registry minecraft:mob_effect Sync: ACTIVE -> FROZEN
[17jul.2025 17:39:09.834] [Server thread/DEBUG] [net.minecraftforge.registries.ForgeRegistry/REGISTRIES]: Registry minecraft:sound_event Sync: ACTIVE -> FROZEN
[17jul.2025 17:39:09.894] [Server thread/DEBUG] [net.minecraftforge.registries.ForgeRegistry/REGISTRIES]: Registry minecraft:potion Sync: ACTIVE -> FROZEN
[17jul.2025 17:39:09.895] [Server thread/DEBUG] [net.minecraftforge.registries.ForgeRegistry/REGISTRIES]: Registry minecraft:enchantment Sync: ACTIVE -> FROZEN
[17jul.2025 17:39:09.895] [Server thread/DEBUG] [net.minecraftforge.registries.ForgeRegistry/REGISTRIES]: Registry minecraft:entity_type Sync: ACTIVE -> FROZEN
[17jul.2025 17:39:09.896] [Server thread/DEBUG] [net.minecraftforge.registries.ForgeRegistry/REGISTRIES]: Registry minecraft:block_entity_type Sync: ACTIVE -> FROZEN
[17jul.2025 17:39:09.897] [Server thread/DEBUG] [net.minecraftforge.registries.ForgeRegistry/REGISTRIES]: Registry minecraft:particle_type Sync: ACTIVE -> FROZEN
[17jul.2025 17:39:09.897] [Server thread/DEBUG] [net.minecraftforge.registries.ForgeRegistry/REGISTRIES]: Registry minecraft:menu Sync: ACTIVE -> FROZEN
[17jul.2025 17:39:09.898] [Server thread/DEBUG] [net.minecraftforge.registries.ForgeRegistry/REGISTRIES]: Registry minecraft:painting_variant Sync: ACTIVE -> FROZEN
[17jul.2025 17:39:09.898] [Server thread/DEBUG] [net.minecraftforge.registries.ForgeRegistry/REGISTRIES]: Registry minecraft:recipe_type Sync: ACTIVE -> FROZEN
[17jul.2025 17:39:09.898] [Server thread/DEBUG] [net.minecraftforge.registries.ForgeRegistry/REGISTRIES]: Registry minecraft:recipe_serializer Sync: ACTIVE -> FROZEN
[17jul.2025 17:39:09.898] [Server thread/DEBUG] [net.minecraftforge.registries.ForgeRegistry/REGISTRIES]: Registry minecraft:attribute Sync: ACTIVE -> FROZEN
[17jul.2025 17:39:09.899] [Server thread/DEBUG] [net.minecraftforge.registries.ForgeRegistry/REGISTRIES]: Registry minecraft:stat_type Sync: ACTIVE -> FROZEN
[17jul.2025 17:39:09.899] [Server thread/DEBUG] [net.minecraftforge.registries.ForgeRegistry/REGISTRIES]: Registry minecraft:command_argument_type Sync: ACTIVE -> FROZEN
[17jul.2025 17:39:09.899] [Server thread/DEBUG] [net.minecraftforge.registries.ForgeRegistry/REGISTRIES]: Registry minecraft:villager_profession Sync: ACTIVE -> FROZEN
[17jul.2025 17:39:09.900] [Server thread/DEBUG] [net.minecraftforge.registries.ForgeRegistry/REGISTRIES]: Registry minecraft:point_of_interest_type Sync: ACTIVE -> FROZEN
[17jul.2025 17:39:09.902] [Server thread/DEBUG] [net.minecraftforge.registries.ForgeRegistry/REGISTRIES]: Registry minecraft:memory_module_type Sync: ACTIVE -> FROZEN
[17jul.2025 17:39:09.914] [Server thread/DEBUG] [net.minecraftforge.registries.ForgeRegistry/REGISTRIES]: Registry minecraft:sensor_type Sync: ACTIVE -> FROZEN
[17jul.2025 17:39:09.914] [Server thread/DEBUG] [net.minecraftforge.registries.ForgeRegistry/REGISTRIES]: Registry minecraft:schedule Sync: ACTIVE -> FROZEN
[17jul.2025 17:39:09.914] [Server thread/DEBUG] [net.minecraftforge.registries.ForgeRegistry/REGISTRIES]: Registry minecraft:activity Sync: ACTIVE -> FROZEN
[17jul.2025 17:39:09.914] [Server thread/DEBUG] [net.minecraftforge.registries.ForgeRegistry/REGISTRIES]: Registry minecraft:worldgen/carver Sync: ACTIVE -> FROZEN
[17jul.2025 17:39:09.915] [Server thread/DEBUG] [net.minecraftforge.registries.ForgeRegistry/REGISTRIES]: Registry minecraft:worldgen/feature Sync: ACTIVE -> FROZEN
[17jul.2025 17:39:09.915] [Server thread/DEBUG] [net.minecraftforge.registries.ForgeRegistry/REGISTRIES]: Registry minecraft:chunk_status Sync: ACTIVE -> FROZEN
[17jul.2025 17:39:09.915] [Server thread/DEBUG] [net.minecraftforge.registries.ForgeRegistry/REGISTRIES]: Registry minecraft:worldgen/block_state_provider_type Sync: ACTIVE -> FROZEN
[17jul.2025 17:39:09.915] [Server thread/DEBUG] [net.minecraftforge.registries.ForgeRegistry/REGISTRIES]: Registry minecraft:worldgen/foliage_placer_type Sync: ACTIVE -> FROZEN
[17jul.2025 17:39:09.915] [Server thread/DEBUG] [net.minecraftforge.registries.ForgeRegistry/REGISTRIES]: Registry minecraft:worldgen/tree_decorator_type Sync: ACTIVE -> FROZEN
[17jul.2025 17:39:09.915] [Server thread/DEBUG] [net.minecraftforge.registries.ForgeRegistry/REGISTRIES]: Registry minecraft:worldgen/biome Sync: ACTIVE -> FROZEN
[17jul.2025 17:39:09.915] [Server thread/DEBUG] [net.minecraftforge.registries.ForgeRegistry/REGISTRIES]: Registry forge:entity_data_serializers Sync: ACTIVE -> FROZEN
[17jul.2025 17:39:09.915] [Server thread/DEBUG] [net.minecraftforge.registries.ForgeRegistry/REGISTRIES]: Registry forge:global_loot_modifier_serializers Sync: ACTIVE -> FROZEN
[17jul.2025 17:39:09.927] [Server thread/DEBUG] [net.minecraftforge.registries.ForgeRegistry/REGISTRIES]: Registry forge:biome_modifier_serializers Sync: ACTIVE -> FROZEN
[17jul.2025 17:39:09.940] [Server thread/DEBUG] [net.minecraftforge.registries.ForgeRegistry/REGISTRIES]: Registry forge:fluid_type Sync: ACTIVE -> FROZEN
[17jul.2025 17:39:09.941] [Server thread/DEBUG] [net.minecraftforge.registries.ForgeRegistry/REGISTRIES]: Registry forge:structure_modifier_serializers Sync: ACTIVE -> FROZEN
[17jul.2025 17:39:09.941] [Server thread/DEBUG] [net.minecraftforge.registries.ForgeRegistry/REGISTRIES]: Registry forge:holder_set_type Sync: ACTIVE -> FROZEN
[17jul.2025 17:39:09.941] [Server thread/DEBUG] [net.minecraftforge.registries.ForgeRegistry/REGISTRIES]: Registry forge:display_contexts Sync: ACTIVE -> FROZEN
[17jul.2025 17:39:11.266] [Server thread/DEBUG] [net.minecraftforge.registries.ObjectHolderRegistry/REGISTRIES]: Applying holder lookups
[17jul.2025 17:39:11.272] [Server thread/DEBUG] [net.minecraftforge.registries.ObjectHolderRegistry/REGISTRIES]: Holder lookups applied
[17jul.2025 17:39:11.272] [Server thread/DEBUG] [net.minecraftforge.registries.GameData/REGISTRIES]: FROZEN state restored.
[17jul.2025 17:39:11.272] [Server thread/DEBUG] [net.minecraftforge.fml.config.ConfigTracker/CONFIG]: Unloading configs type SERVER
[17jul.2025 17:39:14.193] [Render thread/INFO] [net.minecraft.world.level.storage.LevelStorageSource/]: Deleting level EMT 2-tfu-3
[17jul.2025 17:39:14.193] [Render thread/INFO] [net.minecraft.world.level.storage.LevelStorageSource/]: Attempt 1...
[17jul.2025 17:39:15.589] [Render thread/INFO] [net.minecraft.client.Minecraft/]: Stopping!
