[23jul.2025 13:32:49.962] [main/INFO] [cpw.mods.modlauncher.Launcher/MODLAUNCHER]: ModLauncher running: args [--launchTarget, forgeclientuserdev, --version, MOD_DEV, --assetIndex, 5, --assetsDir, C:\Users\marma\.gradle\caches\forge_gradle\assets, --gameDir, ., --fml.forgeVersion, 47.3.0, --fml.mcVersion, 1.20.1, --fml.forgeGroup, net.minecraftforge, --fml.mcpVersion, 20230612.114412]
[23jul.2025 13:32:49.971] [main/INFO] [cpw.mods.modlauncher.Launcher/MODLAUNCHER]: ModLauncher 10.0.9+10.0.9+main.dcd20f30 starting: java version 17.0.15 by Eclipse Adoptium; OS Windows 11 arch amd64 version 10.0
[23jul.2025 13:32:50.256] [main/INFO] [net.minecraftforge.fml.loading.ImmediateWindowHandler/]: Loading ImmediateWindowProvider fmlearlywindow
[23jul.2025 13:32:50.540] [main/INFO] [EARLYDISPLAY/]: Trying GL version 4.6
[23jul.2025 13:32:50.843] [main/INFO] [EARLYDISPLAY/]: Requested GL version 4.6 got version 4.6
[23jul.2025 13:32:51.207] [main/INFO] [mixin/]: SpongePowered MIXIN Subsystem Version=0.8.5 Source=union:/C:/Users/marma/.gradle/caches/modules-2/files-2.1/org.spongepowered/mixin/0.8.5/9d1c0c3a304ae6697ecd477218fa61b850bf57fc/mixin-0.8.5.jar%23128!/ Service=ModLauncher Env=CLIENT
[23jul.2025 13:32:51.217] [pool-2-thread-1/INFO] [EARLYDISPLAY/]: GL info: AMD Radeon(TM) Vega 3 Graphics GL version 4.6.0 Core Profile Context 25.5.1.250226, ATI Technologies Inc.
[23jul.2025 13:32:52.359] [main/WARN] [net.minecraftforge.fml.loading.moddiscovery.ModFileParser/LOADING]: Mod file C:\Users\marma\.gradle\caches\modules-2\files-2.1\net.minecraftforge\javafmllanguage\1.20.1-47.3.0\d7ebc62120f202109e300e084ca1a31a7b946a62\javafmllanguage-1.20.1-47.3.0.jar is missing mods.toml file
[23jul.2025 13:32:52.385] [main/WARN] [net.minecraftforge.fml.loading.moddiscovery.ModFileParser/LOADING]: Mod file C:\Users\marma\.gradle\caches\modules-2\files-2.1\net.minecraftforge\lowcodelanguage\1.20.1-47.3.0\1bf3e845ea0ce750096da8c71c8364b188ab74d4\lowcodelanguage-1.20.1-47.3.0.jar is missing mods.toml file
[23jul.2025 13:32:52.403] [main/WARN] [net.minecraftforge.fml.loading.moddiscovery.ModFileParser/LOADING]: Mod file C:\Users\marma\.gradle\caches\modules-2\files-2.1\net.minecraftforge\mclanguage\1.20.1-47.3.0\6093682e943ddccbabf70539319d7f2fe64db2e7\mclanguage-1.20.1-47.3.0.jar is missing mods.toml file
[23jul.2025 13:32:52.420] [main/WARN] [net.minecraftforge.fml.loading.moddiscovery.ModFileParser/LOADING]: Mod file C:\Users\marma\.gradle\caches\modules-2\files-2.1\net.minecraftforge\fmlcore\1.20.1-47.3.0\3b6be96aba3e323f3c918e8ef6a96312d82d76ad\fmlcore-1.20.1-47.3.0.jar is missing mods.toml file
[23jul.2025 13:32:52.754] [main/INFO] [net.minecraftforge.fml.loading.moddiscovery.JarInJarDependencyLocator/]: No dependencies to load found. Skipping!
[23jul.2025 13:33:00.202] [main/INFO] [cpw.mods.modlauncher.LaunchServiceHandler/MODLAUNCHER]: Launching target 'forgeclientuserdev' with arguments [--version, MOD_DEV, --gameDir, ., --assetsDir, C:\Users\marma\.gradle\caches\forge_gradle\assets, --assetIndex, 5]
[23jul.2025 13:33:01.254] [main/INFO] [mixin/]: Remapping refMap jade.refmap.json using D:\Repositorios GitHub\Enhanced_Playtrough\Enhanched_Minecraft_Mod/build/createSrgToMcp/output.srg
[23jul.2025 13:33:23.929] [Datafixer Bootstrap/INFO] [com.mojang.datafixers.DataFixerBuilder/]: 188 Datafixer optimizations took 5511 milliseconds
[23jul.2025 13:33:26.566] [Render thread/WARN] [net.minecraft.server.packs.VanillaPackResourcesBuilder/]: Assets URL 'union:/C:/Users/marma/.gradle/caches/forge_gradle/minecraft_user_repo/net/minecraftforge/forge/1.20.1-47.3.0_mapped_parchment_2023.09.03-1.20.1/forge-1.20.1-47.3.0_mapped_parchment_2023.09.03-1.20.1-recomp.jar%23191!/assets/.mcassetsroot' uses unexpected schema
[23jul.2025 13:33:26.568] [Render thread/WARN] [net.minecraft.server.packs.VanillaPackResourcesBuilder/]: Assets URL 'union:/C:/Users/marma/.gradle/caches/forge_gradle/minecraft_user_repo/net/minecraftforge/forge/1.20.1-47.3.0_mapped_parchment_2023.09.03-1.20.1/forge-1.20.1-47.3.0_mapped_parchment_2023.09.03-1.20.1-recomp.jar%23191!/data/.mcassetsroot' uses unexpected schema
[23jul.2025 13:33:26.599] [Render thread/INFO] [com.mojang.authlib.yggdrasil.YggdrasilAuthenticationService/]: Environment: authHost='https://authserver.mojang.com', accountsHost='https://api.mojang.com', sessionHost='https://sessionserver.mojang.com', servicesHost='https://api.minecraftservices.com', name='PROD'
[23jul.2025 13:33:26.612] [Render thread/INFO] [net.minecraft.client.Minecraft/]: Setting user: Dev
[23jul.2025 13:33:26.841] [Render thread/INFO] [net.minecraft.client.Minecraft/]: Backend library: LWJGL version 3.3.1 build 7
[23jul.2025 13:33:27.627] [modloading-worker-0/INFO] [net.minecraftforge.common.ForgeMod/FORGEMOD]: Forge mod loading, version 47.3.0, for MC 1.20.1 with MCP 20230612.114412
[23jul.2025 13:33:27.628] [modloading-worker-0/INFO] [net.minecraftforge.common.MinecraftForge/FORGE]: MinecraftForge v47.3.0 Initialized
[23jul.2025 13:33:28.777] [modloading-worker-0/INFO] [mezz.jei.library.load.PluginCaller/]: Sending ConfigManager...
[23jul.2025 13:33:28.809] [modloading-worker-0/INFO] [mezz.jei.library.load.PluginCaller/]: Sending ConfigManager took 30.81 ms
[23jul.2025 13:33:33.100] [Render thread/INFO] [net.minecraftforge.gametest.ForgeGameTestHooks/]: Enabled Gametest Namespaces: [enhanced_playthrough]
[23jul.2025 13:33:33.787] [Render thread/INFO] [net.minecraft.server.packs.resources.ReloadableResourceManager/]: Reloading ResourceManager: vanilla, mod_resources
[23jul.2025 13:33:34.360] [Worker-Main-1/INFO] [net.minecraft.client.gui.font.providers.UnihexProvider/]: Found unifont_all_no_pua-15.0.06.hex, loading
[23jul.2025 13:33:37.743] [Worker-Main-2/WARN] [net.minecraft.client.renderer.texture.atlas.sources.PalettedPermutations/]: Unable to find texture tutorialmod:textures/trims/models/armor/kaupen.png
[23jul.2025 13:33:37.744] [Worker-Main-2/WARN] [net.minecraft.client.renderer.texture.atlas.sources.PalettedPermutations/]: Unable to find texture tutorialmod:textures/trims/models/armor/kaupen_leggings.png
[23jul.2025 13:33:37.760] [Worker-Main-2/ERROR] [net.minecraft.client.renderer.texture.atlas.sources.PalettedPermutations/]: Failed to load palette image enhanced_playthrough:trims/color_palettes/sapphire
[23jul.2025 13:33:37.762] [Worker-Main-2/ERROR] [net.minecraft.client.renderer.texture.atlas.sources.PalettedPermutations/]: unable to apply palette to minecraft:trims/models/armor/eye_leggings_alexandrite
java.lang.IllegalArgumentException: null
	at net.minecraft.client.renderer.texture.atlas.sources.PalettedPermutations.loadPaletteEntryFromImage(PalettedPermutations.java:115) ~[forge-1.20.1-47.3.0_mapped_parchment_2023.09.03-1.20.1-recomp.jar%23191!/:?]
	at net.minecraft.client.renderer.texture.atlas.sources.PalettedPermutations.lambda$run$5(PalettedPermutations.java:62) ~[forge-1.20.1-47.3.0_mapped_parchment_2023.09.03-1.20.1-recomp.jar%23191!/:?]
	at com.google.common.base.Suppliers$NonSerializableMemoizingSupplier.get(Suppliers.java:183) ~[guava-31.1-jre.jar%23106!/:?]
	at net.minecraft.client.renderer.texture.atlas.sources.PalettedPermutations$PalettedSpriteSupplier.get(PalettedPermutations.java:139) ~[forge-1.20.1-47.3.0_mapped_parchment_2023.09.03-1.20.1-recomp.jar%23191!/:?]
	at net.minecraft.client.renderer.texture.atlas.sources.PalettedPermutations$PalettedSpriteSupplier.get(PalettedPermutations.java:133) ~[forge-1.20.1-47.3.0_mapped_parchment_2023.09.03-1.20.1-recomp.jar%23191!/:?]
	at java.util.concurrent.CompletableFuture$AsyncSupply.run(CompletableFuture.java:1768) ~[?:?]
	at java.util.concurrent.CompletableFuture$AsyncSupply.exec(CompletableFuture.java:1760) ~[?:?]
	at java.util.concurrent.ForkJoinTask.doExec(ForkJoinTask.java:373) ~[?:?]
	at java.util.concurrent.ForkJoinPool$WorkQueue.topLevelExec(ForkJoinPool.java:1182) ~[?:?]
	at java.util.concurrent.ForkJoinPool.scan(ForkJoinPool.java:1655) ~[?:?]
	at java.util.concurrent.ForkJoinPool.runWorker(ForkJoinPool.java:1622) ~[?:?]
	at java.util.concurrent.ForkJoinWorkerThread.run(ForkJoinWorkerThread.java:165) ~[?:?]
[23jul.2025 13:33:37.769] [Worker-Main-2/ERROR] [net.minecraft.client.renderer.texture.atlas.sources.PalettedPermutations/]: Failed to load palette image enhanced_playthrough:trims/color_palettes/sapphire
[23jul.2025 13:33:37.770] [Worker-Main-2/ERROR] [net.minecraft.client.renderer.texture.atlas.sources.PalettedPermutations/]: unable to apply palette to minecraft:trims/models/armor/rib_leggings_alexandrite
java.lang.IllegalArgumentException: null
	at net.minecraft.client.renderer.texture.atlas.sources.PalettedPermutations.loadPaletteEntryFromImage(PalettedPermutations.java:115) ~[forge-1.20.1-47.3.0_mapped_parchment_2023.09.03-1.20.1-recomp.jar%23191!/:?]
	at net.minecraft.client.renderer.texture.atlas.sources.PalettedPermutations.lambda$run$5(PalettedPermutations.java:62) ~[forge-1.20.1-47.3.0_mapped_parchment_2023.09.03-1.20.1-recomp.jar%23191!/:?]
	at com.google.common.base.Suppliers$NonSerializableMemoizingSupplier.get(Suppliers.java:183) ~[guava-31.1-jre.jar%23106!/:?]
	at net.minecraft.client.renderer.texture.atlas.sources.PalettedPermutations$PalettedSpriteSupplier.get(PalettedPermutations.java:139) ~[forge-1.20.1-47.3.0_mapped_parchment_2023.09.03-1.20.1-recomp.jar%23191!/:?]
	at net.minecraft.client.renderer.texture.atlas.sources.PalettedPermutations$PalettedSpriteSupplier.get(PalettedPermutations.java:133) ~[forge-1.20.1-47.3.0_mapped_parchment_2023.09.03-1.20.1-recomp.jar%23191!/:?]
	at java.util.concurrent.CompletableFuture$AsyncSupply.run(CompletableFuture.java:1768) ~[?:?]
	at java.util.concurrent.CompletableFuture$AsyncSupply.exec(CompletableFuture.java:1760) ~[?:?]
	at java.util.concurrent.ForkJoinTask.doExec(ForkJoinTask.java:373) ~[?:?]
	at java.util.concurrent.ForkJoinPool$WorkQueue.topLevelExec(ForkJoinPool.java:1182) ~[?:?]
	at java.util.concurrent.ForkJoinPool.scan(ForkJoinPool.java:1655) ~[?:?]
	at java.util.concurrent.ForkJoinPool.runWorker(ForkJoinPool.java:1622) ~[?:?]
	at java.util.concurrent.ForkJoinWorkerThread.run(ForkJoinWorkerThread.java:165) ~[?:?]
[23jul.2025 13:33:37.784] [Worker-Main-2/ERROR] [net.minecraft.client.renderer.texture.atlas.sources.PalettedPermutations/]: Failed to load palette image enhanced_playthrough:trims/color_palettes/sapphire
[23jul.2025 13:33:37.784] [Worker-Main-2/ERROR] [net.minecraft.client.renderer.texture.atlas.sources.PalettedPermutations/]: unable to apply palette to minecraft:trims/models/armor/wild_alexandrite
java.lang.IllegalArgumentException: null
	at net.minecraft.client.renderer.texture.atlas.sources.PalettedPermutations.loadPaletteEntryFromImage(PalettedPermutations.java:115) ~[forge-1.20.1-47.3.0_mapped_parchment_2023.09.03-1.20.1-recomp.jar%23191!/:?]
	at net.minecraft.client.renderer.texture.atlas.sources.PalettedPermutations.lambda$run$5(PalettedPermutations.java:62) ~[forge-1.20.1-47.3.0_mapped_parchment_2023.09.03-1.20.1-recomp.jar%23191!/:?]
	at com.google.common.base.Suppliers$NonSerializableMemoizingSupplier.get(Suppliers.java:183) ~[guava-31.1-jre.jar%23106!/:?]
	at net.minecraft.client.renderer.texture.atlas.sources.PalettedPermutations$PalettedSpriteSupplier.get(PalettedPermutations.java:139) ~[forge-1.20.1-47.3.0_mapped_parchment_2023.09.03-1.20.1-recomp.jar%23191!/:?]
	at net.minecraft.client.renderer.texture.atlas.sources.PalettedPermutations$PalettedSpriteSupplier.get(PalettedPermutations.java:133) ~[forge-1.20.1-47.3.0_mapped_parchment_2023.09.03-1.20.1-recomp.jar%23191!/:?]
	at java.util.concurrent.CompletableFuture$AsyncSupply.run(CompletableFuture.java:1768) ~[?:?]
	at java.util.concurrent.CompletableFuture$AsyncSupply.exec(CompletableFuture.java:1760) ~[?:?]
	at java.util.concurrent.ForkJoinTask.doExec(ForkJoinTask.java:373) ~[?:?]
	at java.util.concurrent.ForkJoinPool$WorkQueue.topLevelExec(ForkJoinPool.java:1182) ~[?:?]
	at java.util.concurrent.ForkJoinPool.scan(ForkJoinPool.java:1655) ~[?:?]
	at java.util.concurrent.ForkJoinPool.runWorker(ForkJoinPool.java:1622) ~[?:?]
	at java.util.concurrent.ForkJoinWorkerThread.run(ForkJoinWorkerThread.java:165) ~[?:?]
[23jul.2025 13:33:37.789] [Worker-Main-2/ERROR] [net.minecraft.client.renderer.texture.atlas.sources.PalettedPermutations/]: Failed to load palette image enhanced_playthrough:trims/color_palettes/sapphire
[23jul.2025 13:33:37.789] [Worker-Main-2/ERROR] [net.minecraft.client.renderer.texture.atlas.sources.PalettedPermutations/]: unable to apply palette to minecraft:trims/models/armor/wayfinder_leggings_alexandrite
java.lang.IllegalArgumentException: null
	at net.minecraft.client.renderer.texture.atlas.sources.PalettedPermutations.loadPaletteEntryFromImage(PalettedPermutations.java:115) ~[forge-1.20.1-47.3.0_mapped_parchment_2023.09.03-1.20.1-recomp.jar%23191!/:?]
	at net.minecraft.client.renderer.texture.atlas.sources.PalettedPermutations.lambda$run$5(PalettedPermutations.java:62) ~[forge-1.20.1-47.3.0_mapped_parchment_2023.09.03-1.20.1-recomp.jar%23191!/:?]
	at com.google.common.base.Suppliers$NonSerializableMemoizingSupplier.get(Suppliers.java:183) ~[guava-31.1-jre.jar%23106!/:?]
	at net.minecraft.client.renderer.texture.atlas.sources.PalettedPermutations$PalettedSpriteSupplier.get(PalettedPermutations.java:139) ~[forge-1.20.1-47.3.0_mapped_parchment_2023.09.03-1.20.1-recomp.jar%23191!/:?]
	at net.minecraft.client.renderer.texture.atlas.sources.PalettedPermutations$PalettedSpriteSupplier.get(PalettedPermutations.java:133) ~[forge-1.20.1-47.3.0_mapped_parchment_2023.09.03-1.20.1-recomp.jar%23191!/:?]
	at java.util.concurrent.CompletableFuture$AsyncSupply.run(CompletableFuture.java:1768) ~[?:?]
	at java.util.concurrent.CompletableFuture$AsyncSupply.exec(CompletableFuture.java:1760) ~[?:?]
	at java.util.concurrent.ForkJoinTask.doExec(ForkJoinTask.java:373) ~[?:?]
	at java.util.concurrent.ForkJoinPool$WorkQueue.topLevelExec(ForkJoinPool.java:1182) ~[?:?]
	at java.util.concurrent.ForkJoinPool.scan(ForkJoinPool.java:1655) ~[?:?]
	at java.util.concurrent.ForkJoinPool.runWorker(ForkJoinPool.java:1622) ~[?:?]
	at java.util.concurrent.ForkJoinWorkerThread.run(ForkJoinWorkerThread.java:165) ~[?:?]
[23jul.2025 13:33:37.792] [Worker-Main-2/ERROR] [net.minecraft.client.renderer.texture.atlas.sources.PalettedPermutations/]: Failed to load palette image enhanced_playthrough:trims/color_palettes/sapphire
[23jul.2025 13:33:37.792] [Worker-Main-2/ERROR] [net.minecraft.client.renderer.texture.atlas.sources.PalettedPermutations/]: unable to apply palette to minecraft:trims/models/armor/host_alexandrite
java.lang.IllegalArgumentException: null
	at net.minecraft.client.renderer.texture.atlas.sources.PalettedPermutations.loadPaletteEntryFromImage(PalettedPermutations.java:115) ~[forge-1.20.1-47.3.0_mapped_parchment_2023.09.03-1.20.1-recomp.jar%23191!/:?]
	at net.minecraft.client.renderer.texture.atlas.sources.PalettedPermutations.lambda$run$5(PalettedPermutations.java:62) ~[forge-1.20.1-47.3.0_mapped_parchment_2023.09.03-1.20.1-recomp.jar%23191!/:?]
	at com.google.common.base.Suppliers$NonSerializableMemoizingSupplier.get(Suppliers.java:183) ~[guava-31.1-jre.jar%23106!/:?]
	at net.minecraft.client.renderer.texture.atlas.sources.PalettedPermutations$PalettedSpriteSupplier.get(PalettedPermutations.java:139) ~[forge-1.20.1-47.3.0_mapped_parchment_2023.09.03-1.20.1-recomp.jar%23191!/:?]
	at net.minecraft.client.renderer.texture.atlas.sources.PalettedPermutations$PalettedSpriteSupplier.get(PalettedPermutations.java:133) ~[forge-1.20.1-47.3.0_mapped_parchment_2023.09.03-1.20.1-recomp.jar%23191!/:?]
	at java.util.concurrent.CompletableFuture$AsyncSupply.run(CompletableFuture.java:1768) ~[?:?]
	at java.util.concurrent.CompletableFuture$AsyncSupply.exec(CompletableFuture.java:1760) ~[?:?]
	at java.util.concurrent.ForkJoinTask.doExec(ForkJoinTask.java:373) ~[?:?]
	at java.util.concurrent.ForkJoinPool$WorkQueue.topLevelExec(ForkJoinPool.java:1182) ~[?:?]
	at java.util.concurrent.ForkJoinPool.scan(ForkJoinPool.java:1655) ~[?:?]
	at java.util.concurrent.ForkJoinPool.runWorker(ForkJoinPool.java:1622) ~[?:?]
	at java.util.concurrent.ForkJoinWorkerThread.run(ForkJoinWorkerThread.java:165) ~[?:?]
[23jul.2025 13:33:37.800] [Worker-Main-2/ERROR] [net.minecraft.client.renderer.texture.atlas.sources.PalettedPermutations/]: Failed to load palette image enhanced_playthrough:trims/color_palettes/sapphire
[23jul.2025 13:33:37.801] [Worker-Main-2/ERROR] [net.minecraft.client.renderer.texture.atlas.sources.PalettedPermutations/]: unable to apply palette to minecraft:trims/models/armor/wild_leggings_alexandrite
java.lang.IllegalArgumentException: null
	at net.minecraft.client.renderer.texture.atlas.sources.PalettedPermutations.loadPaletteEntryFromImage(PalettedPermutations.java:115) ~[forge-1.20.1-47.3.0_mapped_parchment_2023.09.03-1.20.1-recomp.jar%23191!/:?]
	at net.minecraft.client.renderer.texture.atlas.sources.PalettedPermutations.lambda$run$5(PalettedPermutations.java:62) ~[forge-1.20.1-47.3.0_mapped_parchment_2023.09.03-1.20.1-recomp.jar%23191!/:?]
	at com.google.common.base.Suppliers$NonSerializableMemoizingSupplier.get(Suppliers.java:183) ~[guava-31.1-jre.jar%23106!/:?]
	at net.minecraft.client.renderer.texture.atlas.sources.PalettedPermutations$PalettedSpriteSupplier.get(PalettedPermutations.java:139) ~[forge-1.20.1-47.3.0_mapped_parchment_2023.09.03-1.20.1-recomp.jar%23191!/:?]
	at net.minecraft.client.renderer.texture.atlas.sources.PalettedPermutations$PalettedSpriteSupplier.get(PalettedPermutations.java:133) ~[forge-1.20.1-47.3.0_mapped_parchment_2023.09.03-1.20.1-recomp.jar%23191!/:?]
	at java.util.concurrent.CompletableFuture$AsyncSupply.run(CompletableFuture.java:1768) ~[?:?]
	at java.util.concurrent.CompletableFuture$AsyncSupply.exec(CompletableFuture.java:1760) ~[?:?]
	at java.util.concurrent.ForkJoinTask.doExec(ForkJoinTask.java:373) ~[?:?]
	at java.util.concurrent.ForkJoinPool$WorkQueue.topLevelExec(ForkJoinPool.java:1182) ~[?:?]
	at java.util.concurrent.ForkJoinPool.scan(ForkJoinPool.java:1655) ~[?:?]
	at java.util.concurrent.ForkJoinPool.runWorker(ForkJoinPool.java:1622) ~[?:?]
	at java.util.concurrent.ForkJoinWorkerThread.run(ForkJoinWorkerThread.java:165) ~[?:?]
[23jul.2025 13:33:37.805] [Worker-Main-2/ERROR] [net.minecraft.client.renderer.texture.atlas.sources.PalettedPermutations/]: Failed to load palette image enhanced_playthrough:trims/color_palettes/sapphire
[23jul.2025 13:33:37.806] [Worker-Main-2/ERROR] [net.minecraft.client.renderer.texture.atlas.sources.PalettedPermutations/]: unable to apply palette to minecraft:trims/models/armor/ward_alexandrite
java.lang.IllegalArgumentException: null
	at net.minecraft.client.renderer.texture.atlas.sources.PalettedPermutations.loadPaletteEntryFromImage(PalettedPermutations.java:115) ~[forge-1.20.1-47.3.0_mapped_parchment_2023.09.03-1.20.1-recomp.jar%23191!/:?]
	at net.minecraft.client.renderer.texture.atlas.sources.PalettedPermutations.lambda$run$5(PalettedPermutations.java:62) ~[forge-1.20.1-47.3.0_mapped_parchment_2023.09.03-1.20.1-recomp.jar%23191!/:?]
	at com.google.common.base.Suppliers$NonSerializableMemoizingSupplier.get(Suppliers.java:183) ~[guava-31.1-jre.jar%23106!/:?]
	at net.minecraft.client.renderer.texture.atlas.sources.PalettedPermutations$PalettedSpriteSupplier.get(PalettedPermutations.java:139) ~[forge-1.20.1-47.3.0_mapped_parchment_2023.09.03-1.20.1-recomp.jar%23191!/:?]
	at net.minecraft.client.renderer.texture.atlas.sources.PalettedPermutations$PalettedSpriteSupplier.get(PalettedPermutations.java:133) ~[forge-1.20.1-47.3.0_mapped_parchment_2023.09.03-1.20.1-recomp.jar%23191!/:?]
	at java.util.concurrent.CompletableFuture$AsyncSupply.run(CompletableFuture.java:1768) ~[?:?]
	at java.util.concurrent.CompletableFuture$AsyncSupply.exec(CompletableFuture.java:1760) ~[?:?]
	at java.util.concurrent.ForkJoinTask.doExec(ForkJoinTask.java:373) ~[?:?]
	at java.util.concurrent.ForkJoinPool$WorkQueue.topLevelExec(ForkJoinPool.java:1182) ~[?:?]
	at java.util.concurrent.ForkJoinPool.scan(ForkJoinPool.java:1655) ~[?:?]
	at java.util.concurrent.ForkJoinPool.runWorker(ForkJoinPool.java:1622) ~[?:?]
	at java.util.concurrent.ForkJoinWorkerThread.run(ForkJoinWorkerThread.java:165) ~[?:?]
[23jul.2025 13:33:37.811] [Worker-Main-2/ERROR] [net.minecraft.client.renderer.texture.atlas.sources.PalettedPermutations/]: Failed to load palette image enhanced_playthrough:trims/color_palettes/sapphire
[23jul.2025 13:33:37.811] [Worker-Main-2/ERROR] [net.minecraft.client.renderer.texture.atlas.sources.PalettedPermutations/]: unable to apply palette to minecraft:trims/models/armor/wayfinder_alexandrite
java.lang.IllegalArgumentException: null
	at net.minecraft.client.renderer.texture.atlas.sources.PalettedPermutations.loadPaletteEntryFromImage(PalettedPermutations.java:115) ~[forge-1.20.1-47.3.0_mapped_parchment_2023.09.03-1.20.1-recomp.jar%23191!/:?]
	at net.minecraft.client.renderer.texture.atlas.sources.PalettedPermutations.lambda$run$5(PalettedPermutations.java:62) ~[forge-1.20.1-47.3.0_mapped_parchment_2023.09.03-1.20.1-recomp.jar%23191!/:?]
	at com.google.common.base.Suppliers$NonSerializableMemoizingSupplier.get(Suppliers.java:183) ~[guava-31.1-jre.jar%23106!/:?]
	at net.minecraft.client.renderer.texture.atlas.sources.PalettedPermutations$PalettedSpriteSupplier.get(PalettedPermutations.java:139) ~[forge-1.20.1-47.3.0_mapped_parchment_2023.09.03-1.20.1-recomp.jar%23191!/:?]
	at net.minecraft.client.renderer.texture.atlas.sources.PalettedPermutations$PalettedSpriteSupplier.get(PalettedPermutations.java:133) ~[forge-1.20.1-47.3.0_mapped_parchment_2023.09.03-1.20.1-recomp.jar%23191!/:?]
	at java.util.concurrent.CompletableFuture$AsyncSupply.run(CompletableFuture.java:1768) ~[?:?]
	at java.util.concurrent.CompletableFuture$AsyncSupply.exec(CompletableFuture.java:1760) ~[?:?]
	at java.util.concurrent.ForkJoinTask.doExec(ForkJoinTask.java:373) ~[?:?]
	at java.util.concurrent.ForkJoinPool$WorkQueue.topLevelExec(ForkJoinPool.java:1182) ~[?:?]
	at java.util.concurrent.ForkJoinPool.scan(ForkJoinPool.java:1655) ~[?:?]
	at java.util.concurrent.ForkJoinPool.runWorker(ForkJoinPool.java:1622) ~[?:?]
	at java.util.concurrent.ForkJoinWorkerThread.run(ForkJoinWorkerThread.java:165) ~[?:?]
[23jul.2025 13:33:37.815] [Worker-Main-2/ERROR] [net.minecraft.client.renderer.texture.atlas.sources.PalettedPermutations/]: Failed to load palette image enhanced_playthrough:trims/color_palettes/sapphire
[23jul.2025 13:33:37.815] [Worker-Main-2/ERROR] [net.minecraft.client.renderer.texture.atlas.sources.PalettedPermutations/]: unable to apply palette to minecraft:trims/models/armor/raiser_leggings_alexandrite
java.lang.IllegalArgumentException: null
	at net.minecraft.client.renderer.texture.atlas.sources.PalettedPermutations.loadPaletteEntryFromImage(PalettedPermutations.java:115) ~[forge-1.20.1-47.3.0_mapped_parchment_2023.09.03-1.20.1-recomp.jar%23191!/:?]
	at net.minecraft.client.renderer.texture.atlas.sources.PalettedPermutations.lambda$run$5(PalettedPermutations.java:62) ~[forge-1.20.1-47.3.0_mapped_parchment_2023.09.03-1.20.1-recomp.jar%23191!/:?]
	at com.google.common.base.Suppliers$NonSerializableMemoizingSupplier.get(Suppliers.java:183) ~[guava-31.1-jre.jar%23106!/:?]
	at net.minecraft.client.renderer.texture.atlas.sources.PalettedPermutations$PalettedSpriteSupplier.get(PalettedPermutations.java:139) ~[forge-1.20.1-47.3.0_mapped_parchment_2023.09.03-1.20.1-recomp.jar%23191!/:?]
	at net.minecraft.client.renderer.texture.atlas.sources.PalettedPermutations$PalettedSpriteSupplier.get(PalettedPermutations.java:133) ~[forge-1.20.1-47.3.0_mapped_parchment_2023.09.03-1.20.1-recomp.jar%23191!/:?]
	at java.util.concurrent.CompletableFuture$AsyncSupply.run(CompletableFuture.java:1768) ~[?:?]
	at java.util.concurrent.CompletableFuture$AsyncSupply.exec(CompletableFuture.java:1760) ~[?:?]
	at java.util.concurrent.ForkJoinTask.doExec(ForkJoinTask.java:373) ~[?:?]
	at java.util.concurrent.ForkJoinPool$WorkQueue.topLevelExec(ForkJoinPool.java:1182) ~[?:?]
	at java.util.concurrent.ForkJoinPool.scan(ForkJoinPool.java:1655) ~[?:?]
	at java.util.concurrent.ForkJoinPool.runWorker(ForkJoinPool.java:1622) ~[?:?]
	at java.util.concurrent.ForkJoinWorkerThread.run(ForkJoinWorkerThread.java:165) ~[?:?]
[23jul.2025 13:33:37.819] [Worker-Main-2/ERROR] [net.minecraft.client.renderer.texture.atlas.sources.PalettedPermutations/]: Failed to load palette image enhanced_playthrough:trims/color_palettes/sapphire
[23jul.2025 13:33:37.819] [Worker-Main-2/ERROR] [net.minecraft.client.renderer.texture.atlas.sources.PalettedPermutations/]: unable to apply palette to minecraft:trims/models/armor/dune_alexandrite
java.lang.IllegalArgumentException: null
	at net.minecraft.client.renderer.texture.atlas.sources.PalettedPermutations.loadPaletteEntryFromImage(PalettedPermutations.java:115) ~[forge-1.20.1-47.3.0_mapped_parchment_2023.09.03-1.20.1-recomp.jar%23191!/:?]
	at net.minecraft.client.renderer.texture.atlas.sources.PalettedPermutations.lambda$run$5(PalettedPermutations.java:62) ~[forge-1.20.1-47.3.0_mapped_parchment_2023.09.03-1.20.1-recomp.jar%23191!/:?]
	at com.google.common.base.Suppliers$NonSerializableMemoizingSupplier.get(Suppliers.java:183) ~[guava-31.1-jre.jar%23106!/:?]
	at net.minecraft.client.renderer.texture.atlas.sources.PalettedPermutations$PalettedSpriteSupplier.get(PalettedPermutations.java:139) ~[forge-1.20.1-47.3.0_mapped_parchment_2023.09.03-1.20.1-recomp.jar%23191!/:?]
	at net.minecraft.client.renderer.texture.atlas.sources.PalettedPermutations$PalettedSpriteSupplier.get(PalettedPermutations.java:133) ~[forge-1.20.1-47.3.0_mapped_parchment_2023.09.03-1.20.1-recomp.jar%23191!/:?]
	at java.util.concurrent.CompletableFuture$AsyncSupply.run(CompletableFuture.java:1768) ~[?:?]
	at java.util.concurrent.CompletableFuture$AsyncSupply.exec(CompletableFuture.java:1760) ~[?:?]
	at java.util.concurrent.ForkJoinTask.doExec(ForkJoinTask.java:373) ~[?:?]
	at java.util.concurrent.ForkJoinPool$WorkQueue.topLevelExec(ForkJoinPool.java:1182) ~[?:?]
	at java.util.concurrent.ForkJoinPool.scan(ForkJoinPool.java:1655) ~[?:?]
	at java.util.concurrent.ForkJoinPool.runWorker(ForkJoinPool.java:1622) ~[?:?]
	at java.util.concurrent.ForkJoinWorkerThread.run(ForkJoinWorkerThread.java:165) ~[?:?]
[23jul.2025 13:33:37.821] [Worker-Main-2/ERROR] [net.minecraft.client.renderer.texture.atlas.sources.PalettedPermutations/]: Failed to load palette image enhanced_playthrough:trims/color_palettes/sapphire
[23jul.2025 13:33:37.821] [Worker-Main-2/ERROR] [net.minecraft.client.renderer.texture.atlas.sources.PalettedPermutations/]: unable to apply palette to minecraft:trims/models/armor/tide_alexandrite
java.lang.IllegalArgumentException: null
	at net.minecraft.client.renderer.texture.atlas.sources.PalettedPermutations.loadPaletteEntryFromImage(PalettedPermutations.java:115) ~[forge-1.20.1-47.3.0_mapped_parchment_2023.09.03-1.20.1-recomp.jar%23191!/:?]
	at net.minecraft.client.renderer.texture.atlas.sources.PalettedPermutations.lambda$run$5(PalettedPermutations.java:62) ~[forge-1.20.1-47.3.0_mapped_parchment_2023.09.03-1.20.1-recomp.jar%23191!/:?]
	at com.google.common.base.Suppliers$NonSerializableMemoizingSupplier.get(Suppliers.java:183) ~[guava-31.1-jre.jar%23106!/:?]
	at net.minecraft.client.renderer.texture.atlas.sources.PalettedPermutations$PalettedSpriteSupplier.get(PalettedPermutations.java:139) ~[forge-1.20.1-47.3.0_mapped_parchment_2023.09.03-1.20.1-recomp.jar%23191!/:?]
	at net.minecraft.client.renderer.texture.atlas.sources.PalettedPermutations$PalettedSpriteSupplier.get(PalettedPermutations.java:133) ~[forge-1.20.1-47.3.0_mapped_parchment_2023.09.03-1.20.1-recomp.jar%23191!/:?]
	at java.util.concurrent.CompletableFuture$AsyncSupply.run(CompletableFuture.java:1768) ~[?:?]
	at java.util.concurrent.CompletableFuture$AsyncSupply.exec(CompletableFuture.java:1760) ~[?:?]
	at java.util.concurrent.ForkJoinTask.doExec(ForkJoinTask.java:373) ~[?:?]
	at java.util.concurrent.ForkJoinPool$WorkQueue.topLevelExec(ForkJoinPool.java:1182) ~[?:?]
	at java.util.concurrent.ForkJoinPool.scan(ForkJoinPool.java:1655) ~[?:?]
	at java.util.concurrent.ForkJoinPool.runWorker(ForkJoinPool.java:1622) ~[?:?]
	at java.util.concurrent.ForkJoinWorkerThread.run(ForkJoinWorkerThread.java:165) ~[?:?]
[23jul.2025 13:33:37.822] [Worker-Main-2/ERROR] [net.minecraft.client.renderer.texture.atlas.sources.PalettedPermutations/]: Failed to load palette image enhanced_playthrough:trims/color_palettes/sapphire
[23jul.2025 13:33:37.823] [Worker-Main-2/ERROR] [net.minecraft.client.renderer.texture.atlas.sources.PalettedPermutations/]: unable to apply palette to minecraft:trims/models/armor/vex_alexandrite
java.lang.IllegalArgumentException: null
	at net.minecraft.client.renderer.texture.atlas.sources.PalettedPermutations.loadPaletteEntryFromImage(PalettedPermutations.java:115) ~[forge-1.20.1-47.3.0_mapped_parchment_2023.09.03-1.20.1-recomp.jar%23191!/:?]
	at net.minecraft.client.renderer.texture.atlas.sources.PalettedPermutations.lambda$run$5(PalettedPermutations.java:62) ~[forge-1.20.1-47.3.0_mapped_parchment_2023.09.03-1.20.1-recomp.jar%23191!/:?]
	at com.google.common.base.Suppliers$NonSerializableMemoizingSupplier.get(Suppliers.java:183) ~[guava-31.1-jre.jar%23106!/:?]
	at net.minecraft.client.renderer.texture.atlas.sources.PalettedPermutations$PalettedSpriteSupplier.get(PalettedPermutations.java:139) ~[forge-1.20.1-47.3.0_mapped_parchment_2023.09.03-1.20.1-recomp.jar%23191!/:?]
	at net.minecraft.client.renderer.texture.atlas.sources.PalettedPermutations$PalettedSpriteSupplier.get(PalettedPermutations.java:133) ~[forge-1.20.1-47.3.0_mapped_parchment_2023.09.03-1.20.1-recomp.jar%23191!/:?]
	at java.util.concurrent.CompletableFuture$AsyncSupply.run(CompletableFuture.java:1768) ~[?:?]
	at java.util.concurrent.CompletableFuture$AsyncSupply.exec(CompletableFuture.java:1760) ~[?:?]
	at java.util.concurrent.ForkJoinTask.doExec(ForkJoinTask.java:373) ~[?:?]
	at java.util.concurrent.ForkJoinPool$WorkQueue.topLevelExec(ForkJoinPool.java:1182) ~[?:?]
	at java.util.concurrent.ForkJoinPool.scan(ForkJoinPool.java:1655) ~[?:?]
	at java.util.concurrent.ForkJoinPool.runWorker(ForkJoinPool.java:1622) ~[?:?]
	at java.util.concurrent.ForkJoinWorkerThread.run(ForkJoinWorkerThread.java:165) ~[?:?]
[23jul.2025 13:33:37.824] [Worker-Main-2/ERROR] [net.minecraft.client.renderer.texture.atlas.sources.PalettedPermutations/]: Failed to load palette image enhanced_playthrough:trims/color_palettes/sapphire
[23jul.2025 13:33:37.824] [Worker-Main-2/ERROR] [net.minecraft.client.renderer.texture.atlas.sources.PalettedPermutations/]: unable to apply palette to minecraft:trims/models/armor/spire_alexandrite
java.lang.IllegalArgumentException: null
	at net.minecraft.client.renderer.texture.atlas.sources.PalettedPermutations.loadPaletteEntryFromImage(PalettedPermutations.java:115) ~[forge-1.20.1-47.3.0_mapped_parchment_2023.09.03-1.20.1-recomp.jar%23191!/:?]
	at net.minecraft.client.renderer.texture.atlas.sources.PalettedPermutations.lambda$run$5(PalettedPermutations.java:62) ~[forge-1.20.1-47.3.0_mapped_parchment_2023.09.03-1.20.1-recomp.jar%23191!/:?]
	at com.google.common.base.Suppliers$NonSerializableMemoizingSupplier.get(Suppliers.java:183) ~[guava-31.1-jre.jar%23106!/:?]
	at net.minecraft.client.renderer.texture.atlas.sources.PalettedPermutations$PalettedSpriteSupplier.get(PalettedPermutations.java:139) ~[forge-1.20.1-47.3.0_mapped_parchment_2023.09.03-1.20.1-recomp.jar%23191!/:?]
	at net.minecraft.client.renderer.texture.atlas.sources.PalettedPermutations$PalettedSpriteSupplier.get(PalettedPermutations.java:133) ~[forge-1.20.1-47.3.0_mapped_parchment_2023.09.03-1.20.1-recomp.jar%23191!/:?]
	at java.util.concurrent.CompletableFuture$AsyncSupply.run(CompletableFuture.java:1768) ~[?:?]
	at java.util.concurrent.CompletableFuture$AsyncSupply.exec(CompletableFuture.java:1760) ~[?:?]
	at java.util.concurrent.ForkJoinTask.doExec(ForkJoinTask.java:373) ~[?:?]
	at java.util.concurrent.ForkJoinPool$WorkQueue.topLevelExec(ForkJoinPool.java:1182) ~[?:?]
	at java.util.concurrent.ForkJoinPool.scan(ForkJoinPool.java:1655) ~[?:?]
	at java.util.concurrent.ForkJoinPool.runWorker(ForkJoinPool.java:1622) ~[?:?]
	at java.util.concurrent.ForkJoinWorkerThread.run(ForkJoinWorkerThread.java:165) ~[?:?]
[23jul.2025 13:33:37.827] [Worker-Main-2/ERROR] [net.minecraft.client.renderer.texture.atlas.sources.PalettedPermutations/]: Failed to load palette image enhanced_playthrough:trims/color_palettes/sapphire
[23jul.2025 13:33:37.827] [Worker-Main-2/ERROR] [net.minecraft.client.renderer.texture.atlas.sources.PalettedPermutations/]: unable to apply palette to minecraft:trims/models/armor/vex_leggings_alexandrite
java.lang.IllegalArgumentException: null
	at net.minecraft.client.renderer.texture.atlas.sources.PalettedPermutations.loadPaletteEntryFromImage(PalettedPermutations.java:115) ~[forge-1.20.1-47.3.0_mapped_parchment_2023.09.03-1.20.1-recomp.jar%23191!/:?]
	at net.minecraft.client.renderer.texture.atlas.sources.PalettedPermutations.lambda$run$5(PalettedPermutations.java:62) ~[forge-1.20.1-47.3.0_mapped_parchment_2023.09.03-1.20.1-recomp.jar%23191!/:?]
	at com.google.common.base.Suppliers$NonSerializableMemoizingSupplier.get(Suppliers.java:183) ~[guava-31.1-jre.jar%23106!/:?]
	at net.minecraft.client.renderer.texture.atlas.sources.PalettedPermutations$PalettedSpriteSupplier.get(PalettedPermutations.java:139) ~[forge-1.20.1-47.3.0_mapped_parchment_2023.09.03-1.20.1-recomp.jar%23191!/:?]
	at net.minecraft.client.renderer.texture.atlas.sources.PalettedPermutations$PalettedSpriteSupplier.get(PalettedPermutations.java:133) ~[forge-1.20.1-47.3.0_mapped_parchment_2023.09.03-1.20.1-recomp.jar%23191!/:?]
	at java.util.concurrent.CompletableFuture$AsyncSupply.run(CompletableFuture.java:1768) ~[?:?]
	at java.util.concurrent.CompletableFuture$AsyncSupply.exec(CompletableFuture.java:1760) ~[?:?]
	at java.util.concurrent.ForkJoinTask.doExec(ForkJoinTask.java:373) ~[?:?]
	at java.util.concurrent.ForkJoinPool$WorkQueue.topLevelExec(ForkJoinPool.java:1182) ~[?:?]
	at java.util.concurrent.ForkJoinPool.scan(ForkJoinPool.java:1655) ~[?:?]
	at java.util.concurrent.ForkJoinPool.runWorker(ForkJoinPool.java:1622) ~[?:?]
	at java.util.concurrent.ForkJoinWorkerThread.run(ForkJoinWorkerThread.java:165) ~[?:?]
[23jul.2025 13:33:37.831] [Worker-Main-2/ERROR] [net.minecraft.client.renderer.texture.atlas.sources.PalettedPermutations/]: Failed to load palette image enhanced_playthrough:trims/color_palettes/sapphire
[23jul.2025 13:33:37.831] [Worker-Main-2/ERROR] [net.minecraft.client.renderer.texture.atlas.sources.PalettedPermutations/]: unable to apply palette to minecraft:trims/models/armor/rib_alexandrite
java.lang.IllegalArgumentException: null
	at net.minecraft.client.renderer.texture.atlas.sources.PalettedPermutations.loadPaletteEntryFromImage(PalettedPermutations.java:115) ~[forge-1.20.1-47.3.0_mapped_parchment_2023.09.03-1.20.1-recomp.jar%23191!/:?]
	at net.minecraft.client.renderer.texture.atlas.sources.PalettedPermutations.lambda$run$5(PalettedPermutations.java:62) ~[forge-1.20.1-47.3.0_mapped_parchment_2023.09.03-1.20.1-recomp.jar%23191!/:?]
	at com.google.common.base.Suppliers$NonSerializableMemoizingSupplier.get(Suppliers.java:183) ~[guava-31.1-jre.jar%23106!/:?]
	at net.minecraft.client.renderer.texture.atlas.sources.PalettedPermutations$PalettedSpriteSupplier.get(PalettedPermutations.java:139) ~[forge-1.20.1-47.3.0_mapped_parchment_2023.09.03-1.20.1-recomp.jar%23191!/:?]
	at net.minecraft.client.renderer.texture.atlas.sources.PalettedPermutations$PalettedSpriteSupplier.get(PalettedPermutations.java:133) ~[forge-1.20.1-47.3.0_mapped_parchment_2023.09.03-1.20.1-recomp.jar%23191!/:?]
	at java.util.concurrent.CompletableFuture$AsyncSupply.run(CompletableFuture.java:1768) ~[?:?]
	at java.util.concurrent.CompletableFuture$AsyncSupply.exec(CompletableFuture.java:1760) ~[?:?]
	at java.util.concurrent.ForkJoinTask.doExec(ForkJoinTask.java:373) ~[?:?]
	at java.util.concurrent.ForkJoinPool$WorkQueue.topLevelExec(ForkJoinPool.java:1182) ~[?:?]
	at java.util.concurrent.ForkJoinPool.scan(ForkJoinPool.java:1655) ~[?:?]
	at java.util.concurrent.ForkJoinPool.runWorker(ForkJoinPool.java:1622) ~[?:?]
	at java.util.concurrent.ForkJoinWorkerThread.run(ForkJoinWorkerThread.java:165) ~[?:?]
[23jul.2025 13:33:37.834] [Worker-Main-2/ERROR] [net.minecraft.client.renderer.texture.atlas.sources.PalettedPermutations/]: Failed to load palette image enhanced_playthrough:trims/color_palettes/sapphire
[23jul.2025 13:33:37.835] [Worker-Main-2/ERROR] [net.minecraft.client.renderer.texture.atlas.sources.PalettedPermutations/]: unable to apply palette to minecraft:trims/models/armor/dune_leggings_alexandrite
java.lang.IllegalArgumentException: null
	at net.minecraft.client.renderer.texture.atlas.sources.PalettedPermutations.loadPaletteEntryFromImage(PalettedPermutations.java:115) ~[forge-1.20.1-47.3.0_mapped_parchment_2023.09.03-1.20.1-recomp.jar%23191!/:?]
	at net.minecraft.client.renderer.texture.atlas.sources.PalettedPermutations.lambda$run$5(PalettedPermutations.java:62) ~[forge-1.20.1-47.3.0_mapped_parchment_2023.09.03-1.20.1-recomp.jar%23191!/:?]
	at com.google.common.base.Suppliers$NonSerializableMemoizingSupplier.get(Suppliers.java:183) ~[guava-31.1-jre.jar%23106!/:?]
	at net.minecraft.client.renderer.texture.atlas.sources.PalettedPermutations$PalettedSpriteSupplier.get(PalettedPermutations.java:139) ~[forge-1.20.1-47.3.0_mapped_parchment_2023.09.03-1.20.1-recomp.jar%23191!/:?]
	at net.minecraft.client.renderer.texture.atlas.sources.PalettedPermutations$PalettedSpriteSupplier.get(PalettedPermutations.java:133) ~[forge-1.20.1-47.3.0_mapped_parchment_2023.09.03-1.20.1-recomp.jar%23191!/:?]
	at java.util.concurrent.CompletableFuture$AsyncSupply.run(CompletableFuture.java:1768) ~[?:?]
	at java.util.concurrent.CompletableFuture$AsyncSupply.exec(CompletableFuture.java:1760) ~[?:?]
	at java.util.concurrent.ForkJoinTask.doExec(ForkJoinTask.java:373) ~[?:?]
	at java.util.concurrent.ForkJoinPool$WorkQueue.topLevelExec(ForkJoinPool.java:1182) ~[?:?]
	at java.util.concurrent.ForkJoinPool.scan(ForkJoinPool.java:1655) ~[?:?]
	at java.util.concurrent.ForkJoinPool.runWorker(ForkJoinPool.java:1622) ~[?:?]
	at java.util.concurrent.ForkJoinWorkerThread.run(ForkJoinWorkerThread.java:165) ~[?:?]
[23jul.2025 13:33:37.839] [Worker-Main-2/ERROR] [net.minecraft.client.renderer.texture.atlas.sources.PalettedPermutations/]: Failed to load palette image enhanced_playthrough:trims/color_palettes/sapphire
[23jul.2025 13:33:37.840] [Worker-Main-2/ERROR] [net.minecraft.client.renderer.texture.atlas.sources.PalettedPermutations/]: unable to apply palette to minecraft:trims/models/armor/snout_leggings_alexandrite
java.lang.IllegalArgumentException: null
	at net.minecraft.client.renderer.texture.atlas.sources.PalettedPermutations.loadPaletteEntryFromImage(PalettedPermutations.java:115) ~[forge-1.20.1-47.3.0_mapped_parchment_2023.09.03-1.20.1-recomp.jar%23191!/:?]
	at net.minecraft.client.renderer.texture.atlas.sources.PalettedPermutations.lambda$run$5(PalettedPermutations.java:62) ~[forge-1.20.1-47.3.0_mapped_parchment_2023.09.03-1.20.1-recomp.jar%23191!/:?]
	at com.google.common.base.Suppliers$NonSerializableMemoizingSupplier.get(Suppliers.java:183) ~[guava-31.1-jre.jar%23106!/:?]
	at net.minecraft.client.renderer.texture.atlas.sources.PalettedPermutations$PalettedSpriteSupplier.get(PalettedPermutations.java:139) ~[forge-1.20.1-47.3.0_mapped_parchment_2023.09.03-1.20.1-recomp.jar%23191!/:?]
	at net.minecraft.client.renderer.texture.atlas.sources.PalettedPermutations$PalettedSpriteSupplier.get(PalettedPermutations.java:133) ~[forge-1.20.1-47.3.0_mapped_parchment_2023.09.03-1.20.1-recomp.jar%23191!/:?]
	at java.util.concurrent.CompletableFuture$AsyncSupply.run(CompletableFuture.java:1768) ~[?:?]
	at java.util.concurrent.CompletableFuture$AsyncSupply.exec(CompletableFuture.java:1760) ~[?:?]
	at java.util.concurrent.ForkJoinTask.doExec(ForkJoinTask.java:373) ~[?:?]
	at java.util.concurrent.ForkJoinPool$WorkQueue.topLevelExec(ForkJoinPool.java:1182) ~[?:?]
	at java.util.concurrent.ForkJoinPool.scan(ForkJoinPool.java:1655) ~[?:?]
	at java.util.concurrent.ForkJoinPool.runWorker(ForkJoinPool.java:1622) ~[?:?]
	at java.util.concurrent.ForkJoinWorkerThread.run(ForkJoinWorkerThread.java:165) ~[?:?]
[23jul.2025 13:33:37.842] [Worker-Main-2/ERROR] [net.minecraft.client.renderer.texture.atlas.sources.PalettedPermutations/]: Failed to load palette image enhanced_playthrough:trims/color_palettes/sapphire
[23jul.2025 13:33:37.842] [Worker-Main-2/ERROR] [net.minecraft.client.renderer.texture.atlas.sources.PalettedPermutations/]: unable to apply palette to minecraft:trims/models/armor/coast_alexandrite
java.lang.IllegalArgumentException: null
	at net.minecraft.client.renderer.texture.atlas.sources.PalettedPermutations.loadPaletteEntryFromImage(PalettedPermutations.java:115) ~[forge-1.20.1-47.3.0_mapped_parchment_2023.09.03-1.20.1-recomp.jar%23191!/:?]
	at net.minecraft.client.renderer.texture.atlas.sources.PalettedPermutations.lambda$run$5(PalettedPermutations.java:62) ~[forge-1.20.1-47.3.0_mapped_parchment_2023.09.03-1.20.1-recomp.jar%23191!/:?]
	at com.google.common.base.Suppliers$NonSerializableMemoizingSupplier.get(Suppliers.java:183) ~[guava-31.1-jre.jar%23106!/:?]
	at net.minecraft.client.renderer.texture.atlas.sources.PalettedPermutations$PalettedSpriteSupplier.get(PalettedPermutations.java:139) ~[forge-1.20.1-47.3.0_mapped_parchment_2023.09.03-1.20.1-recomp.jar%23191!/:?]
	at net.minecraft.client.renderer.texture.atlas.sources.PalettedPermutations$PalettedSpriteSupplier.get(PalettedPermutations.java:133) ~[forge-1.20.1-47.3.0_mapped_parchment_2023.09.03-1.20.1-recomp.jar%23191!/:?]
	at java.util.concurrent.CompletableFuture$AsyncSupply.run(CompletableFuture.java:1768) ~[?:?]
	at java.util.concurrent.CompletableFuture$AsyncSupply.exec(CompletableFuture.java:1760) ~[?:?]
	at java.util.concurrent.ForkJoinTask.doExec(ForkJoinTask.java:373) ~[?:?]
	at java.util.concurrent.ForkJoinPool$WorkQueue.topLevelExec(ForkJoinPool.java:1182) ~[?:?]
	at java.util.concurrent.ForkJoinPool.scan(ForkJoinPool.java:1655) ~[?:?]
	at java.util.concurrent.ForkJoinPool.runWorker(ForkJoinPool.java:1622) ~[?:?]
	at java.util.concurrent.ForkJoinWorkerThread.run(ForkJoinWorkerThread.java:165) ~[?:?]
[23jul.2025 13:33:37.843] [Worker-Main-2/ERROR] [net.minecraft.client.renderer.texture.atlas.sources.PalettedPermutations/]: Failed to load palette image enhanced_playthrough:trims/color_palettes/sapphire
[23jul.2025 13:33:37.854] [Worker-Main-2/ERROR] [net.minecraft.client.renderer.texture.atlas.sources.PalettedPermutations/]: unable to apply palette to minecraft:trims/models/armor/shaper_alexandrite
java.lang.IllegalArgumentException: null
	at net.minecraft.client.renderer.texture.atlas.sources.PalettedPermutations.loadPaletteEntryFromImage(PalettedPermutations.java:115) ~[forge-1.20.1-47.3.0_mapped_parchment_2023.09.03-1.20.1-recomp.jar%23191!/:?]
	at net.minecraft.client.renderer.texture.atlas.sources.PalettedPermutations.lambda$run$5(PalettedPermutations.java:62) ~[forge-1.20.1-47.3.0_mapped_parchment_2023.09.03-1.20.1-recomp.jar%23191!/:?]
	at com.google.common.base.Suppliers$NonSerializableMemoizingSupplier.get(Suppliers.java:183) ~[guava-31.1-jre.jar%23106!/:?]
	at net.minecraft.client.renderer.texture.atlas.sources.PalettedPermutations$PalettedSpriteSupplier.get(PalettedPermutations.java:139) ~[forge-1.20.1-47.3.0_mapped_parchment_2023.09.03-1.20.1-recomp.jar%23191!/:?]
	at net.minecraft.client.renderer.texture.atlas.sources.PalettedPermutations$PalettedSpriteSupplier.get(PalettedPermutations.java:133) ~[forge-1.20.1-47.3.0_mapped_parchment_2023.09.03-1.20.1-recomp.jar%23191!/:?]
	at java.util.concurrent.CompletableFuture$AsyncSupply.run(CompletableFuture.java:1768) ~[?:?]
	at java.util.concurrent.CompletableFuture$AsyncSupply.exec(CompletableFuture.java:1760) ~[?:?]
	at java.util.concurrent.ForkJoinTask.doExec(ForkJoinTask.java:373) ~[?:?]
	at java.util.concurrent.ForkJoinPool$WorkQueue.topLevelExec(ForkJoinPool.java:1182) ~[?:?]
	at java.util.concurrent.ForkJoinPool.scan(ForkJoinPool.java:1655) ~[?:?]
	at java.util.concurrent.ForkJoinPool.runWorker(ForkJoinPool.java:1622) ~[?:?]
	at java.util.concurrent.ForkJoinWorkerThread.run(ForkJoinWorkerThread.java:165) ~[?:?]
[23jul.2025 13:33:37.859] [Worker-Main-2/ERROR] [net.minecraft.client.renderer.texture.atlas.sources.PalettedPermutations/]: Failed to load palette image enhanced_playthrough:trims/color_palettes/sapphire
[23jul.2025 13:33:37.859] [Worker-Main-2/ERROR] [net.minecraft.client.renderer.texture.atlas.sources.PalettedPermutations/]: unable to apply palette to minecraft:trims/models/armor/silence_alexandrite
java.lang.IllegalArgumentException: null
	at net.minecraft.client.renderer.texture.atlas.sources.PalettedPermutations.loadPaletteEntryFromImage(PalettedPermutations.java:115) ~[forge-1.20.1-47.3.0_mapped_parchment_2023.09.03-1.20.1-recomp.jar%23191!/:?]
	at net.minecraft.client.renderer.texture.atlas.sources.PalettedPermutations.lambda$run$5(PalettedPermutations.java:62) ~[forge-1.20.1-47.3.0_mapped_parchment_2023.09.03-1.20.1-recomp.jar%23191!/:?]
	at com.google.common.base.Suppliers$NonSerializableMemoizingSupplier.get(Suppliers.java:183) ~[guava-31.1-jre.jar%23106!/:?]
	at net.minecraft.client.renderer.texture.atlas.sources.PalettedPermutations$PalettedSpriteSupplier.get(PalettedPermutations.java:139) ~[forge-1.20.1-47.3.0_mapped_parchment_2023.09.03-1.20.1-recomp.jar%23191!/:?]
	at net.minecraft.client.renderer.texture.atlas.sources.PalettedPermutations$PalettedSpriteSupplier.get(PalettedPermutations.java:133) ~[forge-1.20.1-47.3.0_mapped_parchment_2023.09.03-1.20.1-recomp.jar%23191!/:?]
	at java.util.concurrent.CompletableFuture$AsyncSupply.run(CompletableFuture.java:1768) ~[?:?]
	at java.util.concurrent.CompletableFuture$AsyncSupply.exec(CompletableFuture.java:1760) ~[?:?]
	at java.util.concurrent.ForkJoinTask.doExec(ForkJoinTask.java:373) ~[?:?]
	at java.util.concurrent.ForkJoinPool$WorkQueue.topLevelExec(ForkJoinPool.java:1182) ~[?:?]
	at java.util.concurrent.ForkJoinPool.scan(ForkJoinPool.java:1655) ~[?:?]
	at java.util.concurrent.ForkJoinPool.runWorker(ForkJoinPool.java:1622) ~[?:?]
	at java.util.concurrent.ForkJoinWorkerThread.run(ForkJoinWorkerThread.java:165) ~[?:?]
[23jul.2025 13:33:37.864] [Worker-Main-2/ERROR] [net.minecraft.client.renderer.texture.atlas.sources.PalettedPermutations/]: Failed to load palette image enhanced_playthrough:trims/color_palettes/sapphire
[23jul.2025 13:33:37.865] [Worker-Main-2/ERROR] [net.minecraft.client.renderer.texture.atlas.sources.PalettedPermutations/]: unable to apply palette to minecraft:trims/models/armor/snout_alexandrite
java.lang.IllegalArgumentException: null
	at net.minecraft.client.renderer.texture.atlas.sources.PalettedPermutations.loadPaletteEntryFromImage(PalettedPermutations.java:115) ~[forge-1.20.1-47.3.0_mapped_parchment_2023.09.03-1.20.1-recomp.jar%23191!/:?]
	at net.minecraft.client.renderer.texture.atlas.sources.PalettedPermutations.lambda$run$5(PalettedPermutations.java:62) ~[forge-1.20.1-47.3.0_mapped_parchment_2023.09.03-1.20.1-recomp.jar%23191!/:?]
	at com.google.common.base.Suppliers$NonSerializableMemoizingSupplier.get(Suppliers.java:183) ~[guava-31.1-jre.jar%23106!/:?]
	at net.minecraft.client.renderer.texture.atlas.sources.PalettedPermutations$PalettedSpriteSupplier.get(PalettedPermutations.java:139) ~[forge-1.20.1-47.3.0_mapped_parchment_2023.09.03-1.20.1-recomp.jar%23191!/:?]
	at net.minecraft.client.renderer.texture.atlas.sources.PalettedPermutations$PalettedSpriteSupplier.get(PalettedPermutations.java:133) ~[forge-1.20.1-47.3.0_mapped_parchment_2023.09.03-1.20.1-recomp.jar%23191!/:?]
	at java.util.concurrent.CompletableFuture$AsyncSupply.run(CompletableFuture.java:1768) ~[?:?]
	at java.util.concurrent.CompletableFuture$AsyncSupply.exec(CompletableFuture.java:1760) ~[?:?]
	at java.util.concurrent.ForkJoinTask.doExec(ForkJoinTask.java:373) ~[?:?]
	at java.util.concurrent.ForkJoinPool$WorkQueue.topLevelExec(ForkJoinPool.java:1182) ~[?:?]
	at java.util.concurrent.ForkJoinPool.scan(ForkJoinPool.java:1655) ~[?:?]
	at java.util.concurrent.ForkJoinPool.runWorker(ForkJoinPool.java:1622) ~[?:?]
	at java.util.concurrent.ForkJoinWorkerThread.run(ForkJoinWorkerThread.java:165) ~[?:?]
[23jul.2025 13:33:37.868] [Worker-Main-2/ERROR] [net.minecraft.client.renderer.texture.atlas.sources.PalettedPermutations/]: Failed to load palette image enhanced_playthrough:trims/color_palettes/sapphire
[23jul.2025 13:33:37.868] [Worker-Main-2/ERROR] [net.minecraft.client.renderer.texture.atlas.sources.PalettedPermutations/]: unable to apply palette to minecraft:trims/models/armor/spire_leggings_alexandrite
java.lang.IllegalArgumentException: null
	at net.minecraft.client.renderer.texture.atlas.sources.PalettedPermutations.loadPaletteEntryFromImage(PalettedPermutations.java:115) ~[forge-1.20.1-47.3.0_mapped_parchment_2023.09.03-1.20.1-recomp.jar%23191!/:?]
	at net.minecraft.client.renderer.texture.atlas.sources.PalettedPermutations.lambda$run$5(PalettedPermutations.java:62) ~[forge-1.20.1-47.3.0_mapped_parchment_2023.09.03-1.20.1-recomp.jar%23191!/:?]
	at com.google.common.base.Suppliers$NonSerializableMemoizingSupplier.get(Suppliers.java:183) ~[guava-31.1-jre.jar%23106!/:?]
	at net.minecraft.client.renderer.texture.atlas.sources.PalettedPermutations$PalettedSpriteSupplier.get(PalettedPermutations.java:139) ~[forge-1.20.1-47.3.0_mapped_parchment_2023.09.03-1.20.1-recomp.jar%23191!/:?]
	at net.minecraft.client.renderer.texture.atlas.sources.PalettedPermutations$PalettedSpriteSupplier.get(PalettedPermutations.java:133) ~[forge-1.20.1-47.3.0_mapped_parchment_2023.09.03-1.20.1-recomp.jar%23191!/:?]
	at java.util.concurrent.CompletableFuture$AsyncSupply.run(CompletableFuture.java:1768) ~[?:?]
	at java.util.concurrent.CompletableFuture$AsyncSupply.exec(CompletableFuture.java:1760) ~[?:?]
	at java.util.concurrent.ForkJoinTask.doExec(ForkJoinTask.java:373) ~[?:?]
	at java.util.concurrent.ForkJoinPool$WorkQueue.topLevelExec(ForkJoinPool.java:1182) ~[?:?]
	at java.util.concurrent.ForkJoinPool.scan(ForkJoinPool.java:1655) ~[?:?]
	at java.util.concurrent.ForkJoinPool.runWorker(ForkJoinPool.java:1622) ~[?:?]
	at java.util.concurrent.ForkJoinWorkerThread.run(ForkJoinWorkerThread.java:165) ~[?:?]
[23jul.2025 13:33:37.869] [Worker-Main-2/ERROR] [net.minecraft.client.renderer.texture.atlas.sources.PalettedPermutations/]: Failed to load palette image enhanced_playthrough:trims/color_palettes/sapphire
[23jul.2025 13:33:37.869] [Worker-Main-2/ERROR] [net.minecraft.client.renderer.texture.atlas.sources.PalettedPermutations/]: unable to apply palette to minecraft:trims/models/armor/eye_alexandrite
java.lang.IllegalArgumentException: null
	at net.minecraft.client.renderer.texture.atlas.sources.PalettedPermutations.loadPaletteEntryFromImage(PalettedPermutations.java:115) ~[forge-1.20.1-47.3.0_mapped_parchment_2023.09.03-1.20.1-recomp.jar%23191!/:?]
	at net.minecraft.client.renderer.texture.atlas.sources.PalettedPermutations.lambda$run$5(PalettedPermutations.java:62) ~[forge-1.20.1-47.3.0_mapped_parchment_2023.09.03-1.20.1-recomp.jar%23191!/:?]
	at com.google.common.base.Suppliers$NonSerializableMemoizingSupplier.get(Suppliers.java:183) ~[guava-31.1-jre.jar%23106!/:?]
	at net.minecraft.client.renderer.texture.atlas.sources.PalettedPermutations$PalettedSpriteSupplier.get(PalettedPermutations.java:139) ~[forge-1.20.1-47.3.0_mapped_parchment_2023.09.03-1.20.1-recomp.jar%23191!/:?]
	at net.minecraft.client.renderer.texture.atlas.sources.PalettedPermutations$PalettedSpriteSupplier.get(PalettedPermutations.java:133) ~[forge-1.20.1-47.3.0_mapped_parchment_2023.09.03-1.20.1-recomp.jar%23191!/:?]
	at java.util.concurrent.CompletableFuture$AsyncSupply.run(CompletableFuture.java:1768) ~[?:?]
	at java.util.concurrent.CompletableFuture$AsyncSupply.exec(CompletableFuture.java:1760) ~[?:?]
	at java.util.concurrent.ForkJoinTask.doExec(ForkJoinTask.java:373) ~[?:?]
	at java.util.concurrent.ForkJoinPool$WorkQueue.topLevelExec(ForkJoinPool.java:1182) ~[?:?]
	at java.util.concurrent.ForkJoinPool.scan(ForkJoinPool.java:1655) ~[?:?]
	at java.util.concurrent.ForkJoinPool.runWorker(ForkJoinPool.java:1622) ~[?:?]
	at java.util.concurrent.ForkJoinWorkerThread.run(ForkJoinWorkerThread.java:165) ~[?:?]
[23jul.2025 13:33:37.872] [Worker-Main-2/ERROR] [net.minecraft.client.renderer.texture.atlas.sources.PalettedPermutations/]: Failed to load palette image enhanced_playthrough:trims/color_palettes/sapphire
[23jul.2025 13:33:37.872] [Worker-Main-2/ERROR] [net.minecraft.client.renderer.texture.atlas.sources.PalettedPermutations/]: unable to apply palette to minecraft:trims/models/armor/ward_leggings_alexandrite
java.lang.IllegalArgumentException: null
	at net.minecraft.client.renderer.texture.atlas.sources.PalettedPermutations.loadPaletteEntryFromImage(PalettedPermutations.java:115) ~[forge-1.20.1-47.3.0_mapped_parchment_2023.09.03-1.20.1-recomp.jar%23191!/:?]
	at net.minecraft.client.renderer.texture.atlas.sources.PalettedPermutations.lambda$run$5(PalettedPermutations.java:62) ~[forge-1.20.1-47.3.0_mapped_parchment_2023.09.03-1.20.1-recomp.jar%23191!/:?]
	at com.google.common.base.Suppliers$NonSerializableMemoizingSupplier.get(Suppliers.java:183) ~[guava-31.1-jre.jar%23106!/:?]
	at net.minecraft.client.renderer.texture.atlas.sources.PalettedPermutations$PalettedSpriteSupplier.get(PalettedPermutations.java:139) ~[forge-1.20.1-47.3.0_mapped_parchment_2023.09.03-1.20.1-recomp.jar%23191!/:?]
	at net.minecraft.client.renderer.texture.atlas.sources.PalettedPermutations$PalettedSpriteSupplier.get(PalettedPermutations.java:133) ~[forge-1.20.1-47.3.0_mapped_parchment_2023.09.03-1.20.1-recomp.jar%23191!/:?]
	at java.util.concurrent.CompletableFuture$AsyncSupply.run(CompletableFuture.java:1768) ~[?:?]
	at java.util.concurrent.CompletableFuture$AsyncSupply.exec(CompletableFuture.java:1760) ~[?:?]
	at java.util.concurrent.ForkJoinTask.doExec(ForkJoinTask.java:373) ~[?:?]
	at java.util.concurrent.ForkJoinPool$WorkQueue.topLevelExec(ForkJoinPool.java:1182) ~[?:?]
	at java.util.concurrent.ForkJoinPool.scan(ForkJoinPool.java:1655) ~[?:?]
	at java.util.concurrent.ForkJoinPool.runWorker(ForkJoinPool.java:1622) ~[?:?]
	at java.util.concurrent.ForkJoinWorkerThread.run(ForkJoinWorkerThread.java:165) ~[?:?]
[23jul.2025 13:33:37.875] [Worker-Main-2/ERROR] [net.minecraft.client.renderer.texture.atlas.sources.PalettedPermutations/]: Failed to load palette image enhanced_playthrough:trims/color_palettes/sapphire
[23jul.2025 13:33:37.875] [Worker-Main-2/ERROR] [net.minecraft.client.renderer.texture.atlas.sources.PalettedPermutations/]: unable to apply palette to minecraft:trims/models/armor/sentry_alexandrite
java.lang.IllegalArgumentException: null
	at net.minecraft.client.renderer.texture.atlas.sources.PalettedPermutations.loadPaletteEntryFromImage(PalettedPermutations.java:115) ~[forge-1.20.1-47.3.0_mapped_parchment_2023.09.03-1.20.1-recomp.jar%23191!/:?]
	at net.minecraft.client.renderer.texture.atlas.sources.PalettedPermutations.lambda$run$5(PalettedPermutations.java:62) ~[forge-1.20.1-47.3.0_mapped_parchment_2023.09.03-1.20.1-recomp.jar%23191!/:?]
	at com.google.common.base.Suppliers$NonSerializableMemoizingSupplier.get(Suppliers.java:183) ~[guava-31.1-jre.jar%23106!/:?]
	at net.minecraft.client.renderer.texture.atlas.sources.PalettedPermutations$PalettedSpriteSupplier.get(PalettedPermutations.java:139) ~[forge-1.20.1-47.3.0_mapped_parchment_2023.09.03-1.20.1-recomp.jar%23191!/:?]
	at net.minecraft.client.renderer.texture.atlas.sources.PalettedPermutations$PalettedSpriteSupplier.get(PalettedPermutations.java:133) ~[forge-1.20.1-47.3.0_mapped_parchment_2023.09.03-1.20.1-recomp.jar%23191!/:?]
	at java.util.concurrent.CompletableFuture$AsyncSupply.run(CompletableFuture.java:1768) ~[?:?]
	at java.util.concurrent.CompletableFuture$AsyncSupply.exec(CompletableFuture.java:1760) ~[?:?]
	at java.util.concurrent.ForkJoinTask.doExec(ForkJoinTask.java:373) ~[?:?]
	at java.util.concurrent.ForkJoinPool$WorkQueue.topLevelExec(ForkJoinPool.java:1182) ~[?:?]
	at java.util.concurrent.ForkJoinPool.scan(ForkJoinPool.java:1655) ~[?:?]
	at java.util.concurrent.ForkJoinPool.runWorker(ForkJoinPool.java:1622) ~[?:?]
	at java.util.concurrent.ForkJoinWorkerThread.run(ForkJoinWorkerThread.java:165) ~[?:?]
[23jul.2025 13:33:37.877] [Worker-Main-2/ERROR] [net.minecraft.client.renderer.texture.atlas.sources.PalettedPermutations/]: Failed to load palette image enhanced_playthrough:trims/color_palettes/sapphire
[23jul.2025 13:33:37.877] [Worker-Main-2/ERROR] [net.minecraft.client.renderer.texture.atlas.sources.PalettedPermutations/]: unable to apply palette to minecraft:trims/models/armor/raiser_alexandrite
java.lang.IllegalArgumentException: null
	at net.minecraft.client.renderer.texture.atlas.sources.PalettedPermutations.loadPaletteEntryFromImage(PalettedPermutations.java:115) ~[forge-1.20.1-47.3.0_mapped_parchment_2023.09.03-1.20.1-recomp.jar%23191!/:?]
	at net.minecraft.client.renderer.texture.atlas.sources.PalettedPermutations.lambda$run$5(PalettedPermutations.java:62) ~[forge-1.20.1-47.3.0_mapped_parchment_2023.09.03-1.20.1-recomp.jar%23191!/:?]
	at com.google.common.base.Suppliers$NonSerializableMemoizingSupplier.get(Suppliers.java:183) ~[guava-31.1-jre.jar%23106!/:?]
	at net.minecraft.client.renderer.texture.atlas.sources.PalettedPermutations$PalettedSpriteSupplier.get(PalettedPermutations.java:139) ~[forge-1.20.1-47.3.0_mapped_parchment_2023.09.03-1.20.1-recomp.jar%23191!/:?]
	at net.minecraft.client.renderer.texture.atlas.sources.PalettedPermutations$PalettedSpriteSupplier.get(PalettedPermutations.java:133) ~[forge-1.20.1-47.3.0_mapped_parchment_2023.09.03-1.20.1-recomp.jar%23191!/:?]
	at java.util.concurrent.CompletableFuture$AsyncSupply.run(CompletableFuture.java:1768) ~[?:?]
	at java.util.concurrent.CompletableFuture$AsyncSupply.exec(CompletableFuture.java:1760) ~[?:?]
	at java.util.concurrent.ForkJoinTask.doExec(ForkJoinTask.java:373) ~[?:?]
	at java.util.concurrent.ForkJoinPool$WorkQueue.topLevelExec(ForkJoinPool.java:1182) ~[?:?]
	at java.util.concurrent.ForkJoinPool.scan(ForkJoinPool.java:1655) ~[?:?]
	at java.util.concurrent.ForkJoinPool.runWorker(ForkJoinPool.java:1622) ~[?:?]
	at java.util.concurrent.ForkJoinWorkerThread.run(ForkJoinWorkerThread.java:165) ~[?:?]
[23jul.2025 13:33:37.880] [Worker-Main-2/ERROR] [net.minecraft.client.renderer.texture.atlas.sources.PalettedPermutations/]: Failed to load palette image enhanced_playthrough:trims/color_palettes/sapphire
[23jul.2025 13:33:37.881] [Worker-Main-2/ERROR] [net.minecraft.client.renderer.texture.atlas.sources.PalettedPermutations/]: unable to apply palette to minecraft:trims/models/armor/sentry_leggings_alexandrite
java.lang.IllegalArgumentException: null
	at net.minecraft.client.renderer.texture.atlas.sources.PalettedPermutations.loadPaletteEntryFromImage(PalettedPermutations.java:115) ~[forge-1.20.1-47.3.0_mapped_parchment_2023.09.03-1.20.1-recomp.jar%23191!/:?]
	at net.minecraft.client.renderer.texture.atlas.sources.PalettedPermutations.lambda$run$5(PalettedPermutations.java:62) ~[forge-1.20.1-47.3.0_mapped_parchment_2023.09.03-1.20.1-recomp.jar%23191!/:?]
	at com.google.common.base.Suppliers$NonSerializableMemoizingSupplier.get(Suppliers.java:183) ~[guava-31.1-jre.jar%23106!/:?]
	at net.minecraft.client.renderer.texture.atlas.sources.PalettedPermutations$PalettedSpriteSupplier.get(PalettedPermutations.java:139) ~[forge-1.20.1-47.3.0_mapped_parchment_2023.09.03-1.20.1-recomp.jar%23191!/:?]
	at net.minecraft.client.renderer.texture.atlas.sources.PalettedPermutations$PalettedSpriteSupplier.get(PalettedPermutations.java:133) ~[forge-1.20.1-47.3.0_mapped_parchment_2023.09.03-1.20.1-recomp.jar%23191!/:?]
	at java.util.concurrent.CompletableFuture$AsyncSupply.run(CompletableFuture.java:1768) ~[?:?]
	at java.util.concurrent.CompletableFuture$AsyncSupply.exec(CompletableFuture.java:1760) ~[?:?]
	at java.util.concurrent.ForkJoinTask.doExec(ForkJoinTask.java:373) ~[?:?]
	at java.util.concurrent.ForkJoinPool$WorkQueue.topLevelExec(ForkJoinPool.java:1182) ~[?:?]
	at java.util.concurrent.ForkJoinPool.scan(ForkJoinPool.java:1655) ~[?:?]
	at java.util.concurrent.ForkJoinPool.runWorker(ForkJoinPool.java:1622) ~[?:?]
	at java.util.concurrent.ForkJoinWorkerThread.run(ForkJoinWorkerThread.java:165) ~[?:?]
[23jul.2025 13:33:37.883] [Worker-Main-2/ERROR] [net.minecraft.client.renderer.texture.atlas.sources.PalettedPermutations/]: Failed to load palette image enhanced_playthrough:trims/color_palettes/sapphire
[23jul.2025 13:33:37.883] [Worker-Main-2/ERROR] [net.minecraft.client.renderer.texture.atlas.sources.PalettedPermutations/]: unable to apply palette to minecraft:trims/models/armor/tide_leggings_alexandrite
java.lang.IllegalArgumentException: null
	at net.minecraft.client.renderer.texture.atlas.sources.PalettedPermutations.loadPaletteEntryFromImage(PalettedPermutations.java:115) ~[forge-1.20.1-47.3.0_mapped_parchment_2023.09.03-1.20.1-recomp.jar%23191!/:?]
	at net.minecraft.client.renderer.texture.atlas.sources.PalettedPermutations.lambda$run$5(PalettedPermutations.java:62) ~[forge-1.20.1-47.3.0_mapped_parchment_2023.09.03-1.20.1-recomp.jar%23191!/:?]
	at com.google.common.base.Suppliers$NonSerializableMemoizingSupplier.get(Suppliers.java:183) ~[guava-31.1-jre.jar%23106!/:?]
	at net.minecraft.client.renderer.texture.atlas.sources.PalettedPermutations$PalettedSpriteSupplier.get(PalettedPermutations.java:139) ~[forge-1.20.1-47.3.0_mapped_parchment_2023.09.03-1.20.1-recomp.jar%23191!/:?]
	at net.minecraft.client.renderer.texture.atlas.sources.PalettedPermutations$PalettedSpriteSupplier.get(PalettedPermutations.java:133) ~[forge-1.20.1-47.3.0_mapped_parchment_2023.09.03-1.20.1-recomp.jar%23191!/:?]
	at java.util.concurrent.CompletableFuture$AsyncSupply.run(CompletableFuture.java:1768) ~[?:?]
	at java.util.concurrent.CompletableFuture$AsyncSupply.exec(CompletableFuture.java:1760) ~[?:?]
	at java.util.concurrent.ForkJoinTask.doExec(ForkJoinTask.java:373) ~[?:?]
	at java.util.concurrent.ForkJoinPool$WorkQueue.topLevelExec(ForkJoinPool.java:1182) ~[?:?]
	at java.util.concurrent.ForkJoinPool.scan(ForkJoinPool.java:1655) ~[?:?]
	at java.util.concurrent.ForkJoinPool.runWorker(ForkJoinPool.java:1622) ~[?:?]
	at java.util.concurrent.ForkJoinWorkerThread.run(ForkJoinWorkerThread.java:165) ~[?:?]
[23jul.2025 13:33:37.885] [Worker-Main-2/ERROR] [net.minecraft.client.renderer.texture.atlas.sources.PalettedPermutations/]: Failed to load palette image enhanced_playthrough:trims/color_palettes/sapphire
[23jul.2025 13:33:37.886] [Worker-Main-2/ERROR] [net.minecraft.client.renderer.texture.atlas.sources.PalettedPermutations/]: unable to apply palette to minecraft:trims/models/armor/host_leggings_alexandrite
java.lang.IllegalArgumentException: null
	at net.minecraft.client.renderer.texture.atlas.sources.PalettedPermutations.loadPaletteEntryFromImage(PalettedPermutations.java:115) ~[forge-1.20.1-47.3.0_mapped_parchment_2023.09.03-1.20.1-recomp.jar%23191!/:?]
	at net.minecraft.client.renderer.texture.atlas.sources.PalettedPermutations.lambda$run$5(PalettedPermutations.java:62) ~[forge-1.20.1-47.3.0_mapped_parchment_2023.09.03-1.20.1-recomp.jar%23191!/:?]
	at com.google.common.base.Suppliers$NonSerializableMemoizingSupplier.get(Suppliers.java:183) ~[guava-31.1-jre.jar%23106!/:?]
	at net.minecraft.client.renderer.texture.atlas.sources.PalettedPermutations$PalettedSpriteSupplier.get(PalettedPermutations.java:139) ~[forge-1.20.1-47.3.0_mapped_parchment_2023.09.03-1.20.1-recomp.jar%23191!/:?]
	at net.minecraft.client.renderer.texture.atlas.sources.PalettedPermutations$PalettedSpriteSupplier.get(PalettedPermutations.java:133) ~[forge-1.20.1-47.3.0_mapped_parchment_2023.09.03-1.20.1-recomp.jar%23191!/:?]
	at java.util.concurrent.CompletableFuture$AsyncSupply.run(CompletableFuture.java:1768) ~[?:?]
	at java.util.concurrent.CompletableFuture$AsyncSupply.exec(CompletableFuture.java:1760) ~[?:?]
	at java.util.concurrent.ForkJoinTask.doExec(ForkJoinTask.java:373) ~[?:?]
	at java.util.concurrent.ForkJoinPool$WorkQueue.topLevelExec(ForkJoinPool.java:1182) ~[?:?]
	at java.util.concurrent.ForkJoinPool.scan(ForkJoinPool.java:1655) ~[?:?]
	at java.util.concurrent.ForkJoinPool.runWorker(ForkJoinPool.java:1622) ~[?:?]
	at java.util.concurrent.ForkJoinWorkerThread.run(ForkJoinWorkerThread.java:165) ~[?:?]
[23jul.2025 13:33:37.887] [Worker-Main-2/ERROR] [net.minecraft.client.renderer.texture.atlas.sources.PalettedPermutations/]: Failed to load palette image enhanced_playthrough:trims/color_palettes/sapphire
[23jul.2025 13:33:37.887] [Worker-Main-2/ERROR] [net.minecraft.client.renderer.texture.atlas.sources.PalettedPermutations/]: unable to apply palette to minecraft:trims/models/armor/shaper_leggings_alexandrite
java.lang.IllegalArgumentException: null
	at net.minecraft.client.renderer.texture.atlas.sources.PalettedPermutations.loadPaletteEntryFromImage(PalettedPermutations.java:115) ~[forge-1.20.1-47.3.0_mapped_parchment_2023.09.03-1.20.1-recomp.jar%23191!/:?]
	at net.minecraft.client.renderer.texture.atlas.sources.PalettedPermutations.lambda$run$5(PalettedPermutations.java:62) ~[forge-1.20.1-47.3.0_mapped_parchment_2023.09.03-1.20.1-recomp.jar%23191!/:?]
	at com.google.common.base.Suppliers$NonSerializableMemoizingSupplier.get(Suppliers.java:183) ~[guava-31.1-jre.jar%23106!/:?]
	at net.minecraft.client.renderer.texture.atlas.sources.PalettedPermutations$PalettedSpriteSupplier.get(PalettedPermutations.java:139) ~[forge-1.20.1-47.3.0_mapped_parchment_2023.09.03-1.20.1-recomp.jar%23191!/:?]
	at net.minecraft.client.renderer.texture.atlas.sources.PalettedPermutations$PalettedSpriteSupplier.get(PalettedPermutations.java:133) ~[forge-1.20.1-47.3.0_mapped_parchment_2023.09.03-1.20.1-recomp.jar%23191!/:?]
	at java.util.concurrent.CompletableFuture$AsyncSupply.run(CompletableFuture.java:1768) ~[?:?]
	at java.util.concurrent.CompletableFuture$AsyncSupply.exec(CompletableFuture.java:1760) ~[?:?]
	at java.util.concurrent.ForkJoinTask.doExec(ForkJoinTask.java:373) ~[?:?]
	at java.util.concurrent.ForkJoinPool$WorkQueue.topLevelExec(ForkJoinPool.java:1182) ~[?:?]
	at java.util.concurrent.ForkJoinPool.scan(ForkJoinPool.java:1655) ~[?:?]
	at java.util.concurrent.ForkJoinPool.runWorker(ForkJoinPool.java:1622) ~[?:?]
	at java.util.concurrent.ForkJoinWorkerThread.run(ForkJoinWorkerThread.java:165) ~[?:?]
[23jul.2025 13:33:37.896] [Worker-Main-2/ERROR] [net.minecraft.client.renderer.texture.atlas.sources.PalettedPermutations/]: Failed to load palette image enhanced_playthrough:trims/color_palettes/sapphire
[23jul.2025 13:33:37.897] [Worker-Main-2/ERROR] [net.minecraft.client.renderer.texture.atlas.sources.PalettedPermutations/]: unable to apply palette to minecraft:trims/models/armor/silence_leggings_alexandrite
java.lang.IllegalArgumentException: null
	at net.minecraft.client.renderer.texture.atlas.sources.PalettedPermutations.loadPaletteEntryFromImage(PalettedPermutations.java:115) ~[forge-1.20.1-47.3.0_mapped_parchment_2023.09.03-1.20.1-recomp.jar%23191!/:?]
	at net.minecraft.client.renderer.texture.atlas.sources.PalettedPermutations.lambda$run$5(PalettedPermutations.java:62) ~[forge-1.20.1-47.3.0_mapped_parchment_2023.09.03-1.20.1-recomp.jar%23191!/:?]
	at com.google.common.base.Suppliers$NonSerializableMemoizingSupplier.get(Suppliers.java:183) ~[guava-31.1-jre.jar%23106!/:?]
	at net.minecraft.client.renderer.texture.atlas.sources.PalettedPermutations$PalettedSpriteSupplier.get(PalettedPermutations.java:139) ~[forge-1.20.1-47.3.0_mapped_parchment_2023.09.03-1.20.1-recomp.jar%23191!/:?]
	at net.minecraft.client.renderer.texture.atlas.sources.PalettedPermutations$PalettedSpriteSupplier.get(PalettedPermutations.java:133) ~[forge-1.20.1-47.3.0_mapped_parchment_2023.09.03-1.20.1-recomp.jar%23191!/:?]
	at java.util.concurrent.CompletableFuture$AsyncSupply.run(CompletableFuture.java:1768) ~[?:?]
	at java.util.concurrent.CompletableFuture$AsyncSupply.exec(CompletableFuture.java:1760) ~[?:?]
	at java.util.concurrent.ForkJoinTask.doExec(ForkJoinTask.java:373) ~[?:?]
	at java.util.concurrent.ForkJoinPool$WorkQueue.topLevelExec(ForkJoinPool.java:1182) ~[?:?]
	at java.util.concurrent.ForkJoinPool.scan(ForkJoinPool.java:1655) ~[?:?]
	at java.util.concurrent.ForkJoinPool.runWorker(ForkJoinPool.java:1622) ~[?:?]
	at java.util.concurrent.ForkJoinWorkerThread.run(ForkJoinWorkerThread.java:165) ~[?:?]
[23jul.2025 13:33:37.903] [Worker-Main-2/ERROR] [net.minecraft.client.renderer.texture.atlas.sources.PalettedPermutations/]: Failed to load palette image enhanced_playthrough:trims/color_palettes/sapphire
[23jul.2025 13:33:37.903] [Worker-Main-2/ERROR] [net.minecraft.client.renderer.texture.atlas.sources.PalettedPermutations/]: unable to apply palette to minecraft:trims/models/armor/coast_leggings_alexandrite
java.lang.IllegalArgumentException: null
	at net.minecraft.client.renderer.texture.atlas.sources.PalettedPermutations.loadPaletteEntryFromImage(PalettedPermutations.java:115) ~[forge-1.20.1-47.3.0_mapped_parchment_2023.09.03-1.20.1-recomp.jar%23191!/:?]
	at net.minecraft.client.renderer.texture.atlas.sources.PalettedPermutations.lambda$run$5(PalettedPermutations.java:62) ~[forge-1.20.1-47.3.0_mapped_parchment_2023.09.03-1.20.1-recomp.jar%23191!/:?]
	at com.google.common.base.Suppliers$NonSerializableMemoizingSupplier.get(Suppliers.java:183) ~[guava-31.1-jre.jar%23106!/:?]
	at net.minecraft.client.renderer.texture.atlas.sources.PalettedPermutations$PalettedSpriteSupplier.get(PalettedPermutations.java:139) ~[forge-1.20.1-47.3.0_mapped_parchment_2023.09.03-1.20.1-recomp.jar%23191!/:?]
	at net.minecraft.client.renderer.texture.atlas.sources.PalettedPermutations$PalettedSpriteSupplier.get(PalettedPermutations.java:133) ~[forge-1.20.1-47.3.0_mapped_parchment_2023.09.03-1.20.1-recomp.jar%23191!/:?]
	at java.util.concurrent.CompletableFuture$AsyncSupply.run(CompletableFuture.java:1768) ~[?:?]
	at java.util.concurrent.CompletableFuture$AsyncSupply.exec(CompletableFuture.java:1760) ~[?:?]
	at java.util.concurrent.ForkJoinTask.doExec(ForkJoinTask.java:373) ~[?:?]
	at java.util.concurrent.ForkJoinPool$WorkQueue.topLevelExec(ForkJoinPool.java:1182) ~[?:?]
	at java.util.concurrent.ForkJoinPool.scan(ForkJoinPool.java:1655) ~[?:?]
	at java.util.concurrent.ForkJoinPool.runWorker(ForkJoinPool.java:1622) ~[?:?]
	at java.util.concurrent.ForkJoinWorkerThread.run(ForkJoinWorkerThread.java:165) ~[?:?]
[23jul.2025 13:33:38.692] [Forge Version Check/INFO] [net.minecraftforge.fml.VersionChecker/]: [forge] Starting version check at https://files.minecraftforge.net/net/minecraftforge/forge/promotions_slim.json
[23jul.2025 13:33:39.480] [Forge Version Check/INFO] [net.minecraftforge.fml.VersionChecker/]: [forge] Found status: OUTDATED Current: 47.3.0 Target: 47.4.0
[23jul.2025 13:33:43.927] [Worker-Main-3/INFO] [Jade/]: Start loading plugin at net.marmar.enhanced_playthrough.compat.jade.EnhancedPlaythroughJadePlugin
[23jul.2025 13:33:44.144] [Worker-Main-3/INFO] [Jade/]: Start loading plugin at snownee.jade.addon.vanilla.VanillaPlugin
[23jul.2025 13:33:44.215] [Worker-Main-3/INFO] [Jade/]: Start loading plugin at snownee.jade.addon.universal.UniversalPlugin
[23jul.2025 13:33:44.228] [Worker-Main-3/INFO] [Jade/]: Start loading plugin at snownee.jade.addon.core.CorePlugin
[23jul.2025 13:33:44.256] [Worker-Main-3/INFO] [Jade/]: Dev environment detected, loading test plugin
[23jul.2025 13:33:47.674] [Render thread/WARN] [net.minecraft.client.sounds.SoundEngine/]: Missing sound for event: minecraft:item.goat_horn.play
[23jul.2025 13:33:47.674] [Render thread/WARN] [net.minecraft.client.sounds.SoundEngine/]: Missing sound for event: minecraft:entity.goat.screaming.horn_break
[23jul.2025 13:33:47.811] [Render thread/INFO] [com.mojang.blaze3d.audio.Library/]: OpenAL initialized on device OpenAL Soft on Altavoces (USB Audio Device)
[23jul.2025 13:33:47.812] [Render thread/INFO] [net.minecraft.client.sounds.SoundEngine/SOUNDS]: Sound engine started
[23jul.2025 13:33:48.058] [Render thread/INFO] [net.minecraft.client.renderer.texture.TextureAtlas/]: Created: 1024x1024x4 minecraft:textures/atlas/blocks.png-atlas
[23jul.2025 13:33:48.083] [Render thread/INFO] [net.minecraft.client.renderer.texture.TextureAtlas/]: Created: 256x256x4 minecraft:textures/atlas/signs.png-atlas
[23jul.2025 13:33:48.083] [Render thread/INFO] [net.minecraft.client.renderer.texture.TextureAtlas/]: Created: 512x512x4 minecraft:textures/atlas/banner_patterns.png-atlas
[23jul.2025 13:33:48.089] [Render thread/INFO] [net.minecraft.client.renderer.texture.TextureAtlas/]: Created: 512x512x4 minecraft:textures/atlas/shield_patterns.png-atlas
[23jul.2025 13:33:48.099] [Render thread/INFO] [net.minecraft.client.renderer.texture.TextureAtlas/]: Created: 1024x1024x4 minecraft:textures/atlas/armor_trims.png-atlas
[23jul.2025 13:33:48.123] [Render thread/INFO] [net.minecraft.client.renderer.texture.TextureAtlas/]: Created: 256x256x4 minecraft:textures/atlas/chest.png-atlas
[23jul.2025 13:33:48.124] [Render thread/INFO] [net.minecraft.client.renderer.texture.TextureAtlas/]: Created: 128x64x4 minecraft:textures/atlas/decorated_pot.png-atlas
[23jul.2025 13:33:48.124] [Render thread/INFO] [net.minecraft.client.renderer.texture.TextureAtlas/]: Created: 512x256x4 minecraft:textures/atlas/shulker_boxes.png-atlas
[23jul.2025 13:33:48.125] [Render thread/INFO] [net.minecraft.client.renderer.texture.TextureAtlas/]: Created: 512x256x4 minecraft:textures/atlas/beds.png-atlas
[23jul.2025 13:33:48.387] [Render thread/WARN] [net.minecraft.client.renderer.ShaderInstance/]: Shader rendertype_entity_translucent_emissive could not find sampler named Sampler2 in the specified shader program.
[23jul.2025 13:33:48.814] [Render thread/INFO] [net.minecraft.client.renderer.texture.TextureAtlas/]: Created: 256x256x0 minecraft:textures/atlas/particles.png-atlas
[23jul.2025 13:33:48.817] [Render thread/INFO] [net.minecraft.client.renderer.texture.TextureAtlas/]: Created: 256x256x0 minecraft:textures/atlas/paintings.png-atlas
[23jul.2025 13:33:48.818] [Render thread/INFO] [net.minecraft.client.renderer.texture.TextureAtlas/]: Created: 256x128x0 minecraft:textures/atlas/mob_effects.png-atlas
[23jul.2025 13:33:48.878] [Render thread/INFO] [net.minecraft.client.renderer.texture.TextureAtlas/]: Created: 256x256x0 jei:textures/atlas/gui.png-atlas
[23jul.2025 13:33:50.142] [Realms Notification Availability checker #1/INFO] [com.mojang.realmsclient.client.RealmsClient/]: Could not authorize you against Realms server: java.lang.RuntimeException: Failed to parse into SignedJWT: 0
[23jul.2025 13:33:54.628] [Render thread/INFO] [net.minecraftforge.registries.GameData/REGISTRIES]: Injecting existing registry data into this CLIENT instance
[23jul.2025 13:34:01.556] [Render thread/INFO] [net.minecraft.world.item.crafting.RecipeManager/]: Loaded 15 recipes
[23jul.2025 13:34:01.796] [Render thread/INFO] [net.minecraft.advancements.AdvancementList/]: Loaded 2033 advancements
[23jul.2025 13:34:02.906] [Server thread/INFO] [net.minecraft.client.server.IntegratedServer/]: Starting integrated minecraft server version 1.20.1
[23jul.2025 13:34:02.906] [Server thread/INFO] [net.minecraft.server.MinecraftServer/]: Generating keypair
[23jul.2025 13:34:07.901] [Server thread/INFO] [net.minecraft.server.MinecraftServer/]: Preparing start region for dimension minecraft:overworld
[23jul.2025 13:34:12.792] [Render thread/INFO] [net.minecraft.server.level.progress.LoggerChunkProgressListener/]: Preparando zona de aparición: 0%
[23jul.2025 13:34:12.815] [Render thread/INFO] [net.minecraft.server.level.progress.LoggerChunkProgressListener/]: Preparando zona de aparición: 0%
[23jul.2025 13:34:12.844] [Render thread/INFO] [net.minecraft.server.level.progress.LoggerChunkProgressListener/]: Preparando zona de aparición: 0%
[23jul.2025 13:34:12.869] [Render thread/INFO] [net.minecraft.server.level.progress.LoggerChunkProgressListener/]: Preparando zona de aparición: 0%
[23jul.2025 13:34:12.891] [Render thread/INFO] [net.minecraft.server.level.progress.LoggerChunkProgressListener/]: Preparando zona de aparición: 0%
[23jul.2025 13:34:12.891] [Render thread/INFO] [net.minecraft.server.level.progress.LoggerChunkProgressListener/]: Preparando zona de aparición: 0%
[23jul.2025 13:34:12.975] [Render thread/INFO] [net.minecraft.server.level.progress.LoggerChunkProgressListener/]: Preparando zona de aparición: 0%
[23jul.2025 13:34:12.993] [Render thread/INFO] [net.minecraft.server.level.progress.LoggerChunkProgressListener/]: Preparando zona de aparición: 0%
[23jul.2025 13:34:13.013] [Render thread/INFO] [net.minecraft.server.level.progress.LoggerChunkProgressListener/]: Preparando zona de aparición: 0%
[23jul.2025 13:34:13.013] [Render thread/INFO] [net.minecraft.server.level.progress.LoggerChunkProgressListener/]: Preparando zona de aparición: 0%
[23jul.2025 13:34:13.013] [Render thread/INFO] [net.minecraft.server.level.progress.LoggerChunkProgressListener/]: Preparando zona de aparición: 0%
[23jul.2025 13:34:13.530] [Render thread/INFO] [net.minecraft.server.level.progress.LoggerChunkProgressListener/]: Preparando zona de aparición: 0%
[23jul.2025 13:34:13.914] [Render thread/INFO] [net.minecraft.server.level.progress.LoggerChunkProgressListener/]: Preparando zona de aparición: 0%
[23jul.2025 13:34:14.420] [Render thread/INFO] [net.minecraft.server.level.progress.LoggerChunkProgressListener/]: Preparando zona de aparición: 0%
[23jul.2025 13:34:14.932] [Render thread/INFO] [net.minecraft.server.level.progress.LoggerChunkProgressListener/]: Preparando zona de aparición: 0%
[23jul.2025 13:34:15.423] [Render thread/INFO] [net.minecraft.server.level.progress.LoggerChunkProgressListener/]: Preparando zona de aparición: 0%
[23jul.2025 13:34:15.980] [Render thread/INFO] [net.minecraft.server.level.progress.LoggerChunkProgressListener/]: Preparando zona de aparición: 0%
[23jul.2025 13:34:16.520] [Render thread/INFO] [net.minecraft.server.level.progress.LoggerChunkProgressListener/]: Preparando zona de aparición: 0%
[23jul.2025 13:34:16.928] [Render thread/INFO] [net.minecraft.server.level.progress.LoggerChunkProgressListener/]: Preparando zona de aparición: 0%
[23jul.2025 13:34:17.413] [Render thread/INFO] [net.minecraft.server.level.progress.LoggerChunkProgressListener/]: Preparando zona de aparición: 15%
[23jul.2025 13:34:17.916] [Render thread/INFO] [net.minecraft.server.level.progress.LoggerChunkProgressListener/]: Preparando zona de aparición: 64%
[23jul.2025 13:34:18.509] [Server thread/INFO] [net.minecraftforge.server.permission.PermissionAPI/]: Successfully initialized permission handler forge:default_handler
[23jul.2025 13:34:18.517] [Render thread/INFO] [net.minecraft.server.level.progress.LoggerChunkProgressListener/]: Time elapsed: 10609 ms
[23jul.2025 13:34:18.864] [Server thread/INFO] [net.minecraft.client.server.IntegratedServer/]: Changing view distance to 8, from 10
[23jul.2025 13:34:18.869] [Server thread/INFO] [net.minecraft.client.server.IntegratedServer/]: Changing simulation distance to 8, from 0
[23jul.2025 13:34:19.141] [Render thread/WARN] [io.netty.util.internal.SystemPropertyUtil/]: Unable to parse the boolean system property 'java.net.preferIPv6Addresses':system - using the default value: false
[23jul.2025 13:34:21.911] [Netty Local Client IO #0/INFO] [net.minecraftforge.network.NetworkHooks/]: Connected to a modded server.
[23jul.2025 13:34:22.067] [Server thread/INFO] [net.minecraft.server.players.PlayerList/]: Dev[local:E:9dec0e68] logged in with entity id 186 at (-40.45379072215025, 64.0, -79.68335560967526)
[23jul.2025 13:34:22.227] [Server thread/INFO] [net.minecraft.server.MinecraftServer/]: Dev se conectó
[23jul.2025 13:34:22.496] [Server thread/INFO] [Jade/]: Syncing config to Dev (380df991-f603-344c-a090-369bad2a924a)
[23jul.2025 13:34:22.519] [Render thread/INFO] [mezz.jei.forge.startup.StartEventObserver/]: JEI StartEventObserver received class net.minecraftforge.client.event.ClientPlayerNetworkEvent$LoggingIn
[23jul.2025 13:34:22.519] [Render thread/INFO] [mezz.jei.forge.startup.StartEventObserver/]: JEI StartEventObserver transitioning state from DISABLED to ENABLED
[23jul.2025 13:34:22.563] [Render thread/WARN] [net.minecraft.client.ClientRecipeBook/]: Unknown recipe category: enhanced_playthrough:super_ore_alloying/enhanced_playthrough:rose_gold_ingot_from_super_alloying_copper_ingot_and_gold_ingot
[23jul.2025 13:34:22.566] [Render thread/WARN] [net.minecraft.client.ClientRecipeBook/]: Unknown recipe category: enhanced_playthrough:super_ore_alloying/enhanced_playthrough:brass_ingot_from_super_alloying_raw_zinc_and_raw_copper
[23jul.2025 13:34:22.578] [Render thread/WARN] [net.minecraft.client.ClientRecipeBook/]: Unknown recipe category: enhanced_playthrough:super_ore_alloying/enhanced_playthrough:bronze_ingot_from_super_alloying_copper_ingot_and_tin_ingot
[23jul.2025 13:34:22.589] [Render thread/WARN] [net.minecraft.client.ClientRecipeBook/]: Unknown recipe category: enhanced_playthrough:super_ore_alloying/enhanced_playthrough:brass_ingot_from_super_alloying_zinc_ingot_and_copper_ingot
[23jul.2025 13:34:22.591] [Render thread/WARN] [net.minecraft.client.ClientRecipeBook/]: Unknown recipe category: enhanced_playthrough:super_ore_alloying/enhanced_playthrough:green_gold_ingot_from_super_alloying_silver_ingot_and_gold_ingot
[23jul.2025 13:34:22.593] [Render thread/WARN] [net.minecraft.client.ClientRecipeBook/]: Unknown recipe category: enhanced_playthrough:super_ore_alloying/enhanced_playthrough:steel_ingot_from_super_alloying_iron_ingot_and_coal
[23jul.2025 13:34:22.600] [Render thread/WARN] [net.minecraft.client.ClientRecipeBook/]: Unknown recipe category: enhanced_playthrough:super_ore_alloying/enhanced_playthrough:steel_ingot_from_super_alloying_coal_and_raw_iron
[23jul.2025 13:34:22.601] [Render thread/WARN] [net.minecraft.client.ClientRecipeBook/]: Unknown recipe category: enhanced_playthrough:super_ore_alloying/enhanced_playthrough:green_gold_ingot_from_super_alloying_raw_silver_and_raw_gold
[23jul.2025 13:34:22.604] [Render thread/WARN] [net.minecraft.client.ClientRecipeBook/]: Unknown recipe category: enhanced_playthrough:super_ore_alloying/enhanced_playthrough:bronze_ingot_from_super_alloying_raw_tin_and_raw_copper
[23jul.2025 13:34:22.605] [Render thread/WARN] [net.minecraft.client.ClientRecipeBook/]: Unknown recipe category: enhanced_playthrough:super_ore_alloying/enhanced_playthrough:blue_gold_ingot_from_super_alloying_cobalt_and_raw_gold
[23jul.2025 13:34:22.607] [Render thread/WARN] [net.minecraft.client.ClientRecipeBook/]: Unknown recipe category: enhanced_playthrough:super_ore_alloying/enhanced_playthrough:firebrick_from_super_alloying_clay_ball_and_aluminum_dust
[23jul.2025 13:34:22.608] [Render thread/WARN] [net.minecraft.client.ClientRecipeBook/]: Unknown recipe category: enhanced_playthrough:ore_alloying/enhanced_playthrough:brass_ingot_from_alloying_raw_copper_and_raw_zinc
[23jul.2025 13:34:22.609] [Render thread/WARN] [net.minecraft.client.ClientRecipeBook/]: Unknown recipe category: enhanced_playthrough:super_ore_alloying/enhanced_playthrough:green_gold_ingot_from_super_alloying_gold_ingot_and_silver_ingot
[23jul.2025 13:34:22.610] [Render thread/WARN] [net.minecraft.client.ClientRecipeBook/]: Unknown recipe category: enhanced_playthrough:super_ore_alloying/enhanced_playthrough:rose_gold_ingot_from_super_alloying_raw_copper_and_raw_gold
[23jul.2025 13:34:22.615] [Render thread/WARN] [net.minecraft.client.ClientRecipeBook/]: Unknown recipe category: enhanced_playthrough:super_ore_alloying/enhanced_playthrough:blue_gold_ingot_from_super_alloying_raw_gold_and_cobalt
[23jul.2025 13:34:22.616] [Render thread/WARN] [net.minecraft.client.ClientRecipeBook/]: Unknown recipe category: enhanced_playthrough:super_ore_alloying/enhanced_playthrough:steel_ingot_from_super_alloying_raw_iron_and_coal
[23jul.2025 13:34:22.617] [Render thread/WARN] [net.minecraft.client.ClientRecipeBook/]: Unknown recipe category: enhanced_playthrough:super_ore_alloying/enhanced_playthrough:firebrick_from_super_alloying_raw_aluminum_and_clay_ball
[23jul.2025 13:34:22.617] [Render thread/WARN] [net.minecraft.client.ClientRecipeBook/]: Unknown recipe category: enhanced_playthrough:super_ore_alloying/enhanced_playthrough:bronze_ingot_from_super_alloying_raw_copper_and_raw_tin
[23jul.2025 13:34:22.620] [Render thread/WARN] [net.minecraft.client.ClientRecipeBook/]: Unknown recipe category: enhanced_playthrough:ore_alloying/enhanced_playthrough:bronze_ingot_from_alloying_raw_tin_and_raw_copper
[23jul.2025 13:34:22.621] [Render thread/WARN] [net.minecraft.client.ClientRecipeBook/]: Unknown recipe category: enhanced_playthrough:super_ore_alloying/enhanced_playthrough:rose_gold_ingot_from_super_alloying_raw_gold_and_raw_copper
[23jul.2025 13:34:22.621] [Render thread/WARN] [net.minecraft.client.ClientRecipeBook/]: Unknown recipe category: enhanced_playthrough:super_ore_alloying/enhanced_playthrough:brass_ingot_from_super_alloying_raw_copper_and_raw_zinc
[23jul.2025 13:34:22.622] [Render thread/WARN] [net.minecraft.client.ClientRecipeBook/]: Unknown recipe category: enhanced_playthrough:super_ore_alloying/enhanced_playthrough:bronzium_ingot_from_super_alloying_bronze_ingot_and_brass_ingot
[23jul.2025 13:34:22.623] [Render thread/WARN] [net.minecraft.client.ClientRecipeBook/]: Unknown recipe category: enhanced_playthrough:super_ore_alloying/enhanced_playthrough:green_gold_ingot_from_super_alloying_raw_gold_and_raw_silver
[23jul.2025 13:34:22.623] [Render thread/WARN] [net.minecraft.client.ClientRecipeBook/]: Unknown recipe category: enhanced_playthrough:super_ore_alloying/enhanced_playthrough:blue_gold_ingot_from_super_alloying_cobalt_and_gold_ingot
[23jul.2025 13:34:22.624] [Render thread/WARN] [net.minecraft.client.ClientRecipeBook/]: Unknown recipe category: enhanced_playthrough:super_ore_alloying/enhanced_playthrough:blue_gold_ingot_from_super_alloying_gold_ingot_and_cobalt
[23jul.2025 13:34:22.624] [Render thread/WARN] [net.minecraft.client.ClientRecipeBook/]: Unknown recipe category: enhanced_playthrough:super_ore_alloying/enhanced_playthrough:brass_ingot_from_super_alloying_copper_ingot_and_zinc_ingot
[23jul.2025 13:34:22.624] [Render thread/WARN] [net.minecraft.client.ClientRecipeBook/]: Unknown recipe category: enhanced_playthrough:ore_alloying/enhanced_playthrough:steel_ingot_from_alloying_raw_iron_and_coal
[23jul.2025 13:34:22.625] [Render thread/WARN] [net.minecraft.client.ClientRecipeBook/]: Unknown recipe category: enhanced_playthrough:ore_alloying/enhanced_playthrough:brass_ingot_from_alloying_raw_zinc_and_raw_copper
[23jul.2025 13:34:22.627] [Render thread/WARN] [net.minecraft.client.ClientRecipeBook/]: Unknown recipe category: enhanced_playthrough:super_ore_alloying/enhanced_playthrough:bronzium_ingot_from_super_alloying_brass_ingot_and_bronze_ingot
[23jul.2025 13:34:22.627] [Render thread/WARN] [net.minecraft.client.ClientRecipeBook/]: Unknown recipe category: enhanced_playthrough:ore_alloying/enhanced_playthrough:bronze_ingot_from_alloying_raw_copper_and_raw_tin
[23jul.2025 13:34:22.633] [Render thread/WARN] [net.minecraft.client.ClientRecipeBook/]: Unknown recipe category: enhanced_playthrough:super_ore_alloying/enhanced_playthrough:firebrick_from_super_alloying_clay_ball_and_raw_aluminum
[23jul.2025 13:34:22.634] [Render thread/WARN] [net.minecraft.client.ClientRecipeBook/]: Unknown recipe category: enhanced_playthrough:ore_alloying/enhanced_playthrough:steel_ingot_from_alloying_coal_and_raw_iron
[23jul.2025 13:34:22.634] [Render thread/WARN] [net.minecraft.client.ClientRecipeBook/]: Unknown recipe category: enhanced_playthrough:super_ore_alloying/enhanced_playthrough:firebrick_from_super_alloying_aluminum_dust_and_clay_ball
[23jul.2025 13:34:22.635] [Render thread/WARN] [net.minecraft.client.ClientRecipeBook/]: Unknown recipe category: enhanced_playthrough:super_ore_alloying/enhanced_playthrough:rose_gold_ingot_from_super_alloying_gold_ingot_and_copper_ingot
[23jul.2025 13:34:22.635] [Render thread/WARN] [net.minecraft.client.ClientRecipeBook/]: Unknown recipe category: enhanced_playthrough:super_ore_alloying/enhanced_playthrough:steel_ingot_from_super_alloying_coal_and_iron_ingot
[23jul.2025 13:34:22.635] [Render thread/WARN] [net.minecraft.client.ClientRecipeBook/]: Unknown recipe category: enhanced_playthrough:super_ore_alloying/enhanced_playthrough:bronze_ingot_from_super_alloying_tin_ingot_and_copper_ingot
[23jul.2025 13:34:23.378] [Render thread/INFO] [mezz.jei.forge.startup.StartEventObserver/]: JEI StartEventObserver received class net.minecraftforge.client.event.RecipesUpdatedEvent
[23jul.2025 13:34:23.448] [Render thread/INFO] [mezz.jei.forge.startup.StartEventObserver/]: JEI StartEventObserver received class net.minecraftforge.event.TagsUpdatedEvent
[23jul.2025 13:34:23.448] [Render thread/INFO] [mezz.jei.forge.startup.StartEventObserver/]: JEI StartEventObserver transitioning state from ENABLED to JEI_STARTED
[23jul.2025 13:34:23.449] [Render thread/INFO] [mezz.jei.core.util.LoggedTimer/]: Starting JEI...
[23jul.2025 13:34:23.481] [Render thread/INFO] [mezz.jei.library.load.PluginCaller/]: Registering item subtypes...
[23jul.2025 13:34:23.489] [Render thread/INFO] [mezz.jei.library.load.PluginCaller/]: Registering item subtypes took 7.550 ms
[23jul.2025 13:34:23.489] [Render thread/INFO] [mezz.jei.library.load.PluginCaller/]: Registering fluid subtypes...
[23jul.2025 13:34:23.496] [Render thread/INFO] [mezz.jei.library.load.PluginCaller/]: Registering fluid subtypes took 6.198 ms
[23jul.2025 13:34:23.502] [Render thread/INFO] [mezz.jei.library.load.PluginCaller/]: Registering ingredients...
[23jul.2025 13:34:23.649] [Render thread/INFO] [mezz.jei.library.load.PluginCallerTimerRunnable/]: Registering ingredients: jei:minecraft took 146.0 milliseconds
[23jul.2025 13:34:23.653] [Render thread/INFO] [mezz.jei.library.load.PluginCaller/]: Registering ingredients took 148.3 ms
[23jul.2025 13:34:23.687] [Render thread/INFO] [mezz.jei.library.load.PluginCaller/]: Registering categories...
[23jul.2025 13:34:23.836] [Render thread/INFO] [mezz.jei.library.load.PluginCallerTimerRunnable/]: Registering categories: jei:minecraft took 147.4 milliseconds
[23jul.2025 13:34:23.974] [Render thread/INFO] [mezz.jei.library.load.PluginCallerTimerRunnable/]: Registering categories: enhanced_playthrough:jei_plugin took 137.9 milliseconds
[23jul.2025 13:34:23.978] [Render thread/INFO] [mezz.jei.library.load.PluginCaller/]: Registering categories took 290.1 ms
[23jul.2025 13:34:23.979] [Render thread/INFO] [mezz.jei.library.load.PluginCaller/]: Registering vanilla category extensions...
[23jul.2025 13:34:23.985] [Render thread/INFO] [mezz.jei.library.load.PluginCaller/]: Registering vanilla category extensions took 4.770 ms
[23jul.2025 13:34:23.989] [Render thread/INFO] [mezz.jei.library.load.PluginCaller/]: Registering recipe catalysts...
[23jul.2025 13:34:23.991] [Render thread/INFO] [mezz.jei.library.load.PluginCaller/]: Registering recipe catalysts took 1.823 ms
[23jul.2025 13:34:23.993] [Render thread/INFO] [mezz.jei.library.load.PluginCaller/]: Registering advanced plugins...
[23jul.2025 13:34:23.994] [Render thread/INFO] [mezz.jei.library.load.PluginCaller/]: Registering advanced plugins took 887.0 μs
[23jul.2025 13:34:23.994] [Render thread/INFO] [mezz.jei.core.util.LoggedTimer/]: Building recipe registry...
[23jul.2025 13:34:24.015] [Render thread/INFO] [mezz.jei.core.util.LoggedTimer/]: Building recipe registry took 20.35 ms
[23jul.2025 13:34:24.019] [Render thread/INFO] [mezz.jei.library.load.PluginCaller/]: Registering recipes...
[23jul.2025 13:34:24.572] [Render thread/INFO] [mezz.jei.library.load.PluginCallerTimerRunnable/]: Registering recipes: jei:minecraft took 551.7 milliseconds
[23jul.2025 13:34:24.578] [Render thread/INFO] [mezz.jei.library.load.PluginCaller/]: Registering recipes took 558.6 ms
[23jul.2025 13:34:24.588] [Render thread/INFO] [mezz.jei.library.load.PluginCaller/]: Registering recipes transfer handlers...
[23jul.2025 13:34:24.594] [Render thread/INFO] [mezz.jei.library.load.PluginCaller/]: Registering recipes transfer handlers took 5.896 ms
[23jul.2025 13:34:24.608] [Render thread/INFO] [mezz.jei.core.util.LoggedTimer/]: Building runtime...
[23jul.2025 13:34:24.616] [Render thread/INFO] [mezz.jei.library.load.PluginCaller/]: Registering gui handlers...
[23jul.2025 13:34:24.632] [Render thread/INFO] [mezz.jei.library.load.PluginCaller/]: Registering gui handlers took 15.04 ms
[23jul.2025 13:34:24.640] [Render thread/INFO] [mezz.jei.library.load.PluginCaller/]: Registering Runtime...
[23jul.2025 13:34:24.645] [Render thread/INFO] [mezz.jei.gui.startup.JeiGuiStarter/]: Starting JEI GUI
[23jul.2025 13:34:24.646] [Render thread/INFO] [mezz.jei.core.util.LoggedTimer/]: Building ingredient list...
[23jul.2025 13:34:24.654] [Render thread/INFO] [mezz.jei.core.util.LoggedTimer/]: Building ingredient list took 7.446 ms
[23jul.2025 13:34:24.655] [Render thread/INFO] [mezz.jei.core.util.LoggedTimer/]: Building ingredient filter...
[23jul.2025 13:34:24.704] [Render thread/INFO] [mezz.jei.gui.ingredients.IngredientFilter/]: Adding 1992 ingredients
[23jul.2025 13:34:25.226] [Render thread/INFO] [mezz.jei.gui.ingredients.IngredientFilter/]: Added 1992 ingredients
[23jul.2025 13:34:25.228] [Render thread/INFO] [mezz.jei.core.util.LoggedTimer/]: Building ingredient filter took 574.0 ms
[23jul.2025 13:34:25.432] [Render thread/INFO] [mezz.jei.library.load.PluginCallerTimerRunnable/]: Registering Runtime: jei:forge_gui took 790.1 milliseconds
[23jul.2025 13:34:25.432] [Render thread/INFO] [mezz.jei.library.load.PluginCaller/]: Registering Runtime took 791.8 ms
[23jul.2025 13:34:25.434] [Render thread/INFO] [mezz.jei.core.util.LoggedTimer/]: Building runtime took 825.0 ms
[23jul.2025 13:34:25.434] [Render thread/INFO] [mezz.jei.library.load.PluginCaller/]: Sending Runtime...
[23jul.2025 13:34:25.435] [Render thread/INFO] [mezz.jei.library.load.PluginCaller/]: Sending Runtime took 1.173 ms
[23jul.2025 13:34:25.435] [Render thread/INFO] [mezz.jei.core.util.LoggedTimer/]: Starting JEI took 1.986 s
[23jul.2025 13:34:25.753] [Render thread/INFO] [Jade/]: Received config from the server: 
[23jul.2025 13:34:26.937] [Render thread/INFO] [net.minecraft.advancements.AdvancementList/]: Loaded 127 advancements
[23jul.2025 13:34:32.329] [Server thread/INFO] [net.minecraft.client.server.IntegratedServer/]: Saving and pausing game...
[23jul.2025 13:34:32.817] [Server thread/INFO] [net.minecraft.server.MinecraftServer/]: Saving chunks for level 'ServerLevel[EMT 2-tfu-khj]'/minecraft:overworld
[23jul.2025 13:34:36.380] [Server thread/INFO] [net.minecraft.server.MinecraftServer/]: Saving chunks for level 'ServerLevel[EMT 2-tfu-khj]'/minecraft:the_nether
[23jul.2025 13:34:36.416] [Server thread/INFO] [net.minecraft.server.MinecraftServer/]: Saving chunks for level 'ServerLevel[EMT 2-tfu-khj]'/minecraft:the_end
[23jul.2025 13:34:36.731] [Server thread/WARN] [net.minecraft.server.MinecraftServer/]: Can't keep up! Is the server overloaded? Running 4520ms or 90 ticks behind
[23jul.2025 13:34:39.690] [Server thread/INFO] [net.minecraft.server.MinecraftServer/]: [Dev: Tu modo de juego cambió a Creativo]
[23jul.2025 13:34:39.801] [Render thread/INFO] [net.minecraft.client.gui.components.ChatComponent/]: [System] [CHAT] Tu modo de juego cambió a Creativo
[23jul.2025 13:34:42.071] [Server thread/INFO] [net.minecraft.server.MinecraftServer/]: [Dev: Se eliminaron 199 objeto(s) del jugador Dev]
[23jul.2025 13:34:42.094] [Render thread/INFO] [net.minecraft.client.gui.components.ChatComponent/]: [System] [CHAT] Se eliminaron 199 objeto(s) del jugador Dev
[23jul.2025 13:34:47.505] [Server thread/INFO] [net.minecraft.server.MinecraftServer/]: [Dev: Se borraron 2033 progresos de Dev]
[23jul.2025 13:34:47.554] [Render thread/INFO] [net.minecraft.client.gui.components.ChatComponent/]: [System] [CHAT] Se borraron 2033 progresos de Dev
[23jul.2025 13:34:47.568] [Render thread/INFO] [net.minecraft.advancements.AdvancementList/]: Forgot about advancement enhanced_playthrough:recipes/combat/blue_golden_dagger
[23jul.2025 13:34:47.568] [Render thread/INFO] [net.minecraft.advancements.AdvancementList/]: Forgot about advancement minecraft:adventure/walk_on_powder_snow_with_leather_boots
[23jul.2025 13:34:47.568] [Render thread/INFO] [net.minecraft.advancements.AdvancementList/]: Forgot about advancement minecraft:recipes/misc/acacia_boat
[23jul.2025 13:34:47.568] [Render thread/INFO] [net.minecraft.advancements.AdvancementList/]: Forgot about advancement minecraft:husbandry/wax_on
[23jul.2025 13:34:47.568] [Render thread/INFO] [net.minecraft.advancements.AdvancementList/]: Forgot about advancement minecraft:adventure/craft_decorated_pot_using_only_sherds
[23jul.2025 13:34:47.570] [Render thread/INFO] [net.minecraft.advancements.AdvancementList/]: Forgot about advancement enhanced_playthrough:recipes/tools/rose_golden_axe
[23jul.2025 13:34:47.570] [Render thread/INFO] [net.minecraft.advancements.AdvancementList/]: Forgot about advancement enhanced_playthrough:recipes/misc/rose_gold_block
[23jul.2025 13:34:47.570] [Render thread/INFO] [net.minecraft.advancements.AdvancementList/]: Forgot about advancement minecraft:recipes/misc/jungle_boat
[23jul.2025 13:34:47.570] [Render thread/INFO] [net.minecraft.advancements.AdvancementList/]: Forgot about advancement minecraft:adventure/play_jukebox_in_meadows
[23jul.2025 13:34:47.570] [Render thread/INFO] [net.minecraft.advancements.AdvancementList/]: Forgot about advancement minecraft:husbandry/make_a_sign_glow
[23jul.2025 13:34:47.571] [Render thread/INFO] [net.minecraft.advancements.AdvancementList/]: Forgot about advancement minecraft:husbandry/tactical_fishing
[23jul.2025 13:34:47.571] [Render thread/INFO] [net.minecraft.advancements.AdvancementList/]: Forgot about advancement enhanced_playthrough:recipes/combat/rose_golden_helmet
[23jul.2025 13:34:47.572] [Render thread/INFO] [net.minecraft.advancements.AdvancementList/]: Forgot about advancement enhanced_playthrough:recipes/tools/rose_golden_pickaxe
[23jul.2025 13:34:47.572] [Render thread/INFO] [net.minecraft.advancements.AdvancementList/]: Forgot about advancement minecraft:adventure/craft_decorated_pot_using_only_sherds
[23jul.2025 13:34:47.577] [Render thread/INFO] [net.minecraft.advancements.AdvancementList/]: Forgot about advancement minecraft:adventure/salvage_sherd
[23jul.2025 13:34:47.577] [Render thread/INFO] [net.minecraft.advancements.AdvancementList/]: Forgot about advancement enhanced_playthrough:recipes/tools/green_golden_pickaxe
[23jul.2025 13:34:47.577] [Render thread/INFO] [net.minecraft.advancements.AdvancementList/]: Forgot about advancement minecraft:adventure/spyglass_at_ghast
[23jul.2025 13:34:47.577] [Render thread/INFO] [net.minecraft.advancements.AdvancementList/]: Forgot about advancement minecraft:adventure/spyglass_at_parrot
[23jul.2025 13:34:47.577] [Render thread/INFO] [net.minecraft.advancements.AdvancementList/]: Forgot about advancement enhanced_playthrough:recipes/tools/green_golden_axe
[23jul.2025 13:34:47.577] [Render thread/INFO] [net.minecraft.advancements.AdvancementList/]: Forgot about advancement enhanced_playthrough:recipes/misc/green_gold_nugget
[23jul.2025 13:34:47.577] [Render thread/INFO] [net.minecraft.advancements.AdvancementList/]: Forgot about advancement enhanced_playthrough:recipes/misc/vegetable_fibber_from_reeds_head
[23jul.2025 13:34:47.577] [Render thread/INFO] [net.minecraft.advancements.AdvancementList/]: Forgot about advancement minecraft:recipes/transportation/mangrove_boat
[23jul.2025 13:34:47.578] [Render thread/INFO] [net.minecraft.advancements.AdvancementList/]: Forgot about advancement minecraft:husbandry/leash_all_frog_variants
[23jul.2025 13:34:47.578] [Render thread/INFO] [net.minecraft.advancements.AdvancementList/]: Forgot about advancement minecraft:husbandry/tadpole_in_a_bucket
[23jul.2025 13:34:47.578] [Render thread/INFO] [net.minecraft.advancements.AdvancementList/]: Forgot about advancement enhanced_playthrough:recipes/combat/blue_golden_boots
[23jul.2025 13:34:47.578] [Render thread/INFO] [net.minecraft.advancements.AdvancementList/]: Forgot about advancement enhanced_playthrough:recipes/combat/green_golden_sword
[23jul.2025 13:34:47.578] [Render thread/INFO] [net.minecraft.advancements.AdvancementList/]: Forgot about advancement enhanced_playthrough:recipes/combat/blue_golden_helmet
[23jul.2025 13:34:47.578] [Render thread/INFO] [net.minecraft.advancements.AdvancementList/]: Forgot about advancement minecraft:recipes/transportation/spruce_boat
[23jul.2025 13:34:47.581] [Render thread/INFO] [net.minecraft.advancements.AdvancementList/]: Forgot about advancement enhanced_playthrough:recipes/misc/green_gold_ingot_from_block
[23jul.2025 13:34:47.581] [Render thread/INFO] [net.minecraft.advancements.AdvancementList/]: Forgot about advancement enhanced_playthrough:recipes/misc/blue_gold_nugget
[23jul.2025 13:34:47.581] [Render thread/INFO] [net.minecraft.advancements.AdvancementList/]: Forgot about advancement enhanced_playthrough:recipes/misc/rose_gold_nugget
[23jul.2025 13:34:47.581] [Render thread/INFO] [net.minecraft.advancements.AdvancementList/]: Forgot about advancement minecraft:adventure/throw_trident
[23jul.2025 13:34:47.581] [Render thread/INFO] [net.minecraft.advancements.AdvancementList/]: Forgot about advancement enhanced_playthrough:recipes/combat/rose_golden_dagger
[23jul.2025 13:34:47.582] [Render thread/INFO] [net.minecraft.advancements.AdvancementList/]: Forgot about advancement minecraft:husbandry/obtain_netherite_hoe
[23jul.2025 13:34:47.582] [Render thread/INFO] [net.minecraft.advancements.AdvancementList/]: Forgot about advancement enhanced_playthrough:recipes/combat/rose_golden_sword
[23jul.2025 13:34:47.582] [Render thread/INFO] [net.minecraft.advancements.AdvancementList/]: Forgot about advancement minecraft:husbandry/balanced_diet
[23jul.2025 13:34:47.582] [Render thread/WARN] [net.minecraft.advancements.AdvancementList/]: Told to remove advancement minecraft:husbandry/leash_all_frog_variants but I don't know what that is
[23jul.2025 13:34:47.582] [Render thread/INFO] [net.minecraft.advancements.AdvancementList/]: Forgot about advancement minecraft:recipes/misc/dark_oak_boat
[23jul.2025 13:34:47.582] [Render thread/INFO] [net.minecraft.advancements.AdvancementList/]: Forgot about advancement enhanced_playthrough:recipes/tools/blue_golden_axe
[23jul.2025 13:34:47.582] [Render thread/INFO] [net.minecraft.advancements.AdvancementList/]: Forgot about advancement enhanced_playthrough:recipes/tools/green_golden_hoe
[23jul.2025 13:34:47.582] [Render thread/INFO] [net.minecraft.advancements.AdvancementList/]: Forgot about advancement enhanced_playthrough:recipes/misc/rose_gold_ingot_from_block
[23jul.2025 13:34:47.582] [Render thread/INFO] [net.minecraft.advancements.AdvancementList/]: Forgot about advancement enhanced_playthrough:recipes/cooked_beef_from_basic_smelting_beef
[23jul.2025 13:34:47.582] [Render thread/INFO] [net.minecraft.advancements.AdvancementList/]: Forgot about advancement enhanced_playthrough:bubbles
[23jul.2025 13:34:47.583] [Render thread/INFO] [net.minecraft.advancements.AdvancementList/]: Forgot about advancement enhanced_playthrough:the_goldenpuff_girls
[23jul.2025 13:34:47.583] [Render thread/INFO] [net.minecraft.advancements.AdvancementList/]: Forgot about advancement minecraft:recipes/misc/cherry_boat
[23jul.2025 13:34:47.586] [Render thread/INFO] [net.minecraft.advancements.AdvancementList/]: Forgot about advancement enhanced_playthrough:recipes/combat/green_golden_dagger
[23jul.2025 13:34:47.586] [Render thread/INFO] [net.minecraft.advancements.AdvancementList/]: Forgot about advancement enhanced_playthrough:recipes/misc/walnut_boat
[23jul.2025 13:34:47.586] [Render thread/INFO] [net.minecraft.advancements.AdvancementList/]: Forgot about advancement minecraft:adventure/summon_iron_golem
[23jul.2025 13:34:47.586] [Render thread/INFO] [net.minecraft.advancements.AdvancementList/]: Forgot about advancement enhanced_playthrough:recipes/misc/rose_gold_ingot_from_nuggets
[23jul.2025 13:34:47.586] [Render thread/INFO] [net.minecraft.advancements.AdvancementList/]: Forgot about advancement enhanced_playthrough:recipes/misc/lemon_boat
[23jul.2025 13:34:47.586] [Render thread/INFO] [net.minecraft.advancements.AdvancementList/]: Forgot about advancement minecraft:adventure/totem_of_undying
[23jul.2025 13:34:47.586] [Render thread/INFO] [net.minecraft.advancements.AdvancementList/]: Forgot about advancement enhanced_playthrough:recipes/misc/green_gold_block
[23jul.2025 13:34:47.586] [Render thread/INFO] [net.minecraft.advancements.AdvancementList/]: Forgot about advancement minecraft:adventure/avoid_vibration
[23jul.2025 13:34:47.588] [Render thread/INFO] [net.minecraft.advancements.AdvancementList/]: Forgot about advancement enhanced_playthrough:bubbles
[23jul.2025 13:34:47.588] [Render thread/INFO] [net.minecraft.advancements.AdvancementList/]: Forgot about advancement enhanced_playthrough:buttercup
[23jul.2025 13:34:47.589] [Render thread/INFO] [net.minecraft.advancements.AdvancementList/]: Forgot about advancement enhanced_playthrough:blossom
[23jul.2025 13:34:47.589] [Render thread/INFO] [net.minecraft.advancements.AdvancementList/]: Forgot about advancement enhanced_playthrough:recipes/combat/blue_golden_leggings
[23jul.2025 13:34:47.589] [Render thread/INFO] [net.minecraft.advancements.AdvancementList/]: Forgot about advancement enhanced_playthrough:the_goldenpuff_girls
[23jul.2025 13:34:47.589] [Render thread/INFO] [net.minecraft.advancements.AdvancementList/]: Forgot about advancement enhanced_playthrough:bubbles
[23jul.2025 13:34:47.589] [Render thread/INFO] [net.minecraft.advancements.AdvancementList/]: Forgot about advancement enhanced_playthrough:buttercup
[23jul.2025 13:34:47.589] [Render thread/INFO] [net.minecraft.advancements.AdvancementList/]: Forgot about advancement enhanced_playthrough:blossom
[23jul.2025 13:34:47.589] [Render thread/INFO] [net.minecraft.advancements.AdvancementList/]: Forgot about advancement enhanced_playthrough:survival_root
[23jul.2025 13:34:47.589] [Render thread/INFO] [net.minecraft.advancements.AdvancementList/]: Forgot about advancement enhanced_playthrough:recipes/combat/rose_golden_boots
[23jul.2025 13:34:47.589] [Render thread/INFO] [net.minecraft.advancements.AdvancementList/]: Forgot about advancement enhanced_playthrough:recipes/tools/blue_golden_hoe
[23jul.2025 13:34:47.589] [Render thread/INFO] [net.minecraft.advancements.AdvancementList/]: Forgot about advancement enhanced_playthrough:recipes/misc/blue_gold_nugget_from_smelting
[23jul.2025 13:34:47.589] [Render thread/INFO] [net.minecraft.advancements.AdvancementList/]: Forgot about advancement enhanced_playthrough:recipes/combat/rose_golden_leggings
[23jul.2025 13:34:47.589] [Render thread/INFO] [net.minecraft.advancements.AdvancementList/]: Forgot about advancement minecraft:adventure/shoot_arrow
[23jul.2025 13:34:47.589] [Render thread/INFO] [net.minecraft.advancements.AdvancementList/]: Forgot about advancement minecraft:adventure/kill_mob_near_sculk_catalyst
[23jul.2025 13:34:47.589] [Render thread/INFO] [net.minecraft.advancements.AdvancementList/]: Forgot about advancement minecraft:adventure/kill_all_mobs
[23jul.2025 13:34:47.589] [Render thread/INFO] [net.minecraft.advancements.AdvancementList/]: Forgot about advancement minecraft:adventure/throw_trident
[23jul.2025 13:34:47.589] [Render thread/INFO] [net.minecraft.advancements.AdvancementList/]: Forgot about advancement minecraft:adventure/totem_of_undying
[23jul.2025 13:34:47.595] [Render thread/INFO] [net.minecraft.advancements.AdvancementList/]: Forgot about advancement minecraft:adventure/kill_a_mob
[23jul.2025 13:34:47.595] [Render thread/INFO] [net.minecraft.advancements.AdvancementList/]: Forgot about advancement minecraft:husbandry/bred_all_animals
[23jul.2025 13:34:47.595] [Render thread/INFO] [net.minecraft.advancements.AdvancementList/]: Forgot about advancement enhanced_playthrough:recipes/tools/rose_golden_shovel
[23jul.2025 13:34:47.595] [Render thread/INFO] [net.minecraft.advancements.AdvancementList/]: Forgot about advancement enhanced_playthrough:recipes/combat/green_golden_chestplate
[23jul.2025 13:34:47.595] [Render thread/INFO] [net.minecraft.advancements.AdvancementList/]: Forgot about advancement minecraft:adventure/honey_block_slide
[23jul.2025 13:34:47.595] [Render thread/INFO] [net.minecraft.advancements.AdvancementList/]: Forgot about advancement minecraft:adventure/two_birds_one_arrow
[23jul.2025 13:34:47.595] [Render thread/INFO] [net.minecraft.advancements.AdvancementList/]: Forgot about advancement minecraft:adventure/whos_the_pillager_now
[23jul.2025 13:34:47.595] [Render thread/INFO] [net.minecraft.advancements.AdvancementList/]: Forgot about advancement minecraft:adventure/ol_betsy
[23jul.2025 13:34:47.595] [Render thread/INFO] [net.minecraft.advancements.AdvancementList/]: Forgot about advancement enhanced_playthrough:recipes/combat/green_golden_boots
[23jul.2025 13:34:47.595] [Render thread/INFO] [net.minecraft.advancements.AdvancementList/]: Forgot about advancement enhanced_playthrough:recipes/combat/green_golden_helmet
[23jul.2025 13:34:47.595] [Render thread/INFO] [net.minecraft.advancements.AdvancementList/]: Forgot about advancement minecraft:adventure/read_power_of_chiseled_bookshelf
[23jul.2025 13:34:47.595] [Render thread/INFO] [net.minecraft.advancements.AdvancementList/]: Forgot about advancement enhanced_playthrough:recipes/tools/green_golden_shovel
[23jul.2025 13:34:47.595] [Render thread/INFO] [net.minecraft.advancements.AdvancementList/]: Forgot about advancement enhanced_playthrough:recipes/tools/blue_golden_pickaxe
[23jul.2025 13:34:47.596] [Render thread/INFO] [net.minecraft.advancements.AdvancementList/]: Forgot about advancement minecraft:recipes/food/cooked_beef
[23jul.2025 13:34:47.596] [Render thread/INFO] [net.minecraft.advancements.AdvancementList/]: Forgot about advancement minecraft:adventure/adventuring_time
[23jul.2025 13:34:47.596] [Render thread/INFO] [net.minecraft.advancements.AdvancementList/]: Forgot about advancement minecraft:adventure/walk_on_powder_snow_with_leather_boots
[23jul.2025 13:34:47.596] [Render thread/INFO] [net.minecraft.advancements.AdvancementList/]: Forgot about advancement minecraft:adventure/play_jukebox_in_meadows
[23jul.2025 13:34:47.596] [Render thread/INFO] [net.minecraft.advancements.AdvancementList/]: Forgot about advancement minecraft:adventure/adventuring_time
[23jul.2025 13:34:47.596] [Render thread/INFO] [net.minecraft.advancements.AdvancementList/]: Forgot about advancement minecraft:adventure/sleep_in_bed
[23jul.2025 13:34:47.596] [Render thread/INFO] [net.minecraft.advancements.AdvancementList/]: Forgot about advancement minecraft:recipes/transportation/bamboo_raft
[23jul.2025 13:34:47.596] [Render thread/INFO] [net.minecraft.advancements.AdvancementList/]: Forgot about advancement minecraft:adventure/trim_with_all_exclusive_armor_patterns
[23jul.2025 13:34:47.596] [Render thread/INFO] [net.minecraft.advancements.AdvancementList/]: Forgot about advancement enhanced_playthrough:recipes/misc/orange_boat
[23jul.2025 13:34:47.596] [Render thread/INFO] [net.minecraft.advancements.AdvancementList/]: Forgot about advancement minecraft:husbandry/obtain_netherite_hoe
[23jul.2025 13:34:47.596] [Render thread/INFO] [net.minecraft.advancements.AdvancementList/]: Forgot about advancement minecraft:husbandry/balanced_diet
[23jul.2025 13:34:47.596] [Render thread/INFO] [net.minecraft.advancements.AdvancementList/]: Forgot about advancement minecraft:husbandry/plant_seed
[23jul.2025 13:34:47.596] [Render thread/INFO] [net.minecraft.advancements.AdvancementList/]: Forgot about advancement minecraft:husbandry/ride_a_boat_with_a_goat
[23jul.2025 13:34:47.596] [Render thread/INFO] [net.minecraft.advancements.AdvancementList/]: Forgot about advancement minecraft:husbandry/silk_touch_nest
[23jul.2025 13:34:47.597] [Render thread/INFO] [net.minecraft.advancements.AdvancementList/]: Forgot about advancement minecraft:husbandry/tactical_fishing
[23jul.2025 13:34:47.597] [Render thread/INFO] [net.minecraft.advancements.AdvancementList/]: Forgot about advancement minecraft:husbandry/fishy_business
[23jul.2025 13:34:47.597] [Render thread/INFO] [net.minecraft.advancements.AdvancementList/]: Forgot about advancement minecraft:husbandry/wax_on
[23jul.2025 13:34:47.597] [Render thread/INFO] [net.minecraft.advancements.AdvancementList/]: Forgot about advancement minecraft:husbandry/safely_harvest_honey
[23jul.2025 13:34:47.597] [Render thread/INFO] [net.minecraft.advancements.AdvancementList/]: Forgot about advancement minecraft:husbandry/bred_all_animals
[23jul.2025 13:34:47.597] [Render thread/INFO] [net.minecraft.advancements.AdvancementList/]: Forgot about advancement minecraft:husbandry/breed_an_animal
[23jul.2025 13:34:47.602] [Render thread/INFO] [net.minecraft.advancements.AdvancementList/]: Forgot about advancement minecraft:husbandry/complete_catalogue
[23jul.2025 13:34:47.602] [Render thread/INFO] [net.minecraft.advancements.AdvancementList/]: Forgot about advancement minecraft:husbandry/tame_an_animal
[23jul.2025 13:34:47.602] [Render thread/INFO] [net.minecraft.advancements.AdvancementList/]: Forgot about advancement minecraft:husbandry/make_a_sign_glow
[23jul.2025 13:34:47.602] [Render thread/INFO] [net.minecraft.advancements.AdvancementList/]: Forgot about advancement minecraft:husbandry/leash_all_frog_variants
[23jul.2025 13:34:47.602] [Render thread/INFO] [net.minecraft.advancements.AdvancementList/]: Forgot about advancement minecraft:husbandry/tadpole_in_a_bucket
[23jul.2025 13:34:47.602] [Render thread/INFO] [net.minecraft.advancements.AdvancementList/]: Forgot about advancement minecraft:husbandry/root
[23jul.2025 13:34:47.602] [Render thread/INFO] [net.minecraft.advancements.AdvancementList/]: Forgot about advancement minecraft:recipes/transportation/birch_boat
[23jul.2025 13:34:47.602] [Render thread/INFO] [net.minecraft.advancements.AdvancementList/]: Forgot about advancement enhanced_playthrough:recipes/cooked_beef_from_soul_basic_smelting_beef
[23jul.2025 13:34:47.602] [Render thread/INFO] [net.minecraft.advancements.AdvancementList/]: Forgot about advancement minecraft:recipes/transportation/acacia_boat
[23jul.2025 13:34:47.602] [Render thread/INFO] [net.minecraft.advancements.AdvancementList/]: Forgot about advancement enhanced_playthrough:recipes/tools/blue_golden_shovel
[23jul.2025 13:34:47.602] [Render thread/INFO] [net.minecraft.advancements.AdvancementList/]: Forgot about advancement minecraft:recipes/transportation/cherry_boat
[23jul.2025 13:34:47.602] [Render thread/INFO] [net.minecraft.advancements.AdvancementList/]: Forgot about advancement enhanced_playthrough:recipes/combat/blue_golden_chestplate
[23jul.2025 13:34:47.603] [Render thread/WARN] [net.minecraft.advancements.AdvancementList/]: Told to remove advancement minecraft:husbandry/plant_seed but I don't know what that is
[23jul.2025 13:34:47.603] [Render thread/INFO] [net.minecraft.advancements.AdvancementList/]: Forgot about advancement minecraft:adventure/lightning_rod_with_villager_no_fire
[23jul.2025 13:34:47.619] [Render thread/INFO] [net.minecraft.advancements.AdvancementList/]: Forgot about advancement minecraft:adventure/trade_at_world_height
[23jul.2025 13:34:47.620] [Render thread/INFO] [net.minecraft.advancements.AdvancementList/]: Forgot about advancement minecraft:adventure/summon_iron_golem
[23jul.2025 13:34:47.620] [Render thread/INFO] [net.minecraft.advancements.AdvancementList/]: Forgot about advancement minecraft:adventure/trade
[23jul.2025 13:34:47.620] [Render thread/INFO] [net.minecraft.advancements.AdvancementList/]: Forgot about advancement minecraft:adventure/trim_with_all_exclusive_armor_patterns
[23jul.2025 13:34:47.620] [Render thread/INFO] [net.minecraft.advancements.AdvancementList/]: Forgot about advancement minecraft:adventure/trim_with_any_armor_pattern
[23jul.2025 13:34:47.620] [Render thread/INFO] [net.minecraft.advancements.AdvancementList/]: Forgot about advancement minecraft:adventure/fall_from_world_height
[23jul.2025 13:34:47.620] [Render thread/INFO] [net.minecraft.advancements.AdvancementList/]: Forgot about advancement minecraft:adventure/craft_decorated_pot_using_only_sherds
[23jul.2025 13:34:47.620] [Render thread/INFO] [net.minecraft.advancements.AdvancementList/]: Forgot about advancement minecraft:adventure/salvage_sherd
[23jul.2025 13:34:47.620] [Render thread/INFO] [net.minecraft.advancements.AdvancementList/]: Forgot about advancement minecraft:adventure/spyglass_at_ghast
[23jul.2025 13:34:47.620] [Render thread/INFO] [net.minecraft.advancements.AdvancementList/]: Forgot about advancement minecraft:adventure/spyglass_at_parrot
[23jul.2025 13:34:47.620] [Render thread/INFO] [net.minecraft.advancements.AdvancementList/]: Forgot about advancement minecraft:adventure/avoid_vibration
[23jul.2025 13:34:47.620] [Render thread/INFO] [net.minecraft.advancements.AdvancementList/]: Forgot about advancement minecraft:adventure/shoot_arrow
[23jul.2025 13:34:47.620] [Render thread/INFO] [net.minecraft.advancements.AdvancementList/]: Forgot about advancement minecraft:adventure/kill_mob_near_sculk_catalyst
[23jul.2025 13:34:47.621] [Render thread/INFO] [net.minecraft.advancements.AdvancementList/]: Forgot about advancement minecraft:adventure/kill_all_mobs
[23jul.2025 13:34:47.621] [Render thread/INFO] [net.minecraft.advancements.AdvancementList/]: Forgot about advancement minecraft:adventure/throw_trident
[23jul.2025 13:34:47.621] [Render thread/INFO] [net.minecraft.advancements.AdvancementList/]: Forgot about advancement minecraft:adventure/totem_of_undying
[23jul.2025 13:34:47.621] [Render thread/INFO] [net.minecraft.advancements.AdvancementList/]: Forgot about advancement minecraft:adventure/kill_a_mob
[23jul.2025 13:34:47.621] [Render thread/INFO] [net.minecraft.advancements.AdvancementList/]: Forgot about advancement minecraft:adventure/honey_block_slide
[23jul.2025 13:34:47.626] [Render thread/INFO] [net.minecraft.advancements.AdvancementList/]: Forgot about advancement minecraft:adventure/two_birds_one_arrow
[23jul.2025 13:34:47.626] [Render thread/INFO] [net.minecraft.advancements.AdvancementList/]: Forgot about advancement minecraft:adventure/whos_the_pillager_now
[23jul.2025 13:34:47.627] [Render thread/INFO] [net.minecraft.advancements.AdvancementList/]: Forgot about advancement minecraft:adventure/ol_betsy
[23jul.2025 13:34:47.627] [Render thread/INFO] [net.minecraft.advancements.AdvancementList/]: Forgot about advancement minecraft:adventure/read_power_of_chiseled_bookshelf
[23jul.2025 13:34:47.627] [Render thread/INFO] [net.minecraft.advancements.AdvancementList/]: Forgot about advancement minecraft:adventure/walk_on_powder_snow_with_leather_boots
[23jul.2025 13:34:47.627] [Render thread/INFO] [net.minecraft.advancements.AdvancementList/]: Forgot about advancement minecraft:adventure/play_jukebox_in_meadows
[23jul.2025 13:34:47.627] [Render thread/INFO] [net.minecraft.advancements.AdvancementList/]: Forgot about advancement minecraft:adventure/adventuring_time
[23jul.2025 13:34:47.627] [Render thread/INFO] [net.minecraft.advancements.AdvancementList/]: Forgot about advancement minecraft:adventure/sleep_in_bed
[23jul.2025 13:34:47.627] [Render thread/INFO] [net.minecraft.advancements.AdvancementList/]: Forgot about advancement minecraft:adventure/root
[23jul.2025 13:34:47.627] [Render thread/INFO] [net.minecraft.advancements.AdvancementList/]: Forgot about advancement minecraft:recipes/misc/mangrove_boat
[23jul.2025 13:34:47.627] [Render thread/INFO] [net.minecraft.advancements.AdvancementList/]: Forgot about advancement minecraft:recipes/transportation/jungle_boat
[23jul.2025 13:34:47.627] [Render thread/WARN] [net.minecraft.advancements.AdvancementList/]: Told to remove advancement minecraft:adventure/shoot_arrow but I don't know what that is
[23jul.2025 13:34:47.627] [Render thread/WARN] [net.minecraft.advancements.AdvancementList/]: Told to remove advancement minecraft:husbandry/ride_a_boat_with_a_goat but I don't know what that is
[23jul.2025 13:34:47.627] [Render thread/INFO] [net.minecraft.advancements.AdvancementList/]: Forgot about advancement minecraft:recipes/misc/spruce_boat
[23jul.2025 13:34:47.628] [Render thread/INFO] [net.minecraft.advancements.AdvancementList/]: Forgot about advancement enhanced_playthrough:recipes/tools/blue_golden_polisher
[23jul.2025 13:34:47.628] [Render thread/INFO] [net.minecraft.advancements.AdvancementList/]: Forgot about advancement minecraft:recipes/transportation/dark_oak_boat
[23jul.2025 13:34:47.628] [Render thread/WARN] [net.minecraft.advancements.AdvancementList/]: Told to remove advancement minecraft:husbandry/silk_touch_nest but I don't know what that is
[23jul.2025 13:34:47.628] [Render thread/INFO] [net.minecraft.advancements.AdvancementList/]: Forgot about advancement enhanced_playthrough:recipes/misc/apple_boat
[23jul.2025 13:34:47.628] [Render thread/INFO] [net.minecraft.advancements.AdvancementList/]: Forgot about advancement enhanced_playthrough:recipes/tools/rose_golden_polisher
[23jul.2025 13:34:47.628] [Render thread/WARN] [net.minecraft.advancements.AdvancementList/]: Told to remove advancement minecraft:adventure/kill_mob_near_sculk_catalyst but I don't know what that is
[23jul.2025 13:34:47.628] [Render thread/INFO] [net.minecraft.advancements.AdvancementList/]: Forgot about advancement enhanced_playthrough:recipes/combat/blue_golden_sword
[23jul.2025 13:34:47.628] [Render thread/WARN] [net.minecraft.advancements.AdvancementList/]: Told to remove advancement minecraft:husbandry/fishy_business but I don't know what that is
[23jul.2025 13:34:47.628] [Render thread/WARN] [net.minecraft.advancements.AdvancementList/]: Told to remove advancement minecraft:adventure/kill_all_mobs but I don't know what that is
[23jul.2025 13:34:47.628] [Render thread/WARN] [net.minecraft.advancements.AdvancementList/]: Told to remove advancement minecraft:adventure/two_birds_one_arrow but I don't know what that is
[23jul.2025 13:34:47.628] [Render thread/WARN] [net.minecraft.advancements.AdvancementList/]: Told to remove advancement minecraft:adventure/lightning_rod_with_villager_no_fire but I don't know what that is
[23jul.2025 13:34:47.628] [Render thread/INFO] [net.minecraft.advancements.AdvancementList/]: Forgot about advancement enhanced_playthrough:recipes/combat/green_golden_leggings
[23jul.2025 13:34:47.628] [Render thread/WARN] [net.minecraft.advancements.AdvancementList/]: Told to remove advancement minecraft:husbandry/safely_harvest_honey but I don't know what that is
[23jul.2025 13:34:47.628] [Render thread/WARN] [net.minecraft.advancements.AdvancementList/]: Told to remove advancement minecraft:husbandry/breed_an_animal but I don't know what that is
[23jul.2025 13:34:47.628] [Render thread/WARN] [net.minecraft.advancements.AdvancementList/]: Told to remove advancement minecraft:adventure/whos_the_pillager_now but I don't know what that is
[23jul.2025 13:34:47.628] [Render thread/INFO] [net.minecraft.advancements.AdvancementList/]: Forgot about advancement minecraft:recipes/misc/oak_boat
[23jul.2025 13:34:47.628] [Render thread/WARN] [net.minecraft.advancements.AdvancementList/]: Told to remove advancement minecraft:adventure/trade but I don't know what that is
[23jul.2025 13:34:47.632] [Render thread/INFO] [net.minecraft.advancements.AdvancementList/]: Forgot about advancement minecraft:recipes/misc/birch_boat
[23jul.2025 13:34:47.632] [Render thread/INFO] [net.minecraft.advancements.AdvancementList/]: Forgot about advancement minecraft:recipes/food/cooked_beef_from_smoking
[23jul.2025 13:34:47.632] [Render thread/INFO] [net.minecraft.advancements.AdvancementList/]: Forgot about advancement enhanced_playthrough:recipes/misc/blue_gold_ingot_from_nuggets
[23jul.2025 13:34:47.632] [Render thread/INFO] [net.minecraft.advancements.AdvancementList/]: Forgot about advancement enhanced_playthrough:recipes/combat/rose_golden_chestplate
[23jul.2025 13:34:47.632] [Render thread/WARN] [net.minecraft.advancements.AdvancementList/]: Told to remove advancement minecraft:husbandry/complete_catalogue but I don't know what that is
[23jul.2025 13:34:47.632] [Render thread/WARN] [net.minecraft.advancements.AdvancementList/]: Told to remove advancement minecraft:adventure/spyglass_at_ghast but I don't know what that is
[23jul.2025 13:34:47.632] [Render thread/WARN] [net.minecraft.advancements.AdvancementList/]: Told to remove advancement minecraft:adventure/trim_with_any_armor_pattern but I don't know what that is
[23jul.2025 13:34:47.632] [Render thread/WARN] [net.minecraft.advancements.AdvancementList/]: Told to remove advancement minecraft:adventure/trade_at_world_height but I don't know what that is
[23jul.2025 13:34:47.632] [Render thread/INFO] [net.minecraft.advancements.AdvancementList/]: Forgot about advancement minecraft:recipes/food/cooked_beef_from_campfire_cooking
[23jul.2025 13:34:47.632] [Render thread/INFO] [net.minecraft.advancements.AdvancementList/]: Forgot about advancement enhanced_playthrough:recipes/tools/green_golden_polisher
[23jul.2025 13:34:47.634] [Render thread/INFO] [net.minecraft.advancements.AdvancementList/]: Forgot about advancement enhanced_playthrough:recipes/misc/green_gold_ingot_from_nuggets
[23jul.2025 13:34:47.634] [Render thread/INFO] [net.minecraft.advancements.AdvancementList/]: Forgot about advancement enhanced_playthrough:recipes/blue_gold_dust_from_mechanical_grinding
[23jul.2025 13:34:47.634] [Render thread/INFO] [net.minecraft.advancements.AdvancementList/]: Forgot about advancement minecraft:recipes/transportation/oak_boat
[23jul.2025 13:34:47.635] [Render thread/INFO] [net.minecraft.advancements.AdvancementList/]: Forgot about advancement enhanced_playthrough:recipes/misc/blue_gold_block
[23jul.2025 13:34:47.637] [Render thread/INFO] [net.minecraft.advancements.AdvancementList/]: Forgot about advancement enhanced_playthrough:recipes/misc/blue_gold_nugget_from_blasting
[23jul.2025 13:34:47.638] [Render thread/INFO] [net.minecraft.advancements.AdvancementList/]: Forgot about advancement enhanced_playthrough:recipes/tools/rose_golden_hoe
[23jul.2025 13:34:47.639] [Render thread/WARN] [net.minecraft.advancements.AdvancementList/]: Told to remove advancement enhanced_playthrough:buttercup but I don't know what that is
[23jul.2025 13:34:47.639] [Render thread/WARN] [net.minecraft.advancements.AdvancementList/]: Told to remove advancement minecraft:adventure/fall_from_world_height but I don't know what that is
[23jul.2025 13:34:47.639] [Render thread/INFO] [net.minecraft.advancements.AdvancementList/]: Forgot about advancement enhanced_playthrough:recipes/misc/blue_gold_ingot_from_block
[23jul.2025 13:34:47.639] [Render thread/WARN] [net.minecraft.advancements.AdvancementList/]: Told to remove advancement minecraft:husbandry/tame_an_animal but I don't know what that is
[23jul.2025 13:34:47.639] [Render thread/INFO] [net.minecraft.advancements.AdvancementList/]: Loaded 2 advancements
[23jul.2025 13:34:50.211] [Server thread/INFO] [net.minecraft.client.server.IntegratedServer/]: Saving and pausing game...
[23jul.2025 13:34:50.252] [Server thread/INFO] [net.minecraft.server.MinecraftServer/]: Saving chunks for level 'ServerLevel[EMT 2-tfu-khj]'/minecraft:overworld
[23jul.2025 13:34:50.283] [Server thread/INFO] [net.minecraft.server.MinecraftServer/]: Saving chunks for level 'ServerLevel[EMT 2-tfu-khj]'/minecraft:the_nether
[23jul.2025 13:34:50.289] [Server thread/INFO] [net.minecraft.server.MinecraftServer/]: Saving chunks for level 'ServerLevel[EMT 2-tfu-khj]'/minecraft:the_end
[23jul.2025 13:35:00.139] [Render thread/INFO] [net.minecraft.advancements.AdvancementList/]: Loaded 4 advancements
[23jul.2025 13:35:17.235] [Server thread/INFO] [net.minecraft.server.MinecraftServer/]: Dev acaba de conseguir el progreso [La raiz de todo]
[23jul.2025 13:35:17.251] [Render thread/INFO] [net.minecraft.client.gui.components.ChatComponent/]: [System] [CHAT] Dev acaba de conseguir el progreso [La raiz de todo]
[23jul.2025 13:35:17.284] [Render thread/INFO] [net.minecraft.advancements.AdvancementList/]: Loaded 12 advancements
[23jul.2025 13:35:21.411] [Server thread/INFO] [net.minecraft.client.server.IntegratedServer/]: Saving and pausing game...
[23jul.2025 13:35:21.451] [Server thread/INFO] [net.minecraft.server.MinecraftServer/]: Saving chunks for level 'ServerLevel[EMT 2-tfu-khj]'/minecraft:overworld
[23jul.2025 13:35:21.469] [Server thread/INFO] [net.minecraft.server.MinecraftServer/]: Saving chunks for level 'ServerLevel[EMT 2-tfu-khj]'/minecraft:the_nether
[23jul.2025 13:35:21.474] [Server thread/INFO] [net.minecraft.server.MinecraftServer/]: Saving chunks for level 'ServerLevel[EMT 2-tfu-khj]'/minecraft:the_end
[23jul.2025 13:35:43.749] [Render thread/INFO] [net.minecraft.advancements.AdvancementList/]: Loaded 22 advancements
[23jul.2025 13:35:44.516] [Server thread/INFO] [net.minecraft.client.server.IntegratedServer/]: Saving and pausing game...
[23jul.2025 13:35:44.558] [Server thread/INFO] [net.minecraft.server.MinecraftServer/]: Saving chunks for level 'ServerLevel[EMT 2-tfu-khj]'/minecraft:overworld
[23jul.2025 13:35:44.601] [Server thread/INFO] [net.minecraft.server.MinecraftServer/]: Saving chunks for level 'ServerLevel[EMT 2-tfu-khj]'/minecraft:the_nether
[23jul.2025 13:35:44.607] [Server thread/INFO] [net.minecraft.server.MinecraftServer/]: Saving chunks for level 'ServerLevel[EMT 2-tfu-khj]'/minecraft:the_end
[23jul.2025 13:36:09.541] [Render thread/INFO] [net.minecraft.advancements.AdvancementList/]: Loaded 24 advancements
[23jul.2025 13:36:21.303] [Render thread/INFO] [net.minecraft.advancements.AdvancementList/]: Loaded 27 advancements
[23jul.2025 13:36:22.040] [Render thread/INFO] [net.minecraft.advancements.AdvancementList/]: Loaded 30 advancements
[23jul.2025 13:36:22.680] [Render thread/INFO] [net.minecraft.advancements.AdvancementList/]: Loaded 33 advancements
[23jul.2025 13:36:23.279] [Render thread/INFO] [net.minecraft.advancements.AdvancementList/]: Loaded 35 advancements
[23jul.2025 13:36:23.927] [Render thread/INFO] [net.minecraft.advancements.AdvancementList/]: Loaded 38 advancements
[23jul.2025 13:36:24.685] [Render thread/INFO] [net.minecraft.advancements.AdvancementList/]: Loaded 41 advancements
[23jul.2025 13:36:25.378] [Render thread/INFO] [net.minecraft.advancements.AdvancementList/]: Loaded 44 advancements
[23jul.2025 13:36:26.674] [Render thread/INFO] [net.minecraft.advancements.AdvancementList/]: Loaded 47 advancements
[23jul.2025 13:36:27.328] [Render thread/INFO] [net.minecraft.advancements.AdvancementList/]: Loaded 50 advancements
[23jul.2025 13:36:29.963] [Render thread/INFO] [net.minecraft.advancements.AdvancementList/]: Loaded 54 advancements
[23jul.2025 13:36:30.784] [Render thread/INFO] [net.minecraft.advancements.AdvancementList/]: Loaded 57 advancements
[23jul.2025 13:36:31.636] [Render thread/INFO] [net.minecraft.advancements.AdvancementList/]: Loaded 60 advancements
[23jul.2025 13:36:34.288] [Server thread/INFO] [net.minecraft.server.MinecraftServer/]: Dev acaba de conseguir el progreso [David]
[23jul.2025 13:36:34.304] [Render thread/INFO] [net.minecraft.client.gui.components.ChatComponent/]: [System] [CHAT] Dev acaba de conseguir el progreso [David]
[23jul.2025 13:36:34.337] [Render thread/INFO] [net.minecraft.advancements.AdvancementList/]: Loaded 62 advancements
[23jul.2025 13:36:42.031] [Render thread/INFO] [net.minecraft.advancements.AdvancementList/]: Loaded 64 advancements
[23jul.2025 13:36:42.734] [Render thread/INFO] [net.minecraft.advancements.AdvancementList/]: Loaded 66 advancements
[23jul.2025 13:36:43.375] [Render thread/INFO] [net.minecraft.advancements.AdvancementList/]: Loaded 68 advancements
[23jul.2025 13:36:44.037] [Render thread/INFO] [net.minecraft.advancements.AdvancementList/]: Loaded 70 advancements
[23jul.2025 13:36:45.639] [Server thread/INFO] [net.minecraft.server.MinecraftServer/]: Dev acaba de completar el desafío [El diario de la botecaria]
[23jul.2025 13:36:45.640] [Server thread/INFO] [net.minecraft.server.MinecraftServer/]: Dev acaba de conseguir el progreso [Goliat]
[23jul.2025 13:36:45.653] [Render thread/INFO] [net.minecraft.client.gui.components.ChatComponent/]: [System] [CHAT] Dev acaba de completar el desafío [El diario de la botecaria]
[23jul.2025 13:36:45.655] [Render thread/INFO] [net.minecraft.client.gui.components.ChatComponent/]: [System] [CHAT] Dev acaba de conseguir el progreso [Goliat]
[23jul.2025 13:36:45.691] [Render thread/INFO] [net.minecraft.advancements.AdvancementList/]: Loaded 74 advancements
[23jul.2025 13:36:57.219] [Server thread/INFO] [net.minecraft.client.server.IntegratedServer/]: Saving and pausing game...
[23jul.2025 13:36:57.280] [Server thread/INFO] [net.minecraft.server.MinecraftServer/]: Saving chunks for level 'ServerLevel[EMT 2-tfu-khj]'/minecraft:overworld
[23jul.2025 13:36:57.300] [Server thread/INFO] [net.minecraft.server.MinecraftServer/]: Saving chunks for level 'ServerLevel[EMT 2-tfu-khj]'/minecraft:the_nether
[23jul.2025 13:36:57.302] [Server thread/INFO] [net.minecraft.server.MinecraftServer/]: Saving chunks for level 'ServerLevel[EMT 2-tfu-khj]'/minecraft:the_end
[23jul.2025 13:37:29.815] [Server thread/INFO] [net.minecraft.server.MinecraftServer/]: Dev acaba de conseguir el progreso [advancement.enhanced_playthrough.title.survival.the_aluminated]
[23jul.2025 13:37:29.817] [Server thread/INFO] [net.minecraft.server.MinecraftServer/]: [Dev: Se dio el progreso [advancement.enhanced_playthrough.title.survival.the_aluminated] a Dev]
[23jul.2025 13:37:29.822] [Render thread/INFO] [net.minecraft.client.gui.components.ChatComponent/]: [System] [CHAT] Dev acaba de conseguir el progreso [advancement.enhanced_playthrough.title.survival.the_aluminated]
[23jul.2025 13:37:29.824] [Render thread/INFO] [net.minecraft.client.gui.components.ChatComponent/]: [System] [CHAT] Se dio el progreso [advancement.enhanced_playthrough.title.survival.the_aluminated] a Dev
[23jul.2025 13:37:29.839] [Render thread/INFO] [net.minecraft.advancements.AdvancementList/]: Loaded 80 advancements
[23jul.2025 13:37:33.711] [Server thread/INFO] [net.minecraft.client.server.IntegratedServer/]: Saving and pausing game...
[23jul.2025 13:37:33.749] [Server thread/INFO] [net.minecraft.server.MinecraftServer/]: Saving chunks for level 'ServerLevel[EMT 2-tfu-khj]'/minecraft:overworld
[23jul.2025 13:37:33.763] [Server thread/INFO] [net.minecraft.server.MinecraftServer/]: Saving chunks for level 'ServerLevel[EMT 2-tfu-khj]'/minecraft:the_nether
[23jul.2025 13:37:33.766] [Server thread/INFO] [net.minecraft.server.MinecraftServer/]: Saving chunks for level 'ServerLevel[EMT 2-tfu-khj]'/minecraft:the_end
[23jul.2025 13:38:00.178] [Server thread/INFO] [net.minecraft.server.MinecraftServer/]: Dev acaba de conseguir el progreso [Bombón]
[23jul.2025 13:38:00.179] [Server thread/INFO] [net.minecraft.server.MinecraftServer/]: Dev acaba de conseguir el progreso [Bellota]
[23jul.2025 13:38:00.180] [Server thread/INFO] [net.minecraft.server.MinecraftServer/]: Dev acaba de conseguir el progreso [Búrbuja]
[23jul.2025 13:38:00.180] [Server thread/INFO] [net.minecraft.server.MinecraftServer/]: Dev acaba de conseguir el progreso [Un asunto adoquinado]
[23jul.2025 13:38:00.180] [Server thread/INFO] [net.minecraft.server.MinecraftServer/]: Dev acaba de conseguir el progreso [Eso... es nuevo]
[23jul.2025 13:38:00.180] [Server thread/INFO] [net.minecraft.server.MinecraftServer/]: Dev acaba de conseguir el progreso [Platón, el herrero]
[23jul.2025 13:38:00.183] [Render thread/INFO] [net.minecraft.client.gui.components.ChatComponent/]: [System] [CHAT] Dev acaba de conseguir el progreso [Bombón]
[23jul.2025 13:38:00.184] [Render thread/INFO] [net.minecraft.client.gui.components.ChatComponent/]: [System] [CHAT] Dev acaba de conseguir el progreso [Bellota]
[23jul.2025 13:38:00.184] [Render thread/INFO] [net.minecraft.client.gui.components.ChatComponent/]: [System] [CHAT] Dev acaba de conseguir el progreso [Búrbuja]
[23jul.2025 13:38:00.184] [Render thread/INFO] [net.minecraft.client.gui.components.ChatComponent/]: [System] [CHAT] Dev acaba de conseguir el progreso [Un asunto adoquinado]
[23jul.2025 13:38:00.184] [Render thread/INFO] [net.minecraft.client.gui.components.ChatComponent/]: [System] [CHAT] Dev acaba de conseguir el progreso [Eso... es nuevo]
[23jul.2025 13:38:00.184] [Render thread/INFO] [net.minecraft.client.gui.components.ChatComponent/]: [System] [CHAT] Dev acaba de conseguir el progreso [Platón, el herrero]
[23jul.2025 13:38:00.185] [Server thread/INFO] [net.minecraft.server.MinecraftServer/]: Dev acaba de completar el desafío [Amor platónico]
[23jul.2025 13:38:00.185] [Server thread/INFO] [net.minecraft.server.MinecraftServer/]: Dev acaba de conseguir el progreso [Bronceado divino]
[23jul.2025 13:38:00.185] [Server thread/INFO] [net.minecraft.server.MinecraftServer/]: Dev acaba de conseguir el progreso [No tiende a-cero]
[23jul.2025 13:38:00.186] [Server thread/INFO] [net.minecraft.server.MinecraftServer/]: Dev acaba de completar el desafío [Las chicas súper-doradas]
[23jul.2025 13:38:00.187] [Server thread/INFO] [net.minecraft.server.MinecraftServer/]: [Dev: Se dieron 12 progresos a Dev]
[23jul.2025 13:38:00.200] [Render thread/INFO] [net.minecraft.client.gui.components.ChatComponent/]: [System] [CHAT] Dev acaba de completar el desafío [Amor platónico]
[23jul.2025 13:38:00.200] [Render thread/INFO] [net.minecraft.client.gui.components.ChatComponent/]: [System] [CHAT] Dev acaba de conseguir el progreso [Bronceado divino]
[23jul.2025 13:38:00.200] [Render thread/INFO] [net.minecraft.client.gui.components.ChatComponent/]: [System] [CHAT] Dev acaba de conseguir el progreso [No tiende a-cero]
[23jul.2025 13:38:00.201] [Render thread/INFO] [net.minecraft.client.gui.components.ChatComponent/]: [System] [CHAT] Dev acaba de completar el desafío [Las chicas súper-doradas]
[23jul.2025 13:38:00.201] [Render thread/INFO] [net.minecraft.client.gui.components.ChatComponent/]: [System] [CHAT] Se dieron 12 progresos a Dev
[23jul.2025 13:38:00.234] [Render thread/INFO] [net.minecraft.advancements.AdvancementList/]: Loaded 94 advancements
[23jul.2025 13:38:13.761] [Server thread/INFO] [net.minecraft.client.server.IntegratedServer/]: Saving and pausing game...
[23jul.2025 13:38:13.800] [Server thread/INFO] [net.minecraft.server.MinecraftServer/]: Saving chunks for level 'ServerLevel[EMT 2-tfu-khj]'/minecraft:overworld
[23jul.2025 13:38:13.819] [Server thread/INFO] [net.minecraft.server.MinecraftServer/]: Saving chunks for level 'ServerLevel[EMT 2-tfu-khj]'/minecraft:the_nether
[23jul.2025 13:38:13.822] [Server thread/INFO] [net.minecraft.server.MinecraftServer/]: Saving chunks for level 'ServerLevel[EMT 2-tfu-khj]'/minecraft:the_end
[23jul.2025 13:39:24.711] [Server thread/INFO] [net.minecraft.client.server.IntegratedServer/]: Saving and pausing game...
[23jul.2025 13:39:24.755] [Server thread/INFO] [net.minecraft.server.MinecraftServer/]: Saving chunks for level 'ServerLevel[EMT 2-tfu-khj]'/minecraft:overworld
[23jul.2025 13:39:24.772] [Server thread/INFO] [net.minecraft.server.MinecraftServer/]: Saving chunks for level 'ServerLevel[EMT 2-tfu-khj]'/minecraft:the_nether
[23jul.2025 13:39:24.775] [Server thread/INFO] [net.minecraft.server.MinecraftServer/]: Saving chunks for level 'ServerLevel[EMT 2-tfu-khj]'/minecraft:the_end
[23jul.2025 13:39:39.312] [Server thread/INFO] [net.minecraft.client.server.IntegratedServer/]: Saving and pausing game...
[23jul.2025 13:39:39.361] [Server thread/INFO] [net.minecraft.server.MinecraftServer/]: Saving chunks for level 'ServerLevel[EMT 2-tfu-khj]'/minecraft:overworld
[23jul.2025 13:39:39.378] [Server thread/INFO] [net.minecraft.server.MinecraftServer/]: Saving chunks for level 'ServerLevel[EMT 2-tfu-khj]'/minecraft:the_nether
[23jul.2025 13:39:39.382] [Server thread/INFO] [net.minecraft.server.MinecraftServer/]: Saving chunks for level 'ServerLevel[EMT 2-tfu-khj]'/minecraft:the_end
[23jul.2025 13:39:53.060] [Server thread/INFO] [net.minecraft.server.MinecraftServer/]: Dev acaba de conseguir el progreso [Intento de grinch]
[23jul.2025 13:39:53.061] [Server thread/INFO] [net.minecraft.server.MinecraftServer/]: Dev acaba de conseguir el progreso [Horizonte azulado]
[23jul.2025 13:39:53.061] [Server thread/INFO] [net.minecraft.server.MinecraftServer/]: Dev acaba de conseguir el progreso [Pajarito enojón]
[23jul.2025 13:39:53.063] [Server thread/INFO] [net.minecraft.server.MinecraftServer/]: Dev acaba de completar el desafío [Caos por doquier]
[23jul.2025 13:39:53.063] [Server thread/INFO] [net.minecraft.server.MinecraftServer/]: Dev acaba de conseguir el progreso [El color de mi corazón]
[23jul.2025 13:39:53.064] [Server thread/INFO] [net.minecraft.server.MinecraftServer/]: Dev acaba de conseguir el progreso [Estás acá, Lucy?]
[23jul.2025 13:39:53.064] [Server thread/INFO] [net.minecraft.server.MinecraftServer/]: [Dev: Se dieron 11 progresos a Dev]
[23jul.2025 13:39:53.076] [Render thread/INFO] [net.minecraft.client.gui.components.ChatComponent/]: [System] [CHAT] Dev acaba de conseguir el progreso [Intento de grinch]
[23jul.2025 13:39:53.077] [Render thread/INFO] [net.minecraft.client.gui.components.ChatComponent/]: [System] [CHAT] Dev acaba de conseguir el progreso [Horizonte azulado]
[23jul.2025 13:39:53.077] [Render thread/INFO] [net.minecraft.client.gui.components.ChatComponent/]: [System] [CHAT] Dev acaba de conseguir el progreso [Pajarito enojón]
[23jul.2025 13:39:53.078] [Render thread/INFO] [net.minecraft.client.gui.components.ChatComponent/]: [System] [CHAT] Dev acaba de completar el desafío [Caos por doquier]
[23jul.2025 13:39:53.078] [Render thread/INFO] [net.minecraft.client.gui.components.ChatComponent/]: [System] [CHAT] Dev acaba de conseguir el progreso [El color de mi corazón]
[23jul.2025 13:39:53.078] [Render thread/INFO] [net.minecraft.client.gui.components.ChatComponent/]: [System] [CHAT] Dev acaba de conseguir el progreso [Estás acá, Lucy?]
[23jul.2025 13:39:53.079] [Render thread/INFO] [net.minecraft.client.gui.components.ChatComponent/]: [System] [CHAT] Se dieron 11 progresos a Dev
[23jul.2025 13:39:53.079] [Render thread/INFO] [net.minecraft.advancements.AdvancementList/]: Loaded 95 advancements
[23jul.2025 13:40:01.961] [Server thread/INFO] [net.minecraft.client.server.IntegratedServer/]: Saving and pausing game...
[23jul.2025 13:40:02.010] [Server thread/INFO] [net.minecraft.server.MinecraftServer/]: Saving chunks for level 'ServerLevel[EMT 2-tfu-khj]'/minecraft:overworld
[23jul.2025 13:40:02.024] [Server thread/INFO] [net.minecraft.server.MinecraftServer/]: Saving chunks for level 'ServerLevel[EMT 2-tfu-khj]'/minecraft:the_nether
[23jul.2025 13:40:02.028] [Server thread/INFO] [net.minecraft.server.MinecraftServer/]: Saving chunks for level 'ServerLevel[EMT 2-tfu-khj]'/minecraft:the_end
[23jul.2025 13:41:40.507] [Server thread/INFO] [net.minecraft.server.MinecraftServer/]: [Dev: Se borraron 2033 progresos de Dev]
[23jul.2025 13:41:40.509] [Render thread/INFO] [net.minecraft.client.gui.components.ChatComponent/]: [System] [CHAT] Se borraron 2033 progresos de Dev
[23jul.2025 13:41:40.543] [Render thread/INFO] [net.minecraft.advancements.AdvancementList/]: Forgot about advancement enhanced_playthrough:the_aluminated
[23jul.2025 13:41:40.544] [Render thread/INFO] [net.minecraft.advancements.AdvancementList/]: Forgot about advancement enhanced_playthrough:steel_isnt_enough
[23jul.2025 13:41:40.545] [Render thread/INFO] [net.minecraft.advancements.AdvancementList/]: Forgot about advancement enhanced_playthrough:mighty_bronze
[23jul.2025 13:41:40.545] [Render thread/INFO] [net.minecraft.advancements.AdvancementList/]: Forgot about advancement enhanced_playthrough:abrass_your_soul
[23jul.2025 13:41:40.545] [Render thread/INFO] [net.minecraft.advancements.AdvancementList/]: Forgot about advancement enhanced_playthrough:abrassive_heat
[23jul.2025 13:41:40.547] [Render thread/INFO] [net.minecraft.advancements.AdvancementList/]: Forgot about advancement enhanced_playthrough:thats_new
[23jul.2025 13:41:40.547] [Render thread/INFO] [net.minecraft.advancements.AdvancementList/]: Forgot about advancement enhanced_playthrough:stone_age
[23jul.2025 13:41:40.547] [Render thread/INFO] [net.minecraft.advancements.AdvancementList/]: Forgot about advancement enhanced_playthrough:the_goldenpuff_girls
[23jul.2025 13:41:40.547] [Render thread/INFO] [net.minecraft.advancements.AdvancementList/]: Forgot about advancement enhanced_playthrough:bubbles
[23jul.2025 13:41:40.547] [Render thread/INFO] [net.minecraft.advancements.AdvancementList/]: Forgot about advancement enhanced_playthrough:buttercup
[23jul.2025 13:41:40.547] [Render thread/INFO] [net.minecraft.advancements.AdvancementList/]: Forgot about advancement enhanced_playthrough:blossom
[23jul.2025 13:41:40.547] [Render thread/INFO] [net.minecraft.advancements.AdvancementList/]: Forgot about advancement enhanced_playthrough:survival_root
[23jul.2025 13:41:40.547] [Render thread/INFO] [net.minecraft.advancements.AdvancementList/]: Forgot about advancement enhanced_playthrough:recipes/aluminum_blue_golden_polisher_from_smithing_blue_golden_polisher_with_aluminum_ingot
[23jul.2025 13:41:40.547] [Render thread/INFO] [net.minecraft.advancements.AdvancementList/]: Forgot about advancement enhanced_playthrough:recipes/misc/blue_gold_nugget_from_smelting
[23jul.2025 13:41:40.547] [Render thread/INFO] [net.minecraft.advancements.AdvancementList/]: Forgot about advancement enhanced_playthrough:recipes/red_dye_from_mechanical_grinding_poppy
[23jul.2025 13:41:40.547] [Render thread/INFO] [net.minecraft.advancements.AdvancementList/]: Forgot about advancement enhanced_playthrough:recipes/brass_dust_from_primal_grinding
[23jul.2025 13:41:40.547] [Render thread/INFO] [net.minecraft.advancements.AdvancementList/]: Forgot about advancement minecraft:recipes/misc/magenta_dye_from_lilac
[23jul.2025 13:41:40.548] [Render thread/INFO] [net.minecraft.advancements.AdvancementList/]: Forgot about advancement minecraft:recipes/misc/light_blue_dye_from_blue_orchid
[23jul.2025 13:41:40.548] [Render thread/INFO] [net.minecraft.advancements.AdvancementList/]: Forgot about advancement enhanced_playthrough:recipes/cyan_dye_from_mechanical_grinding_cold_lyrium
[23jul.2025 13:41:40.548] [Render thread/INFO] [net.minecraft.advancements.AdvancementList/]: Forgot about advancement minecraft:recipes/misc/red_dye_from_rose_bush
[23jul.2025 13:41:40.548] [Render thread/INFO] [net.minecraft.advancements.AdvancementList/]: Forgot about advancement enhanced_playthrough:recipes/red_dye_from_mechanical_grinding_red_tulip
[23jul.2025 13:41:40.548] [Render thread/INFO] [net.minecraft.advancements.AdvancementList/]: Forgot about advancement enhanced_playthrough:recipes/yellow_dye_from_primal_grinding_dandelion
[23jul.2025 13:41:40.548] [Render thread/INFO] [net.minecraft.advancements.AdvancementList/]: Forgot about advancement minecraft:recipes/misc/pink_dye_from_peony
[23jul.2025 13:41:40.548] [Render thread/WARN] [net.minecraft.advancements.AdvancementList/]: Told to remove advancement enhanced_playthrough:mighty_bronze but I don't know what that is
[23jul.2025 13:41:40.548] [Render thread/INFO] [net.minecraft.advancements.AdvancementList/]: Forgot about advancement enhanced_playthrough:recipes/red_dye_from_primal_grinding_red_tulip
[23jul.2025 13:41:40.548] [Render thread/INFO] [net.minecraft.advancements.AdvancementList/]: Forgot about advancement enhanced_playthrough:get_all_gems
[23jul.2025 13:41:40.549] [Render thread/INFO] [net.minecraft.advancements.AdvancementList/]: Forgot about advancement minecraft:recipes/misc/light_gray_dye_from_white_tulip
[23jul.2025 13:41:40.549] [Render thread/INFO] [net.minecraft.advancements.AdvancementList/]: Forgot about advancement enhanced_playthrough:recipes/yellow_dye_from_mechanical_grinding_sunflower
[23jul.2025 13:41:40.549] [Render thread/INFO] [net.minecraft.advancements.AdvancementList/]: Forgot about advancement enhanced_playthrough:all_small_flowers
[23jul.2025 13:41:40.549] [Render thread/INFO] [net.minecraft.advancements.AdvancementList/]: Forgot about advancement enhanced_playthrough:all_flowers
[23jul.2025 13:41:40.549] [Render thread/INFO] [net.minecraft.advancements.AdvancementList/]: Forgot about advancement enhanced_playthrough:all_tall_flowers
[23jul.2025 13:41:40.549] [Render thread/INFO] [net.minecraft.advancements.AdvancementList/]: Forgot about advancement enhanced_playthrough:first_flower
[23jul.2025 13:41:40.549] [Render thread/INFO] [net.minecraft.advancements.AdvancementList/]: Forgot about advancement minecraft:recipes/misc/yellow_dye_from_sunflower
[23jul.2025 13:41:40.549] [Render thread/INFO] [net.minecraft.advancements.AdvancementList/]: Forgot about advancement enhanced_playthrough:recipes/aluminum_brass_pickaxe_from_smithing_brass_pickaxe_with_aluminum_ingot
[23jul.2025 13:41:40.549] [Render thread/INFO] [net.minecraft.advancements.AdvancementList/]: Forgot about advancement minecraft:recipes/misc/blue_dye_from_cornflower
[23jul.2025 13:41:40.549] [Render thread/INFO] [net.minecraft.advancements.AdvancementList/]: Forgot about advancement enhanced_playthrough:recipes/light_gray_dye_from_mechanical_grinding_azure_bluet
[23jul.2025 13:41:40.549] [Render thread/INFO] [net.minecraft.advancements.AdvancementList/]: Forgot about advancement enhanced_playthrough:polish_diamond
[23jul.2025 13:41:40.549] [Render thread/WARN] [net.minecraft.advancements.AdvancementList/]: Told to remove advancement enhanced_playthrough:abrass_your_soul but I don't know what that is
[23jul.2025 13:41:40.549] [Render thread/WARN] [net.minecraft.advancements.AdvancementList/]: Told to remove advancement enhanced_playthrough:all_tall_flowers but I don't know what that is
[23jul.2025 13:41:40.549] [Render thread/INFO] [net.minecraft.advancements.AdvancementList/]: Forgot about advancement enhanced_playthrough:recipes/pink_dye_from_mechanical_grinding_pink_tulip
[23jul.2025 13:41:40.549] [Render thread/INFO] [net.minecraft.advancements.AdvancementList/]: Forgot about advancement enhanced_playthrough:recipes/brass_dust_from_mechanical_grinding
[23jul.2025 13:41:40.549] [Render thread/INFO] [net.minecraft.advancements.AdvancementList/]: Forgot about advancement minecraft:recipes/decorations/chest
[23jul.2025 13:41:40.550] [Render thread/WARN] [net.minecraft.advancements.AdvancementList/]: Told to remove advancement enhanced_playthrough:stone_age but I don't know what that is
[23jul.2025 13:41:40.550] [Render thread/INFO] [net.minecraft.advancements.AdvancementList/]: Forgot about advancement minecraft:recipes/misc/magenta_dye_from_allium
[23jul.2025 13:41:40.550] [Render thread/INFO] [net.minecraft.advancements.AdvancementList/]: Forgot about advancement enhanced_playthrough:recipes/pink_dye_from_mechanical_grinding_peony
[23jul.2025 13:41:40.550] [Render thread/INFO] [net.minecraft.advancements.AdvancementList/]: Forgot about advancement minecraft:recipes/misc/red_dye_from_poppy
[23jul.2025 13:41:40.550] [Render thread/INFO] [net.minecraft.advancements.AdvancementList/]: Forgot about advancement enhanced_playthrough:recipes/cyan_dye_from_primal_grinding_cold_lyrium
[23jul.2025 13:41:40.550] [Render thread/INFO] [net.minecraft.advancements.AdvancementList/]: Forgot about advancement enhanced_playthrough:recipes/lime_dye_from_primal_grinding_succulent
[23jul.2025 13:41:40.550] [Render thread/INFO] [net.minecraft.advancements.AdvancementList/]: Forgot about advancement enhanced_playthrough:recipes/light_blue_dye_from_primal_grinding_blue_orchid
[23jul.2025 13:41:40.550] [Render thread/INFO] [net.minecraft.advancements.AdvancementList/]: Forgot about advancement enhanced_playthrough:recipes/light_gray_dye_from_primal_grinding_oxeye_daisy
[23jul.2025 13:41:40.550] [Render thread/INFO] [net.minecraft.advancements.AdvancementList/]: Forgot about advancement enhanced_playthrough:recipes/blue_dye_from_primal_grinding_cornflower
[23jul.2025 13:41:40.550] [Render thread/INFO] [net.minecraft.advancements.AdvancementList/]: Forgot about advancement enhanced_playthrough:recipes/white_dye_from_primal_grinding_lily_of_the_valley
[23jul.2025 13:41:40.550] [Render thread/INFO] [net.minecraft.advancements.AdvancementList/]: Forgot about advancement enhanced_playthrough:polish_diamond
[23jul.2025 13:41:40.550] [Render thread/INFO] [net.minecraft.advancements.AdvancementList/]: Forgot about advancement enhanced_playthrough:polish_garnet
[23jul.2025 13:41:40.550] [Render thread/WARN] [net.minecraft.advancements.AdvancementList/]: Told to remove advancement enhanced_playthrough:steel_isnt_enough but I don't know what that is
[23jul.2025 13:41:40.550] [Render thread/INFO] [net.minecraft.advancements.AdvancementList/]: Forgot about advancement enhanced_playthrough:recipes/black_dye_from_mechanical_grinding_wither_rose
[23jul.2025 13:41:40.551] [Render thread/INFO] [net.minecraft.advancements.AdvancementList/]: Forgot about advancement minecraft:recipes/misc/yellow_dye_from_dandelion
[23jul.2025 13:41:40.551] [Render thread/INFO] [net.minecraft.advancements.AdvancementList/]: Forgot about advancement minecraft:recipes/misc/red_dye_from_tulip
[23jul.2025 13:41:40.551] [Render thread/INFO] [net.minecraft.advancements.AdvancementList/]: Forgot about advancement enhanced_playthrough:recipes/magenta_dye_from_primal_grinding_allium
[23jul.2025 13:41:40.551] [Render thread/INFO] [net.minecraft.advancements.AdvancementList/]: Forgot about advancement minecraft:recipes/misc/flower_banner_pattern
[23jul.2025 13:41:40.551] [Render thread/INFO] [net.minecraft.advancements.AdvancementList/]: Forgot about advancement enhanced_playthrough:recipes/misc/brass_nugget_from_smelting
[23jul.2025 13:41:40.551] [Render thread/INFO] [net.minecraft.advancements.AdvancementList/]: Forgot about advancement enhanced_playthrough:recipes/white_dye_from_mechanical_grinding_lily_of_the_valley
[23jul.2025 13:41:40.551] [Render thread/INFO] [net.minecraft.advancements.AdvancementList/]: Forgot about advancement enhanced_playthrough:recipes/tools/blue_golden_polisher
[23jul.2025 13:41:40.551] [Render thread/INFO] [net.minecraft.advancements.AdvancementList/]: Forgot about advancement minecraft:recipes/misc/orange_dye_from_orange_tulip
[23jul.2025 13:41:40.551] [Render thread/WARN] [net.minecraft.advancements.AdvancementList/]: Told to remove advancement enhanced_playthrough:all_flowers but I don't know what that is
[23jul.2025 13:41:40.551] [Render thread/INFO] [net.minecraft.advancements.AdvancementList/]: Forgot about advancement enhanced_playthrough:recipes/light_gray_dye_from_mechanical_grinding_white_tulip
[23jul.2025 13:41:40.551] [Render thread/WARN] [net.minecraft.advancements.AdvancementList/]: Told to remove advancement enhanced_playthrough:abrassive_heat but I don't know what that is
[23jul.2025 13:41:40.551] [Render thread/INFO] [net.minecraft.advancements.AdvancementList/]: Forgot about advancement enhanced_playthrough:recipes/magenta_dye_from_mechanical_grinding_lilac
[23jul.2025 13:41:40.552] [Render thread/INFO] [net.minecraft.advancements.AdvancementList/]: Forgot about advancement enhanced_playthrough:recipes/combat/blue_golden_sword
[23jul.2025 13:41:40.552] [Render thread/INFO] [net.minecraft.advancements.AdvancementList/]: Forgot about advancement enhanced_playthrough:recipes/light_blue_dye_from_mechanical_grinding_blue_orchid
[23jul.2025 13:41:40.552] [Render thread/INFO] [net.minecraft.advancements.AdvancementList/]: Forgot about advancement enhanced_playthrough:recipes/misc/brass_nugget_from_blasting
[23jul.2025 13:41:40.552] [Render thread/WARN] [net.minecraft.advancements.AdvancementList/]: Told to remove advancement enhanced_playthrough:all_small_flowers but I don't know what that is
[23jul.2025 13:41:40.552] [Render thread/INFO] [net.minecraft.advancements.AdvancementList/]: Forgot about advancement enhanced_playthrough:recipes/bronzium_pickaxe_from_smithing_brass_pickaxe_with_bronzium_ingot
[23jul.2025 13:41:40.552] [Render thread/INFO] [net.minecraft.advancements.AdvancementList/]: Forgot about advancement enhanced_playthrough:recipes/lime_dye_from_mechanical_grinding_succulent
[23jul.2025 13:41:40.552] [Render thread/INFO] [net.minecraft.advancements.AdvancementList/]: Forgot about advancement enhanced_playthrough:all_small_flowers
[23jul.2025 13:41:40.552] [Render thread/INFO] [net.minecraft.advancements.AdvancementList/]: Forgot about advancement enhanced_playthrough:all_flowers
[23jul.2025 13:41:40.552] [Render thread/INFO] [net.minecraft.advancements.AdvancementList/]: Forgot about advancement enhanced_playthrough:all_tall_flowers
[23jul.2025 13:41:40.552] [Render thread/INFO] [net.minecraft.advancements.AdvancementList/]: Forgot about advancement enhanced_playthrough:first_flower
[23jul.2025 13:41:40.552] [Render thread/INFO] [net.minecraft.advancements.AdvancementList/]: Forgot about advancement enhanced_playthrough:get_all_gems
[23jul.2025 13:41:40.552] [Render thread/INFO] [net.minecraft.advancements.AdvancementList/]: Forgot about advancement enhanced_playthrough:polish_diamond
[23jul.2025 13:41:40.552] [Render thread/INFO] [net.minecraft.advancements.AdvancementList/]: Forgot about advancement enhanced_playthrough:polish_garnet
[23jul.2025 13:41:40.552] [Render thread/INFO] [net.minecraft.advancements.AdvancementList/]: Forgot about advancement enhanced_playthrough:polish_ruby
[23jul.2025 13:41:40.552] [Render thread/INFO] [net.minecraft.advancements.AdvancementList/]: Forgot about advancement enhanced_playthrough:polish_sapphire
[23jul.2025 13:41:40.552] [Render thread/INFO] [net.minecraft.advancements.AdvancementList/]: Forgot about advancement enhanced_playthrough:polish_emerald
[23jul.2025 13:41:40.552] [Render thread/INFO] [net.minecraft.advancements.AdvancementList/]: Forgot about advancement enhanced_playthrough:gem_root
[23jul.2025 13:41:40.552] [Render thread/INFO] [net.minecraft.advancements.AdvancementList/]: Forgot about advancement enhanced_playthrough:recipes/orange_dye_from_primal_grinding_orange_tulip
[23jul.2025 13:41:40.552] [Render thread/INFO] [net.minecraft.advancements.AdvancementList/]: Forgot about advancement enhanced_playthrough:recipes/light_gray_dye_from_primal_grinding_white_tulip
[23jul.2025 13:41:40.552] [Render thread/WARN] [net.minecraft.advancements.AdvancementList/]: Told to remove advancement enhanced_playthrough:thats_new but I don't know what that is
[23jul.2025 13:41:40.552] [Render thread/INFO] [net.minecraft.advancements.AdvancementList/]: Forgot about advancement enhanced_playthrough:recipes/orange_dye_from_mechanical_grinding_orange_tulip
[23jul.2025 13:41:40.552] [Render thread/INFO] [net.minecraft.advancements.AdvancementList/]: Forgot about advancement enhanced_playthrough:recipes/orange_dye_from_mechanical_grinding_torchflower
[23jul.2025 13:41:40.552] [Render thread/INFO] [net.minecraft.advancements.AdvancementList/]: Forgot about advancement minecraft:recipes/misc/light_gray_dye_from_azure_bluet
[23jul.2025 13:41:40.552] [Render thread/INFO] [net.minecraft.advancements.AdvancementList/]: Forgot about advancement enhanced_playthrough:recipes/red_dye_from_primal_grinding_poppy
[23jul.2025 13:41:40.553] [Render thread/INFO] [net.minecraft.advancements.AdvancementList/]: Forgot about advancement enhanced_playthrough:recipes/light_gray_dye_from_primal_grinding_azure_bluet
[23jul.2025 13:41:40.553] [Render thread/INFO] [net.minecraft.advancements.AdvancementList/]: Forgot about advancement enhanced_playthrough:recipes/blue_dye_from_mechanical_grinding_cornflower
[23jul.2025 13:41:40.553] [Render thread/WARN] [net.minecraft.advancements.AdvancementList/]: Told to remove advancement enhanced_playthrough:polish_ruby but I don't know what that is
[23jul.2025 13:41:40.553] [Render thread/WARN] [net.minecraft.advancements.AdvancementList/]: Told to remove advancement enhanced_playthrough:bubbles but I don't know what that is
[23jul.2025 13:41:40.553] [Render thread/INFO] [net.minecraft.advancements.AdvancementList/]: Forgot about advancement minecraft:recipes/misc/black_dye_from_wither_rose
[23jul.2025 13:41:40.553] [Render thread/WARN] [net.minecraft.advancements.AdvancementList/]: Told to remove advancement enhanced_playthrough:polish_emerald but I don't know what that is
[23jul.2025 13:41:40.553] [Render thread/WARN] [net.minecraft.advancements.AdvancementList/]: Told to remove advancement enhanced_playthrough:polish_sapphire but I don't know what that is
[23jul.2025 13:41:40.553] [Render thread/WARN] [net.minecraft.advancements.AdvancementList/]: Told to remove advancement enhanced_playthrough:the_aluminated but I don't know what that is
[23jul.2025 13:41:40.553] [Render thread/WARN] [net.minecraft.advancements.AdvancementList/]: Told to remove advancement enhanced_playthrough:the_goldenpuff_girls but I don't know what that is
[23jul.2025 13:41:40.553] [Render thread/INFO] [net.minecraft.advancements.AdvancementList/]: Forgot about advancement minecraft:recipes/misc/cyan_dye_from_pitcher_plant
[23jul.2025 13:41:40.553] [Render thread/INFO] [net.minecraft.advancements.AdvancementList/]: Forgot about advancement enhanced_playthrough:recipes/blue_gold_dust_from_mechanical_grinding
[23jul.2025 13:41:40.553] [Render thread/INFO] [net.minecraft.advancements.AdvancementList/]: Forgot about advancement minecraft:recipes/misc/light_gray_dye_from_oxeye_daisy
[23jul.2025 13:41:40.554] [Render thread/INFO] [net.minecraft.advancements.AdvancementList/]: Forgot about advancement enhanced_playthrough:recipes/cyan_dye_from_primal_grinding_pitcher_plant
[23jul.2025 13:41:40.554] [Render thread/INFO] [net.minecraft.advancements.AdvancementList/]: Forgot about advancement enhanced_playthrough:recipes/cyan_dye_from_mechanical_grinding_pitcher_plant
[23jul.2025 13:41:40.554] [Render thread/INFO] [net.minecraft.advancements.AdvancementList/]: Forgot about advancement minecraft:recipes/misc/orange_dye_from_torchflower
[23jul.2025 13:41:40.554] [Render thread/INFO] [net.minecraft.advancements.AdvancementList/]: Forgot about advancement minecraft:recipes/misc/pink_dye_from_pink_tulip
[23jul.2025 13:41:40.554] [Render thread/INFO] [net.minecraft.advancements.AdvancementList/]: Forgot about advancement enhanced_playthrough:recipes/misc/blue_gold_nugget_from_blasting
[23jul.2025 13:41:40.554] [Render thread/INFO] [net.minecraft.advancements.AdvancementList/]: Forgot about advancement minecraft:recipes/misc/white_dye_from_lily_of_the_valley
[23jul.2025 13:41:40.554] [Render thread/INFO] [net.minecraft.advancements.AdvancementList/]: Forgot about advancement enhanced_playthrough:recipes/light_gray_dye_from_mechanical_grinding_oxeye_daisy
[23jul.2025 13:41:40.554] [Render thread/INFO] [net.minecraft.advancements.AdvancementList/]: Forgot about advancement enhanced_playthrough:recipes/yellow_dye_from_mechanical_grinding_dandelion
[23jul.2025 13:41:40.554] [Render thread/INFO] [net.minecraft.advancements.AdvancementList/]: Forgot about advancement enhanced_playthrough:recipes/red_dye_from_mechanical_grinding_rose_bush
[23jul.2025 13:41:40.554] [Render thread/WARN] [net.minecraft.advancements.AdvancementList/]: Told to remove advancement enhanced_playthrough:buttercup but I don't know what that is
[23jul.2025 13:41:40.554] [Render thread/INFO] [net.minecraft.advancements.AdvancementList/]: Forgot about advancement enhanced_playthrough:recipes/tools/brass_pickaxe
[23jul.2025 13:41:40.554] [Render thread/INFO] [net.minecraft.advancements.AdvancementList/]: Forgot about advancement enhanced_playthrough:recipes/orange_dye_from_primal_grinding_torchflower
[23jul.2025 13:41:40.554] [Render thread/WARN] [net.minecraft.advancements.AdvancementList/]: Told to remove advancement enhanced_playthrough:blossom but I don't know what that is
[23jul.2025 13:41:40.554] [Render thread/INFO] [net.minecraft.advancements.AdvancementList/]: Forgot about advancement enhanced_playthrough:recipes/pink_dye_from_primal_grinding_pink_tulip
[23jul.2025 13:41:40.554] [Render thread/INFO] [net.minecraft.advancements.AdvancementList/]: Loaded 2 advancements
[23jul.2025 13:41:43.113] [Server thread/INFO] [net.minecraft.client.server.IntegratedServer/]: Saving and pausing game...
[23jul.2025 13:41:43.154] [Server thread/INFO] [net.minecraft.server.MinecraftServer/]: Saving chunks for level 'ServerLevel[EMT 2-tfu-khj]'/minecraft:overworld
[23jul.2025 13:41:43.169] [Server thread/INFO] [net.minecraft.server.MinecraftServer/]: Saving chunks for level 'ServerLevel[EMT 2-tfu-khj]'/minecraft:the_nether
[23jul.2025 13:41:43.174] [Server thread/INFO] [net.minecraft.server.MinecraftServer/]: Saving chunks for level 'ServerLevel[EMT 2-tfu-khj]'/minecraft:the_end
[23jul.2025 13:41:45.938] [Server thread/INFO] [net.minecraft.server.MinecraftServer/]: [Dev: Se eliminaron 580 objeto(s) del jugador Dev]
[23jul.2025 13:41:45.947] [Render thread/INFO] [net.minecraft.client.gui.components.ChatComponent/]: [System] [CHAT] Se eliminaron 580 objeto(s) del jugador Dev
[23jul.2025 13:41:51.963] [Server thread/INFO] [net.minecraft.client.server.IntegratedServer/]: Saving and pausing game...
[23jul.2025 13:41:52.027] [Server thread/INFO] [net.minecraft.server.MinecraftServer/]: Saving chunks for level 'ServerLevel[EMT 2-tfu-khj]'/minecraft:overworld
[23jul.2025 13:41:52.058] [Server thread/INFO] [net.minecraft.server.MinecraftServer/]: Saving chunks for level 'ServerLevel[EMT 2-tfu-khj]'/minecraft:the_nether
[23jul.2025 13:41:52.061] [Server thread/INFO] [net.minecraft.server.MinecraftServer/]: Saving chunks for level 'ServerLevel[EMT 2-tfu-khj]'/minecraft:the_end
[23jul.2025 13:41:53.124] [Render thread/INFO] [mezz.jei.forge.startup.StartEventObserver/]: JEI StartEventObserver received class net.minecraftforge.client.event.ClientPlayerNetworkEvent$LoggingOut
[23jul.2025 13:41:53.124] [Render thread/INFO] [mezz.jei.forge.startup.StartEventObserver/]: JEI StartEventObserver transitioning state from JEI_STARTED to DISABLED
[23jul.2025 13:41:53.125] [Render thread/INFO] [mezz.jei.library.startup.JeiStarter/]: Stopping JEI
[23jul.2025 13:41:53.126] [Render thread/INFO] [mezz.jei.library.load.PluginCaller/]: Sending Runtime Unavailable...
[23jul.2025 13:41:53.129] [Render thread/INFO] [mezz.jei.forge.plugins.forge.ForgeGuiPlugin/]: Stopping JEI GUI
[23jul.2025 13:41:53.141] [Render thread/INFO] [mezz.jei.library.load.PluginCaller/]: Sending Runtime Unavailable took 11.78 ms
[23jul.2025 13:41:53.185] [Server thread/INFO] [net.minecraft.server.network.ServerGamePacketListenerImpl/]: Dev lost connection: Desconectado/a
[23jul.2025 13:41:53.186] [Server thread/INFO] [net.minecraft.server.MinecraftServer/]: Dev se desconectó
[23jul.2025 13:41:53.212] [Server thread/INFO] [net.minecraft.server.network.ServerGamePacketListenerImpl/]: Stopping singleplayer server as player logged out
[23jul.2025 13:41:53.307] [Server thread/INFO] [net.minecraft.server.MinecraftServer/]: Stopping server
[23jul.2025 13:41:53.311] [Server thread/INFO] [net.minecraft.server.MinecraftServer/]: Saving players
[23jul.2025 13:41:53.315] [Server thread/INFO] [net.minecraft.server.MinecraftServer/]: Saving worlds
[23jul.2025 13:41:55.869] [Server thread/INFO] [net.minecraft.server.MinecraftServer/]: Saving chunks for level 'ServerLevel[EMT 2-tfu-khj]'/minecraft:overworld
[23jul.2025 13:41:57.135] [Server thread/INFO] [net.minecraft.server.MinecraftServer/]: Saving chunks for level 'ServerLevel[EMT 2-tfu-khj]'/minecraft:the_nether
[23jul.2025 13:41:57.136] [Server thread/INFO] [net.minecraft.server.MinecraftServer/]: Saving chunks for level 'ServerLevel[EMT 2-tfu-khj]'/minecraft:the_end
[23jul.2025 13:41:57.173] [Server thread/INFO] [net.minecraft.server.MinecraftServer/]: ThreadedAnvilChunkStorage (EMT 2-tfu-khj): All chunks are saved
[23jul.2025 13:41:57.173] [Server thread/INFO] [net.minecraft.server.MinecraftServer/]: ThreadedAnvilChunkStorage (DIM-1): All chunks are saved
[23jul.2025 13:41:57.173] [Server thread/INFO] [net.minecraft.server.MinecraftServer/]: ThreadedAnvilChunkStorage (DIM1): All chunks are saved
[23jul.2025 13:41:57.173] [Server thread/INFO] [net.minecraft.server.MinecraftServer/]: ThreadedAnvilChunkStorage: All dimensions are saved
[23jul.2025 13:41:59.709] [Render thread/INFO] [net.minecraft.client.Minecraft/]: Stopping!
